{"type": "FeatureCollection", "features": [{"type": "Feature", "geometry": {"type": "Polygon", "coordinates": [[[127.14856862773429, 37.5457794126824], [127.14836639251051, 37.545165864194935], [127.15040712668085, 37.54571037936206], [127.15128170919559, 37.544781252672166], [127.15188168949773, 37.54490691056703], [127.15217161383491, 37.54418462190389], [127.15359981420791, 37.543646701494396], [127.15404493441548, 37.54239628347628], [127.15454630273788, 37.54229061304295], [127.1568321414397, 37.54339021706592], [127.15855910834173, 37.54260885723534], [127.15917021631353, 37.542815834133286], [127.16040241641528, 37.54159784434128], [127.1417578770266, 37.53384758270391], [127.13859003843626, 37.53398419827522], [127.1342912354596, 37.53527133472652], [127.1370840513314, 37.540826721254696], [127.13791437516116, 37.54116391867609], [127.14117684238268, 37.540981033453114], [127.1427327730166, 37.54507109225151], [127.14576152926101, 37.54436156131692], [127.14563535749431, 37.54485585272252], [127.14678125719952, 37.545501472955856], [127.14714957418981, 37.54542359039724], [127.1475976537539, 37.545991787543755], [127.14856862773429, 37.5457794126824]]]}, "properties": {"name": "길동", "gu": "강동구", "total_spaces": 18940}}, {"type": "Feature", "geometry": {"type": "Polygon", "coordinates": [[[127.12754574627618, 37.55012031070777], [127.13457799634404, 37.54712046235619], [127.13052406429001, 37.54158921328551], [127.12934462852361, 37.54075538895227], [127.12794038180729, 37.54047252496187], [127.1274859851684, 37.53908857982994], [127.12642337352554, 37.53765994626188], [127.12161019573631, 37.53915664424193], [127.11850034248997, 37.54093021523939], [127.10956441552052, 37.54346995291431], [127.1120718502943, 37.54754546274913], [127.11244447368281, 37.54950730253723], [127.12000227031953, 37.54944167832177], [127.12335202091694, 37.54994817416636], [127.12290736605594, 37.54877621797693], [127.12673749228175, 37.54789262636984], [127.12754574627618, 37.55012031070777]]]}, "properties": {"name": "천호2동", "gu": "강동구", "total_spaces": 17689}}, {"type": "Feature", "geometry": {"type": "Polygon", "coordinates": [[[127.14447180664706, 37.55477041396296], [127.14319037260144, 37.554612314258456], [127.142727441579, 37.55377382206064], [127.14031274927328, 37.551331623305245], [127.14119847235052, 37.55077449899873], [127.13794474336086, 37.55026192283129], [127.13731658787569, 37.54991858115663], [127.13457799634404, 37.54712046235619], [127.12754574627618, 37.55012031070777], [127.12919330233241, 37.55475835857095], [127.14447180664706, 37.55477041396296]]]}, "properties": {"name": "암사1동", "gu": "강동구", "total_spaces": 11807}}, {"type": "Feature", "geometry": {"type": "Polygon", "coordinates": [[[127.16040241641528, 37.54159784434128], [127.15703640678123, 37.5384806700215], [127.15673133425335, 37.53757613742942], [127.1552273703266, 37.53636289112737], [127.15455688663697, 37.53492555261498], [127.1535524627245, 37.53399657495706], [127.15357187861851, 37.53102102065762], [127.15326493429676, 37.529331208239576], [127.14958218363552, 37.52588254228978], [127.14949163327462, 37.52514215124766], [127.14770018644634, 37.52207114641944], [127.14580011199288, 37.52198985913657], [127.14611397823336, 37.523980673204], [127.14472901696435, 37.526535271268415], [127.13663295932521, 37.528826014260126], [127.13857236654448, 37.53398759750751], [127.14093196963229, 37.533759305917584], [127.14305322941381, 37.53426387288616], [127.16040241641528, 37.54159784434128]]]}, "properties": {"name": "둔촌2동", "gu": "강동구", "total_spaces": 11527}}, {"type": "Feature", "geometry": {"type": "Polygon", "coordinates": [[[127.13663295932521, 37.528826014260126], [127.14472901696435, 37.526535271268415], [127.14616253030901, 37.5235853024659], [127.14604895916288, 37.52262053269597], [127.1447314960085, 37.51941684833863], [127.14500365736927, 37.51690949870624], [127.13390844836123, 37.52154005578936], [127.13663295932521, 37.528826014260126]]]}, "properties": {"name": "둔촌1동", "gu": "강동구", "total_spaces": 192}}, {"type": "Feature", "geometry": {"type": "Polygon", "coordinates": [[[127.1342912354596, 37.53527133472652], [127.13857236654448, 37.53398759750751], [127.13390844836123, 37.52154005578936], [127.12874175054702, 37.52379090011744], [127.1342912354596, 37.53527133472652]]]}, "properties": {"name": "성내3동", "gu": "강동구", "total_spaces": 10998}}, {"type": "Feature", "geometry": {"type": "Polygon", "coordinates": [[[127.12321145321381, 37.53852853388192], [127.1342912354596, 37.53527133472652], [127.13182271281228, 37.530141520264856], [127.12705066171692, 37.53145960520407], [127.12726160045129, 37.53201349172227], [127.12649393827068, 37.533013845909906], [127.12579047742538, 37.531806975679494], [127.12126090337426, 37.53310739588948], [127.12321145321381, 37.53852853388192]]]}, "properties": {"name": "성내2동", "gu": "강동구", "total_spaces": 8761}}, {"type": "Feature", "geometry": {"type": "Polygon", "coordinates": [[[127.12126090337426, 37.53310739588948], [127.12579047742538, 37.531806975679494], [127.12649393827068, 37.533013845909906], [127.12726160045129, 37.53201349172227], [127.12705066171692, 37.53145960520407], [127.13182271281228, 37.530141520264856], [127.12874175054702, 37.52379090011744], [127.11911894038757, 37.52808453794649], [127.12040210549736, 37.53031968887502], [127.12126090337426, 37.53310739588948]]]}, "properties": {"name": "성내1동", "gu": "강동구", "total_spaces": 10447}}, {"type": "Feature", "geometry": {"type": "Polygon", "coordinates": [[[127.14168703172551, 37.542277293928], [127.14117684238268, 37.540981033453114], [127.13791437516116, 37.54116391867609], [127.1370840513314, 37.540826721254696], [127.1342912354596, 37.53527133472652], [127.12642337352554, 37.53765994626188], [127.1274859851684, 37.53908857982994], [127.12794038180729, 37.54047252496187], [127.12976947158936, 37.54096159336234], [127.13114566594496, 37.54239238618423], [127.13360749808984, 37.542423727008426], [127.13818864728859, 37.54342368276745], [127.1380733690922, 37.543131557013695], [127.14168703172551, 37.542277293928]]]}, "properties": {"name": "천호3동", "gu": "강동구", "total_spaces": 11757}}, {"type": "Feature", "geometry": {"type": "Polygon", "coordinates": [[[127.13457799634404, 37.54712046235619], [127.13794474336086, 37.55026192283129], [127.14119865098922, 37.550870229005476], [127.14395089070065, 37.55078838627441], [127.14318799910882, 37.546351362105156], [127.14168703172551, 37.542277293928], [127.1380733690922, 37.543131557013695], [127.13818864728859, 37.54342368276745], [127.13360749808984, 37.542423727008426], [127.13114566594496, 37.54239238618423], [127.13457799634404, 37.54712046235619]]]}, "properties": {"name": "천호1동", "gu": "강동구", "total_spaces": 10414}}, {"type": "Feature", "geometry": {"type": "Polygon", "coordinates": [[[127.13382481238813, 37.568445191021354], [127.14133145172019, 37.57027680720997], [127.14239025818979, 37.56909919697008], [127.14361719750937, 37.566602835547975], [127.14523063279616, 37.565476337171155], [127.14525506267563, 37.564200001486775], [127.14603781254428, 37.56374263914607], [127.14684522872035, 37.56178565861023], [127.14761404417578, 37.56100253910756], [127.14594371282128, 37.560436689576406], [127.14407478749473, 37.558650779350465], [127.1447937377903, 37.55777848374746], [127.14447180664706, 37.55477041396296], [127.12919330233241, 37.55475835857095], [127.13104005912, 37.559629292199645], [127.13233077881037, 37.56152388776297], [127.13343997277104, 37.564942467988516], [127.13382481238813, 37.568445191021354]]]}, "properties": {"name": "암사3동", "gu": "강동구", "total_spaces": 8095}}, {"type": "Feature", "geometry": {"type": "Polygon", "coordinates": [[[127.11308335990931, 37.560331249663754], [127.11548274716962, 37.55985115241126], [127.11668270580563, 37.56002061294688], [127.11935559142435, 37.56265787308282], [127.1222391894481, 37.56424013669468], [127.13382481238813, 37.568445191021354], [127.13343997277104, 37.564942467988516], [127.13233077881037, 37.56152388776297], [127.13060772900366, 37.55863192020873], [127.12673749228175, 37.54789262636984], [127.12290736605594, 37.54877621797693], [127.12335202091694, 37.54994817416636], [127.12000227031953, 37.54944167832177], [127.11244447368281, 37.54950730253723], [127.11388950996786, 37.55333035911563], [127.11389689046953, 37.558598889570554], [127.11308335990931, 37.560331249663754]]]}, "properties": {"name": "암사2동", "gu": "강동구", "total_spaces": 7008}}, {"type": "Feature", "geometry": {"type": "Polygon", "coordinates": [[[127.15299397623025, 37.5737331908412], [127.16157033635582, 37.57780418794605], [127.16535476094548, 37.573918843334894], [127.16742019978948, 37.57099760680943], [127.16502825332488, 37.56906635551643], [127.16599902141573, 37.56655547559422], [127.16553327399865, 37.56547015177514], [127.1659367883395, 37.565116515952916], [127.16712093859577, 37.56492593513723], [127.17049296931222, 37.562399235719006], [127.1703507890212, 37.561931488345984], [127.1714869997208, 37.557324117074295], [127.1565790312604, 37.555375410706944], [127.15692705384912, 37.562962405475226], [127.1564371063105, 37.563609789940465], [127.15654921441312, 37.564967882294305], [127.15567187131781, 37.565669549124344], [127.15639665833602, 37.56688071069569], [127.1563633362328, 37.56735827784463], [127.15593520127872, 37.56797883062187], [127.15531544034627, 37.56821811969197], [127.15435455009612, 37.56804536425687], [127.15337799372526, 37.56738439849795], [127.15299397623025, 37.5737331908412]]]}, "properties": {"name": "고덕2동", "gu": "강동구", "total_spaces": 15428}}, {"type": "Feature", "geometry": {"type": "Polygon", "coordinates": [[[127.14133145172019, 37.57027680720997], [127.14718979200568, 37.57171946896125], [127.15299397623025, 37.5737331908412], [127.15337799372526, 37.56738439849795], [127.15435455009612, 37.56804536425687], [127.15531544034627, 37.56821811969197], [127.15593520127872, 37.56797883062187], [127.1563633362328, 37.56735827784463], [127.15639665833602, 37.56688071069569], [127.15567187131781, 37.565669549124344], [127.15654921441312, 37.564967882294305], [127.1564371063105, 37.563609789940465], [127.15692705384912, 37.562962405475226], [127.1565790312604, 37.555375410706944], [127.15140532455975, 37.55468523228502], [127.14447180664706, 37.55477041396296], [127.1447937377903, 37.55777848374746], [127.14407478749473, 37.558650779350465], [127.14594371282128, 37.560436689576406], [127.14761332580305, 37.56099690881731], [127.14761983825022, 37.56125283784484], [127.14684522872035, 37.56178565861023], [127.14603781254428, 37.56374263914607], [127.14525506267563, 37.564200001486775], [127.14523063279616, 37.565476337171155], [127.14361719750937, 37.566602835547975], [127.14239025818979, 37.56909919697008], [127.14133145172019, 37.57027680720997]]]}, "properties": {"name": "고덕1동", "gu": "강동구", "total_spaces": 11867}}, {"type": "Feature", "geometry": {"type": "Polygon", "coordinates": [[[127.15021156066246, 37.55469293586861], [127.1565790312604, 37.555375410706944], [127.15593964781594, 37.546223596575196], [127.15901064771228, 37.54554520547213], [127.16251328942393, 37.54590566505633], [127.16319297348345, 37.54501866825272], [127.16040241641528, 37.54159784434128], [127.15917021631353, 37.542815834133286], [127.15855910834173, 37.54260885723534], [127.1568321414397, 37.54339021706592], [127.15454630273788, 37.54229061304295], [127.15404493441548, 37.54239628347628], [127.15359981420791, 37.543646701494396], [127.15228372664792, 37.544105923654804], [127.15188168949773, 37.54490691056703], [127.15128170919559, 37.544781252672166], [127.15040712668085, 37.54571037936206], [127.14836639251051, 37.545165864194935], [127.14922404863215, 37.54828363066589], [127.15021156066246, 37.55469293586861]]]}, "properties": {"name": "명일2동", "gu": "강동구", "total_spaces": 7395}}, {"type": "Feature", "geometry": {"type": "Polygon", "coordinates": [[[127.14319037260144, 37.554612314258456], [127.15021156066246, 37.55469293586861], [127.14856862773429, 37.5457794126824], [127.1475976537539, 37.545991787543755], [127.14714957418981, 37.54542359039724], [127.14678125719952, 37.545501472955856], [127.14563535749431, 37.54485585272252], [127.14576152926101, 37.54436156131692], [127.1427327730166, 37.54507109225151], [127.14395089070065, 37.55078838627441], [127.14142115602888, 37.550809993433404], [127.14066846860045, 37.55092604061206], [127.14031274927328, 37.551331623305245], [127.142727441579, 37.55377382206064], [127.14319037260144, 37.554612314258456]]]}, "properties": {"name": "명일1동", "gu": "강동구", "total_spaces": 11325}}, {"type": "Feature", "geometry": {"type": "Polygon", "coordinates": [[[127.1565790312604, 37.555375410706944], [127.1714869997208, 37.557324117074295], [127.1741272757328, 37.54541089057653], [127.17231961671956, 37.545577386628814], [127.16955651591526, 37.54481691631767], [127.1671686962983, 37.54527557189159], [127.16664543330205, 37.54443359664938], [127.16618711215604, 37.54425431998443], [127.16319297348345, 37.54501866825272], [127.16251328942393, 37.54590566505633], [127.15901064771228, 37.54554520547213], [127.15593964781594, 37.546223596575196], [127.1565790312604, 37.555375410706944]]]}, "properties": {"name": "상일동", "gu": "강동구", "total_spaces": null}}, {"type": "Feature", "geometry": {"type": "Polygon", "coordinates": [[[127.16157033635582, 37.57780418794605], [127.16471449258262, 37.579521047829914], [127.16827043799083, 37.5792618317353], [127.17395299695212, 37.57958196497775], [127.17766725185308, 37.58083476375414], [127.17662631142915, 37.578975214339636], [127.1755098278876, 37.57837968057115], [127.17535958638693, 37.5772863304318], [127.17605921605059, 37.57427882024493], [127.17783435493419, 37.57210677609124], [127.17782294697071, 37.57146906350523], [127.17923301879824, 37.56881748481333], [127.17976291763992, 37.565038733279806], [127.1819691972661, 37.560941236329754], [127.18138951038193, 37.552852366688775], [127.18314573954865, 37.551685430934825], [127.18269039935257, 37.54809681164641], [127.18282566191552, 37.54656351264066], [127.18355179936896, 37.54582639890677], [127.18331509652941, 37.545407802905835], [127.18152957638112, 37.54521372800604], [127.18013113429168, 37.546443732717535], [127.17904634033823, 37.546641333947115], [127.17559061263307, 37.54521446646978], [127.1741272757328, 37.54541089057653], [127.1703507890212, 37.561931488345984], [127.17049296931222, 37.562399235719006], [127.16712093859577, 37.56492593513723], [127.1659367883395, 37.565116515952916], [127.16553327399865, 37.56547015177514], [127.16599902141573, 37.56655547559422], [127.16502825332488, 37.56906635551643], [127.16742019978948, 37.57099760680943], [127.16535476094548, 37.573918843334894], [127.16157033635582, 37.57780418794605]]]}, "properties": {"name": "강일동", "gu": "강동구", "total_spaces": 14805}}, {"type": "Feature", "geometry": {"type": "Polygon", "coordinates": [[[127.09043792658869, 37.52600213108127], [127.10096084923929, 37.51207955392849], [127.10402643985516, 37.50874915801572], [127.10028572771202, 37.50683716258512], [127.09802572771464, 37.50645300942774], [127.08868476758147, 37.507893420217904], [127.08751440647133, 37.508401933661766], [127.0864237181353, 37.509367071151125], [127.0854989830338, 37.511626418836116], [127.08877043750653, 37.51150382096815], [127.09255026674573, 37.51191345612357], [127.0885130844862, 37.52319583968013], [127.08851963801729, 37.525490837470294], [127.09043792658869, 37.52600213108127]]]}, "properties": {"name": "잠실3동", "gu": "송파구", "total_spaces": 13011}}, {"type": "Feature", "geometry": {"type": "Polygon", "coordinates": [[[127.07257698386499, 37.52377694455398], [127.07758024282315, 37.52357504653593], [127.08428502569146, 37.524420289293474], [127.08851963801729, 37.525490837470294], [127.0885130844862, 37.52319583968013], [127.09255026674573, 37.51191345612357], [127.08877043750653, 37.51150382096815], [127.07832582471505, 37.511870346453094], [127.07315559599508, 37.511109155597296], [127.06880357779451, 37.510002643716085], [127.0687443195758, 37.510334920118254], [127.0684631042977, 37.51028439874034], [127.06715834978529, 37.51998041425103], [127.06649636747352, 37.52092992270274], [127.066961842132, 37.52508128214817], [127.07257698386499, 37.52377694455398]]]}, "properties": {"name": "잠실2동", "gu": "송파구", "total_spaces": 3654}}, {"type": "Feature", "geometry": {"type": "Polygon", "coordinates": [[[127.06880357779451, 37.510002643716085], [127.07315559599508, 37.511109155597296], [127.07832582471505, 37.511870346453094], [127.07947416734889, 37.506731094916624], [127.07318129828977, 37.5021306991425], [127.07121248974167, 37.50351603549157], [127.06980656836785, 37.50504432965601], [127.06880357779451, 37.510002643716085]]]}, "properties": {"name": "잠실7동", "gu": "송파구", "total_spaces": 13540}}, {"type": "Feature", "geometry": {"type": "Polygon", "coordinates": [[[127.09811760648903, 37.52755876183021], [127.10301498885399, 37.522007062079645], [127.10664910838162, 37.5155124922861], [127.10809067572407, 37.511975071673945], [127.10402643985516, 37.50874915801572], [127.10096084923929, 37.51207955392849], [127.09043792658869, 37.52600213108127], [127.09225086686064, 37.526786025258595], [127.09811760648903, 37.52755876183021]]]}, "properties": {"name": "잠실6동", "gu": "송파구", "total_spaces": 4000}}, {"type": "Feature", "geometry": {"type": "Polygon", "coordinates": [[[127.09895722842055, 37.527953664892955], [127.10481710807784, 37.52389139467154], [127.11640472346424, 37.52396347092616], [127.11268050545242, 37.517571940012566], [127.10664910838162, 37.5155124922861], [127.10301498885399, 37.522007062079645], [127.09811760648903, 37.52755876183021], [127.09895722842055, 37.527953664892955]]]}, "properties": {"name": "잠실4동", "gu": "송파구", "total_spaces": 13736}}, {"type": "Feature", "geometry": {"type": "Polygon", "coordinates": [[[127.0854989830338, 37.511626418836116], [127.08611410055279, 37.50983806424386], [127.08722692663191, 37.50859585699334], [127.08868476758147, 37.507893420217904], [127.09072262207947, 37.507532063131976], [127.08362908746804, 37.49926435556254], [127.07437248775034, 37.50141733718399], [127.07318129828977, 37.5021306991425], [127.07947416734889, 37.506731094916624], [127.07832582471505, 37.511870346453094], [127.0854989830338, 37.511626418836116]]]}, "properties": {"name": "잠실본동", "gu": "송파구", "total_spaces": 19064}}, {"type": "Feature", "geometry": {"type": "Polygon", "coordinates": [[[127.13796268826633, 37.49430224725016], [127.13899782312635, 37.49397077479564], [127.13802811635315, 37.49083670323184], [127.14228681578109, 37.48971728208972], [127.1421809524645, 37.48922805270778], [127.14268308346392, 37.489050351070574], [127.14015410780233, 37.4843399885557], [127.14067006794231, 37.4833465920178], [127.14253013529452, 37.48184027865599], [127.14936493191563, 37.48026080386717], [127.14938678448073, 37.47844103568956], [127.1464611237043, 37.47662182200819], [127.14204510201303, 37.47650045293499], [127.14170386222438, 37.47453554797231], [127.14076727693518, 37.47470728262667], [127.14000863909246, 37.4741529316808], [127.13994652155014, 37.47370644529336], [127.13900713925514, 37.47340852191348], [127.13420213054059, 37.4749552916704], [127.13310621914769, 37.47574742793152], [127.13070252801043, 37.47538264037345], [127.13096169938399, 37.471716122255735], [127.13068769511003, 37.47179300730057], [127.13064856451986, 37.471430114975064], [127.13231735552594, 37.470999177118316], [127.13539546915443, 37.46927931972352], [127.13266751007096, 37.46790412572675], [127.12873071382185, 37.4679087108014], [127.12658946309723, 37.46885057372998], [127.12701978775057, 37.47638728442514], [127.12533871187533, 37.48038415517695], [127.12416666601048, 37.48236560907219], [127.12639755063277, 37.48280757840921], [127.1261533940443, 37.48514030176051], [127.12665587201317, 37.48632937277486], [127.12808661030907, 37.48647820322617], [127.12980920944662, 37.48724529275862], [127.13796268826633, 37.49430224725016]]]}, "properties": {"name": "장지동", "gu": "송파구", "total_spaces": 18433}}, {"type": "Feature", "geometry": {"type": "Polygon", "coordinates": [[[127.11876738278957, 37.49262728832506], [127.12108357412201, 37.48899788014335], [127.12701978775057, 37.47638728442514], [127.12658946309723, 37.46885057372998], [127.12498008667946, 37.46952829990656], [127.12518491454883, 37.46702442331817], [127.12229332648894, 37.465213581316995], [127.12230152533255, 37.46723604413534], [127.12151401630643, 37.46881867013181], [127.11169550008239, 37.48244040305673], [127.11103551463843, 37.48293487780935], [127.1122758580177, 37.48353851851812], [127.11063823381306, 37.485627548320785], [127.10995661503846, 37.487313328254686], [127.10814626795448, 37.48930365222695], [127.11876738278957, 37.49262728832506]]]}, "properties": {"name": "문정2동", "gu": "송파구", "total_spaces": 18135}}, {"type": "Feature", "geometry": {"type": "Polygon", "coordinates": [[[127.13355140625983, 37.49053122754672], [127.12978674869025, 37.48723152057958], [127.12808661030907, 37.48647820322617], [127.12665587201317, 37.48632937277486], [127.1261533940443, 37.48514030176051], [127.12639755063277, 37.48280757840921], [127.12416666601048, 37.48236560907219], [127.12108357412201, 37.48899788014335], [127.12154097887569, 37.488993474500596], [127.12961359246745, 37.493221667109154], [127.13355140625983, 37.49053122754672]]]}, "properties": {"name": "문정1동", "gu": "송파구", "total_spaces": 14666}}, {"type": "Feature", "geometry": {"type": "Polygon", "coordinates": [[[127.13927619866291, 37.49565728943733], [127.13907107896999, 37.49537821880349], [127.13817821330825, 37.49593224298726], [127.13768484338996, 37.495614084335116], [127.13796268826633, 37.49430224725016], [127.13355140625983, 37.49053122754672], [127.12961359246745, 37.493221667109154], [127.12625532258929, 37.49151110908533], [127.1233462408432, 37.494974263462964], [127.12437557263358, 37.49569315203896], [127.1266449100027, 37.500305009126706], [127.12812483254059, 37.50200660025285], [127.13067742828612, 37.50030996079617], [127.13927619866291, 37.49565728943733]]]}, "properties": {"name": "가락2동", "gu": "송파구", "total_spaces": 10575}}, {"type": "Feature", "geometry": {"type": "Polygon", "coordinates": [[[127.11479565628241, 37.49820637621037], [127.11462738884212, 37.49723458510391], [127.11876738278957, 37.49262728832506], [127.10814626795448, 37.48930365222695], [127.10364711666026, 37.49273311555252], [127.09674058779517, 37.495830719429925], [127.09761866647936, 37.49742562130876], [127.10972958658475, 37.50102561895907], [127.1107438198006, 37.49990322428124], [127.11162221655582, 37.50039626860109], [127.11355387044561, 37.49823261937717], [127.11479565628241, 37.49820637621037]]]}, "properties": {"name": "가락1동", "gu": "송파구", "total_spaces": 12979}}, {"type": "Feature", "geometry": {"type": "Polygon", "coordinates": [[[127.12390422971268, 37.505370924753436], [127.12372678666398, 37.50481502407283], [127.12812483254059, 37.50200660025285], [127.1266449100027, 37.500305009126706], [127.12437557263358, 37.49569315203896], [127.1233462408432, 37.494974263462964], [127.12625532258929, 37.49151110908533], [127.12154097887569, 37.488993474500596], [127.12108357412201, 37.48899788014335], [127.11917704005569, 37.49213076823839], [127.11462738884212, 37.49723458510391], [127.11479565628241, 37.49820637621037], [127.11983683834833, 37.50090865349098], [127.12253812712673, 37.50311561467556], [127.12323312263317, 37.503987460641255], [127.12243274387306, 37.505376381913656], [127.12390422971268, 37.505370924753436]]]}, "properties": {"name": "가락본동", "gu": "송파구", "total_spaces": 8640}}, {"type": "Feature", "geometry": {"type": "Polygon", "coordinates": [[[127.09731384734307, 37.50653862048796], [127.09656353022305, 37.49721474014977], [127.09734417184337, 37.49694240205784], [127.09674058779517, 37.495830719429925], [127.08362908746804, 37.49926435556254], [127.09072262207947, 37.507532063131976], [127.09731384734307, 37.50653862048796]]]}, "properties": {"name": "삼전동", "gu": "송파구", "total_spaces": 11743}}, {"type": "Feature", "geometry": {"type": "Polygon", "coordinates": [[[127.10402643985516, 37.50874915801572], [127.11162221655582, 37.50039626860109], [127.1107438198006, 37.49990322428124], [127.10972958658475, 37.50102561895907], [127.09761866647936, 37.49742562130876], [127.09734417184337, 37.49694240205784], [127.09656353022305, 37.49721474014977], [127.09731384734307, 37.50653862048796], [127.0998771534523, 37.50669925669208], [127.10402643985516, 37.50874915801572]]]}, "properties": {"name": "석촌동", "gu": "송파구", "total_spaces": 14185}}, {"type": "Feature", "geometry": {"type": "Polygon", "coordinates": [[[127.12243274387306, 37.505376381913656], [127.12323312263317, 37.503987460641255], [127.12166207286766, 37.50227435743448], [127.1183670339267, 37.50000939973361], [127.11492853803617, 37.49821019059271], [127.11355387044561, 37.49823261937717], [127.11014606185392, 37.50199127567949], [127.1119833378984, 37.50263631962112], [127.11380829264243, 37.503764506678756], [127.1166594593393, 37.507761064506354], [127.12243274387306, 37.505376381913656]]]}, "properties": {"name": "송파2동", "gu": "송파구", "total_spaces": 12436}}, {"type": "Feature", "geometry": {"type": "Polygon", "coordinates": [[[127.10402643985516, 37.50874915801572], [127.10809067572407, 37.511975071673945], [127.11225944776952, 37.51035620060954], [127.1166594593393, 37.507761064506354], [127.11380829264243, 37.503764506678756], [127.1119833378984, 37.50263631962112], [127.11014606185392, 37.50199127567949], [127.10402643985516, 37.50874915801572]]]}, "properties": {"name": "송파1동", "gu": "송파구", "total_spaces": 14108}}, {"type": "Feature", "geometry": {"type": "Polygon", "coordinates": [[[127.14022685383497, 37.5083940334564], [127.14038793404683, 37.50767811481698], [127.14128323565069, 37.5069427464114], [127.14089119855252, 37.506710639728], [127.14075137858153, 37.50592947115726], [127.14113537835017, 37.50545402347091], [127.14437215777652, 37.50438782155907], [127.13981123784927, 37.495380451914144], [127.13067742828612, 37.50030996079617], [127.12372678666398, 37.50481502407283], [127.1279889226468, 37.511735262706374], [127.13962936987791, 37.50705590839441], [127.14022685383497, 37.5083940334564]]]}, "properties": {"name": "오금동", "gu": "송파구", "total_spaces": 8509}}, {"type": "Feature", "geometry": {"type": "Polygon", "coordinates": [[[127.11916151159903, 37.52806563098937], [127.14540811063434, 37.51648582039208], [127.14539870229767, 37.51609615127609], [127.14458774176545, 37.51559004469494], [127.13970241183513, 37.51552349955064], [127.14021737247407, 37.51492204445478], [127.142513127511, 37.514333116072706], [127.1434048749369, 37.513743303778156], [127.14352447000802, 37.512688994693484], [127.14206150526067, 37.51279041705552], [127.14180321815566, 37.51236838212898], [127.14112537467929, 37.51232357225148], [127.1402461265064, 37.509831945255335], [127.13997203830087, 37.5085939594911], [127.14022685383497, 37.5083940334564], [127.13962936987791, 37.50705590839441], [127.12102771133708, 37.51458825090214], [127.11255210635268, 37.517515185428074], [127.11916151159903, 37.52806563098937]]]}, "properties": {"name": "오륜동", "gu": "송파구", "total_spaces": 28610}}, {"type": "Feature", "geometry": {"type": "Polygon", "coordinates": [[[127.10664910838162, 37.5155124922861], [127.11255210635268, 37.517515185428074], [127.12102771133708, 37.51458825090214], [127.1166594593393, 37.507761064506354], [127.11225944776952, 37.51035620060954], [127.10810705066588, 37.5119322595636], [127.10664910838162, 37.5155124922861]]]}, "properties": {"name": "방이2동", "gu": "송파구", "total_spaces": 8886}}, {"type": "Feature", "geometry": {"type": "Polygon", "coordinates": [[[127.12102771133708, 37.51458825090214], [127.1279889226468, 37.511735262706374], [127.12390422971268, 37.505370924753436], [127.12243274387306, 37.505376381913656], [127.1166594593393, 37.507761064506354], [127.12102771133708, 37.51458825090214]]]}, "properties": {"name": "방이1동", "gu": "송파구", "total_spaces": 5284}}, {"type": "Feature", "geometry": {"type": "Polygon", "coordinates": [[[127.14197320153704, 37.49942873434135], [127.14437215777652, 37.50438782155907], [127.14523687610269, 37.50350238742317], [127.14768614272639, 37.503269909549026], [127.15012276165318, 37.50450968291749], [127.15189616844177, 37.50315284550705], [127.1564712113501, 37.50190074098958], [127.15761696754879, 37.50308826781209], [127.1587470483592, 37.50167079521372], [127.16055256430569, 37.501145236679825], [127.16137816046206, 37.50025072678813], [127.16137626847774, 37.499611865527974], [127.1606230399075, 37.49854970466209], [127.16055068978609, 37.497511683217105], [127.16009548658518, 37.49716006107031], [127.1587679342307, 37.49755827479102], [127.15800981210145, 37.49835722800214], [127.15654172515401, 37.49840027157918], [127.15432256717236, 37.497697568437545], [127.15419082565735, 37.49729961011374], [127.15306686992615, 37.496949104727776], [127.15203884700753, 37.496763743345426], [127.14987447073177, 37.497090840518894], [127.14897174373272, 37.4962836060478], [127.14477705930244, 37.499237565784895], [127.14197320153704, 37.49942873434135]]]}, "properties": {"name": "마천2동", "gu": "송파구", "total_spaces": 5743}}, {"type": "Feature", "geometry": {"type": "Polygon", "coordinates": [[[127.14897174373272, 37.4962836060478], [127.14987447073177, 37.497090840518894], [127.15203884700753, 37.496763743345426], [127.15419082565735, 37.49729961011374], [127.15432256717236, 37.497697568437545], [127.15654172515401, 37.49840027157918], [127.15800981210145, 37.49835722800214], [127.1587679342307, 37.49755827479102], [127.16008545790399, 37.49718034699349], [127.15980586379467, 37.49631294784057], [127.16004840244209, 37.49444558458287], [127.15973970162895, 37.49359511764061], [127.15858111226906, 37.492300632799854], [127.15828706708784, 37.49058828010232], [127.15768019019116, 37.490170963756576], [127.15255139803065, 37.49297270001429], [127.15094211524695, 37.494814473491196], [127.14897174373272, 37.4962836060478]]]}, "properties": {"name": "마천1동", "gu": "송파구", "total_spaces": 8030}}, {"type": "Feature", "geometry": {"type": "Polygon", "coordinates": [[[127.14658031527212, 37.49797988059715], [127.15032231405488, 37.495360360011354], [127.15255139803065, 37.49297270001429], [127.15768019019116, 37.490170963756576], [127.15680643051176, 37.488933522596135], [127.15613969546507, 37.488608066202076], [127.15181755532896, 37.48764563174963], [127.14936493191563, 37.48026080386717], [127.14253013529452, 37.48184027865599], [127.14067006794231, 37.4833465920178], [127.14015410780233, 37.4843399885557], [127.14335210483358, 37.49033347435237], [127.14658031527212, 37.49797988059715]]]}, "properties": {"name": "거여2동", "gu": "송파구", "total_spaces": 4265}}, {"type": "Feature", "geometry": {"type": "Polygon", "coordinates": [[[127.1417429752761, 37.499530370125065], [127.14477705930244, 37.499237565784895], [127.14658031527212, 37.49797988059715], [127.14268308346392, 37.489050351070574], [127.1421809524645, 37.48922805270778], [127.14228681578109, 37.48971728208972], [127.13802811635315, 37.49083670323184], [127.13899782312635, 37.49397077479564], [127.13796268826633, 37.49430224725016], [127.13762386930793, 37.4955080056725], [127.13817821330825, 37.49593224298726], [127.13907107896999, 37.49537821880349], [127.13927619866291, 37.49565728943733], [127.13981123784927, 37.495380451914144], [127.1417429752761, 37.499530370125065]]]}, "properties": {"name": "거여1동", "gu": "송파구", "total_spaces": 14808}}, {"type": "Feature", "geometry": {"type": "Polygon", "coordinates": [[[127.10415831257573, 37.53600329669075], [127.11093598134207, 37.53603719336416], [127.12126090337426, 37.53310739588948], [127.12040210549736, 37.53031968887502], [127.11640472346424, 37.52396347092616], [127.10481710807784, 37.52389139467154], [127.09895722842055, 37.527953664892955], [127.10415831257573, 37.53600329669075]]]}, "properties": {"name": "풍납2동", "gu": "송파구", "total_spaces": 12385}}, {"type": "Feature", "geometry": {"type": "Polygon", "coordinates": [[[127.10956441552052, 37.54346995291431], [127.11850034248997, 37.54093021523939], [127.12321145321381, 37.53852853388192], [127.12126090337426, 37.53310739588948], [127.11093598134207, 37.53603719336416], [127.10415831257573, 37.53600329669075], [127.10956441552052, 37.54346995291431]]]}, "properties": {"name": "풍납1동", "gu": "송파구", "total_spaces": 20930}}, {"type": "Feature", "geometry": {"type": "Polygon", "coordinates": [[[127.0715883075916, 37.49344715117836], [127.07266602514116, 37.49151611510931], [127.07620848950128, 37.492589497243706], [127.07721038330517, 37.490585261152965], [127.07655390571897, 37.490293136453474], [127.07804082932978, 37.48786821052013], [127.07744572781644, 37.48710218090343], [127.07807402968345, 37.48612306353528], [127.07793470759376, 37.48549723976583], [127.07605432575252, 37.483602115509086], [127.07589400871215, 37.48244780875842], [127.07481989646804, 37.48061775772802], [127.07286128778325, 37.478727979197444], [127.07337199255313, 37.477812589648984], [127.07406281887425, 37.47739826972803], [127.07437668487658, 37.47626816360615], [127.07716252395456, 37.47500951479473], [127.07594354829104, 37.47379506171015], [127.07391323505138, 37.47285815399356], [127.07265317898799, 37.47479945364817], [127.07125652758147, 37.474668233005666], [127.06980840418512, 37.47523192376513], [127.06924369919378, 37.47388581313004], [127.06767814475405, 37.47569180223703], [127.06664708644215, 37.47529818648818], [127.06578375122722, 37.4758220852596], [127.06535688163906, 37.476538331911264], [127.06578796147694, 37.4768193798557], [127.06570272636444, 37.477125485359856], [127.0651716683173, 37.477891905973436], [127.06396332730307, 37.47781765494004], [127.063781669211, 37.47816745221196], [127.06374676529073, 37.47846818000683], [127.06481070558908, 37.47906706271833], [127.06470928781631, 37.47925351175484], [127.05800192970936, 37.484819466000744], [127.05682467032686, 37.486549099908416], [127.05652108423337, 37.48766113274057], [127.05879886110016, 37.488745474401995], [127.06720793983241, 37.490446522761395], [127.07001712517584, 37.49199014239421], [127.0715883075916, 37.49344715117836]]]}, "properties": {"name": "개포2동", "gu": "강남구", "total_spaces": 19078}}, {"type": "Feature", "geometry": {"type": "Polygon", "coordinates": [[[127.0687443195758, 37.510334920118254], [127.06980656836785, 37.50504432965601], [127.07121248974167, 37.50351603549157], [127.07318129828977, 37.5021306991425], [127.07437248775034, 37.50141733718399], [127.0754909893374, 37.501200402500736], [127.07392952298439, 37.49962180686957], [127.07430309923313, 37.4974701610708], [127.0735793094189, 37.49466314758375], [127.07183597893103, 37.49302550513296], [127.0715883075916, 37.49344715117836], [127.0685294698756, 37.491011158128345], [127.06553023185597, 37.49006958672463], [127.06325254358929, 37.49441221019737], [127.06245222176416, 37.49406883805346], [127.06234459360807, 37.49425500623293], [127.06315341022928, 37.49461329746674], [127.05669191116857, 37.506854867719305], [127.06654939787452, 37.50993689453317], [127.0687443195758, 37.510334920118254]]]}, "properties": {"name": "대치2동", "gu": "강남구", "total_spaces": 28656}}, {"type": "Feature", "geometry": {"type": "Polygon", "coordinates": [[[127.04905847523659, 37.532552048637605], [127.0566128167069, 37.52907430834152], [127.06526485830376, 37.52560366093119], [127.06154852397916, 37.521726261599106], [127.05839997099137, 37.52047740714393], [127.04124175830945, 37.5173036271154], [127.03912780050467, 37.52304140873668], [127.04079744781974, 37.527791360414305], [127.04379004339664, 37.52705263801052], [127.04633841938869, 37.53348000941296], [127.04693177963165, 37.534205645626244], [127.04905847523659, 37.532552048637605]]]}, "properties": {"name": "청담동", "gu": "강남구", "total_spaces": 30947}}, {"type": "Feature", "geometry": {"type": "Polygon", "coordinates": [[[127.02485652280284, 37.53764767090113], [127.02985695484544, 37.538864325016135], [127.04596165163977, 37.53250285526803], [127.04379004339664, 37.52705263801052], [127.04079744781974, 37.527791360414305], [127.03912235870156, 37.52346853848052], [127.03917810743584, 37.52290539874583], [127.02807812405392, 37.51958402463783], [127.02856431597152, 37.52730825825064], [127.02834986083037, 37.5272004693799], [127.02524311285133, 37.530236640531285], [127.02156483559048, 37.53553094168207], [127.02485652280284, 37.53764767090113]]]}, "properties": {"name": "압구정동", "gu": "강남구", "total_spaces": 21078}}, {"type": "Feature", "geometry": {"type": "Polygon", "coordinates": [[[127.1100324481276, 37.483188646673085], [127.11169550008239, 37.48244040305673], [127.11960529088846, 37.47168240324097], [127.12230152533255, 37.46723604413534], [127.12240254634598, 37.465585696749514], [127.121463226746, 37.46433538503813], [127.11718027819549, 37.46182247459078], [127.11674721922972, 37.458594204580535], [127.11560176987348, 37.45859503428793], [127.11364388301682, 37.45973780513957], [127.11287834282737, 37.46048467330263], [127.11339685475288, 37.46107124423488], [127.10630697543542, 37.462538215018625], [127.10559580583978, 37.46219223842812], [127.10432381092619, 37.46216660324222], [127.10481603945408, 37.46114747603686], [127.10403520098343, 37.46059516450482], [127.10350193983517, 37.45962535661961], [127.10043934851832, 37.45903836484349], [127.09983472160805, 37.45935957074866], [127.09813652514207, 37.458704927218754], [127.09684828629207, 37.459607541245695], [127.09599591498787, 37.462499042195056], [127.09501662657856, 37.46365732979505], [127.09336017074763, 37.46439632576608], [127.0921008827389, 37.46556156366986], [127.09126991432076, 37.467062931939424], [127.09031340600241, 37.46698509828334], [127.08925932839324, 37.46805188538108], [127.0882867937072, 37.468329098893555], [127.08787618281897, 37.469750732338696], [127.08621178472372, 37.470363492823836], [127.08449151940583, 37.47287203536549], [127.08516188379079, 37.47527329758327], [127.08668805219519, 37.47602904931469], [127.08864217859444, 37.475949068529985], [127.08910424817209, 37.476375576713174], [127.08978814908508, 37.47631593954028], [127.08998664312483, 37.476868499570635], [127.09154594221852, 37.47763796009645], [127.09257614994887, 37.47719652441793], [127.09734287027345, 37.47808024181845], [127.09728820563925, 37.4803708012659], [127.09768557414029, 37.48180532318934], [127.09949352873258, 37.48318490367691], [127.10040942143479, 37.483513569155534], [127.10087046784193, 37.48334846813913], [127.10179554093442, 37.48459191257951], [127.10262085698368, 37.48493950236215], [127.10259743600135, 37.486044656010215], [127.10297722261605, 37.48626901750597], [127.10560310219216, 37.48274128634589], [127.1100324481276, 37.483188646673085]]]}, "properties": {"name": "세곡동", "gu": "강남구", "total_spaces": 22561}}, {"type": "Feature", "geometry": {"type": "Polygon", "coordinates": [[[127.10196541390636, 37.49363780926635], [127.10568262806294, 37.4914147527744], [127.10905943442991, 37.48851473107674], [127.11016984613549, 37.486939780344194], [127.11063823381306, 37.485627548320785], [127.1122758580177, 37.48353851851812], [127.11109770780038, 37.48294073296618], [127.1100324481276, 37.483188646673085], [127.10560310219216, 37.48274128634589], [127.10297722261605, 37.48626901750597], [127.10259743600135, 37.486044656010215], [127.10262085698368, 37.48493950236215], [127.10179554093442, 37.48459191257951], [127.10087046784193, 37.48334846813913], [127.10040942143479, 37.483513569155534], [127.09949352873258, 37.48318490367691], [127.09768557414029, 37.48180532318934], [127.09728820563925, 37.4803708012659], [127.09734287027345, 37.47808024181845], [127.09299081980565, 37.477260963655866], [127.09310505410612, 37.47953055502417], [127.09500853367886, 37.48282813709215], [127.09445823653162, 37.483541769879764], [127.09426436392324, 37.4847681281465], [127.0938206649281, 37.48483633222224], [127.09417268194746, 37.487205969907585], [127.09162727231563, 37.48843667784383], [127.09159092849723, 37.48950917734235], [127.09074682182414, 37.491336032158], [127.09829078938165, 37.49261345529409], [127.10196541390636, 37.49363780926635]]]}, "properties": {"name": "수서동", "gu": "강남구", "total_spaces": 10085}}, {"type": "Feature", "geometry": {"type": "Polygon", "coordinates": [[[127.0754909893374, 37.501200402500736], [127.07839330254085, 37.500636270196345], [127.09046999742641, 37.49747317279118], [127.08845808386498, 37.49650412565659], [127.07961659967475, 37.493665395875524], [127.08180163280349, 37.48867154709621], [127.0774491062147, 37.48712357749549], [127.07804082932978, 37.48786821052013], [127.07655390571897, 37.490293136453474], [127.07721038330517, 37.490585261152965], [127.07620848950128, 37.492589497243706], [127.07266602514116, 37.49151611510931], [127.07183597893103, 37.49302550513296], [127.07385129682933, 37.49509574263708], [127.07430309923313, 37.4974701610708], [127.07392952298439, 37.49962180686957], [127.0754909893374, 37.501200402500736]]]}, "properties": {"name": "일원2동", "gu": "강남구", "total_spaces": null}}, {"type": "Feature", "geometry": {"type": "Polygon", "coordinates": [[[127.09046999742641, 37.49747317279118], [127.09674058779517, 37.495830719429925], [127.10196541390636, 37.49363780926635], [127.09829078938165, 37.49261345529409], [127.09227651152452, 37.49176481282134], [127.08180163280349, 37.48867154709621], [127.07961659967475, 37.493665395875524], [127.08845808386498, 37.49650412565659], [127.09046999742641, 37.49747317279118]]]}, "properties": {"name": "일원1동", "gu": "강남구", "total_spaces": 8752}}, {"type": "Feature", "geometry": {"type": "Polygon", "coordinates": [[[127.0774491062147, 37.48712357749549], [127.09074682182414, 37.491336032158], [127.09159092849723, 37.48950917734235], [127.09162727231563, 37.48843667784383], [127.09417268194746, 37.487205969907585], [127.0938206649281, 37.48483633222224], [127.09426436392324, 37.4847681281465], [127.09445823653162, 37.483541769879764], [127.09500853367886, 37.48282813709215], [127.09310505410612, 37.47953055502417], [127.09299081980565, 37.477260963655866], [127.09154594221852, 37.47763796009645], [127.08998664312483, 37.476868499570635], [127.08978814908508, 37.47631593954028], [127.08910424817209, 37.476375576713174], [127.08864217859444, 37.475949068529985], [127.08668805219519, 37.47602904931469], [127.08516188379079, 37.47527329758327], [127.08326732956948, 37.47554267166755], [127.08035096230813, 37.47488551376561], [127.07716252395456, 37.47500951479473], [127.07437668487658, 37.47626816360615], [127.07406281887425, 37.47739826972803], [127.07337199255313, 37.477812589648984], [127.07286128778325, 37.478727979197444], [127.07481989646804, 37.48061775772802], [127.07589400871215, 37.48244780875842], [127.07605432575252, 37.483602115509086], [127.07793470759376, 37.48549723976583], [127.07807402968345, 37.48612306353528], [127.0774491062147, 37.48712357749549]]]}, "properties": {"name": "일원본동", "gu": "강남구", "total_spaces": 13791}}, {"type": "Feature", "geometry": {"type": "Polygon", "coordinates": [[[127.05172556403615, 37.484854397932246], [127.05377685100588, 37.48108535210389], [127.05873895922731, 37.47599211062465], [127.06253196024187, 37.472842616773], [127.06216320952454, 37.46964677979386], [127.06161175091738, 37.46895863863706], [127.05896000682755, 37.46915282844314], [127.05721806726349, 37.468874632863525], [127.0567486094556, 37.46842012801819], [127.0555938875915, 37.46875375180611], [127.05452725016116, 37.46852645015539], [127.05164311711283, 37.47012698977829], [127.05007002588634, 37.47009949024159], [127.0495806539947, 37.47048740326312], [127.05105760346525, 37.4714914118107], [127.04502997306203, 37.477286668947535], [127.04394213415264, 37.479710478385265], [127.04435223893931, 37.48018194854912], [127.05172556403615, 37.484854397932246]]]}, "properties": {"name": "개포4동", "gu": "강남구", "total_spaces": 11436}}, {"type": "Feature", "geometry": {"type": "Polygon", "coordinates": [[[127.05652108423337, 37.48766113274057], [127.05682467032686, 37.486549099908416], [127.05800192970936, 37.484819466000744], [127.06470928781631, 37.47925351175484], [127.06481070558908, 37.47906706271833], [127.06374676529073, 37.47846818000683], [127.063781669211, 37.47816745221196], [127.06396332730307, 37.47781765494004], [127.0651716683173, 37.477891905973436], [127.06570272636444, 37.477125485359856], [127.06578796147694, 37.4768193798557], [127.06535688163906, 37.476538331911264], [127.06578375122722, 37.4758220852596], [127.06664708644215, 37.47529818648818], [127.06767814475405, 37.47569180223703], [127.06924369919378, 37.47388581313004], [127.06253196024187, 37.472842616773], [127.05873895922731, 37.47599211062465], [127.05379962242884, 37.48106056448662], [127.05172556403615, 37.484854397932246], [127.05652108423337, 37.48766113274057]]]}, "properties": {"name": "개포1동", "gu": "강남구", "total_spaces": 7926}}, {"type": "Feature", "geometry": {"type": "Polygon", "coordinates": [[[127.05251030084143, 37.49705388439105], [127.05544185754235, 37.49094352387851], [127.05655908357723, 37.48768138755701], [127.04485354425057, 37.4807246192812], [127.04394213415264, 37.479710478385265], [127.04134596774173, 37.485570425072645], [127.04547734788189, 37.48620754454268], [127.0498232044169, 37.4883803564273], [127.04669222729298, 37.49430510712145], [127.05272886798811, 37.496272454611656], [127.05251030084143, 37.49705388439105]]]}, "properties": {"name": "도곡2동", "gu": "강남구", "total_spaces": 24493}}, {"type": "Feature", "geometry": {"type": "Polygon", "coordinates": [[[127.04669222729298, 37.49430510712145], [127.0498232044169, 37.4883803564273], [127.04547734788189, 37.48620754454268], [127.0341145460525, 37.484564365003635], [127.03162327320801, 37.48953995788549], [127.04669222729298, 37.49430510712145]]]}, "properties": {"name": "도곡1동", "gu": "강남구", "total_spaces": 13955}}, {"type": "Feature", "geometry": {"type": "Polygon", "coordinates": [[[127.04904291482397, 37.50439734230954], [127.05272886798811, 37.496272454611656], [127.04088845777126, 37.49241339494604], [127.03704418289735, 37.50061652237748], [127.03853630285423, 37.50106290322532], [127.03842791926242, 37.501291283956114], [127.04904291482397, 37.50439734230954]]]}, "properties": {"name": "역삼2동", "gu": "강남구", "total_spaces": 34888}}, {"type": "Feature", "geometry": {"type": "Polygon", "coordinates": [[[127.04376590546653, 37.51026315228793], [127.04486975802415, 37.50847539901195], [127.04776276075259, 37.50659797451115], [127.04892979041512, 37.504630802559745], [127.03704418289735, 37.50061652237748], [127.04088845777126, 37.49241339494604], [127.03162327320801, 37.48953995788549], [127.02447018013117, 37.50457192013148], [127.04376590546653, 37.51026315228793]]]}, "properties": {"name": "역삼1동", "gu": "강남구", "total_spaces": 48592}}, {"type": "Feature", "geometry": {"type": "Polygon", "coordinates": [[[127.05669191116857, 37.506854867719305], [127.0608605386964, 37.49887338177163], [127.05297417130632, 37.49635174858319], [127.04904291482397, 37.50439734230954], [127.04723995089286, 37.50385548411655], [127.04712293884451, 37.50409682789708], [127.05669191116857, 37.506854867719305]]]}, "properties": {"name": "대치4동", "gu": "강남구", "total_spaces": 17747}}, {"type": "Feature", "geometry": {"type": "Polygon", "coordinates": [[[127.05297417130632, 37.49635174858319], [127.0608605386964, 37.49887338177163], [127.06315341022928, 37.49461329746674], [127.06234459360807, 37.49425500623293], [127.06245222176416, 37.49406883805346], [127.06325254358929, 37.49441221019737], [127.06553023185597, 37.49006958672463], [127.05879886110016, 37.488745474401995], [127.05655908357723, 37.48768138755701], [127.05544185754235, 37.49094352387851], [127.05297417130632, 37.49635174858319]]]}, "properties": {"name": "대치1동", "gu": "강남구", "total_spaces": 14750}}, {"type": "Feature", "geometry": {"type": "Polygon", "coordinates": [[[127.04131323185678, 37.517102286747495], [127.05027250853038, 37.5188524918467], [127.05669191116857, 37.506854867719305], [127.04892979041512, 37.504630802559745], [127.04776276075259, 37.50659797451115], [127.04486975802415, 37.50847539901195], [127.04428186747496, 37.50920091616442], [127.04131323185678, 37.517102286747495]]]}, "properties": {"name": "삼성2동", "gu": "강남구", "total_spaces": 26940}}, {"type": "Feature", "geometry": {"type": "Polygon", "coordinates": [[[127.066961842132, 37.52508128214817], [127.06649636747352, 37.52092992270274], [127.06715834978529, 37.51998041425103], [127.0684631042977, 37.51028439874034], [127.06654939787452, 37.50993689453317], [127.05669191116857, 37.506854867719305], [127.05027250853038, 37.5188524918467], [127.05731357152588, 37.52010851715758], [127.06056398084657, 37.52123599697236], [127.06154852397916, 37.521726261599106], [127.06526485830376, 37.52560366093119], [127.066961842132, 37.52508128214817]]]}, "properties": {"name": "삼성1동", "gu": "강남구", "total_spaces": 24759}}, {"type": "Feature", "geometry": {"type": "Polygon", "coordinates": [[[127.02807812405392, 37.51958402463783], [127.03917810743584, 37.52290539874583], [127.04124175830945, 37.5173036271154], [127.04215964010956, 37.51741650249045], [127.04131323185678, 37.517102286747495], [127.04433511103416, 37.50928846255111], [127.04376590546653, 37.51026315228793], [127.03390867625113, 37.50734647184303], [127.02807812405392, 37.51958402463783]]]}, "properties": {"name": "논현2동", "gu": "강남구", "total_spaces": 25317}}, {"type": "Feature", "geometry": {"type": "Polygon", "coordinates": [[[127.02807812405392, 37.51958402463783], [127.03390867625113, 37.50734647184303], [127.02447018013117, 37.50457192013148], [127.02137483823323, 37.511029254717066], [127.02037713902124, 37.51073208918566], [127.02130807196949, 37.511167794217855], [127.01930781347787, 37.51613739052567], [127.02807812405392, 37.51958402463783]]]}, "properties": {"name": "논현1동", "gu": "강남구", "total_spaces": 21956}}, {"type": "Feature", "geometry": {"type": "Polygon", "coordinates": [[[127.02156483559048, 37.53553094168207], [127.02524311285133, 37.530236640531285], [127.02834986083037, 37.5272004693799], [127.02856431597152, 37.52730825825064], [127.02807812405392, 37.51958402463783], [127.01951497134908, 37.51621901193012], [127.0176092146711, 37.522090119327714], [127.01460235633863, 37.525508640866676], [127.01186818215214, 37.52784108048853], [127.02156483559048, 37.53553094168207]]]}, "properties": {"name": "신사동", "gu": "강남구", "total_spaces": 18236}}, {"type": "Feature", "geometry": {"type": "Polygon", "coordinates": [[[127.07716252395456, 37.47500951479473], [127.08035096230813, 37.47488551376561], [127.08326732956948, 37.47554267166755], [127.08516188379079, 37.47527329758327], [127.08449151940583, 37.47287203536549], [127.08621178472372, 37.470363492823836], [127.08787618281897, 37.469750732338696], [127.0882867937072, 37.468329098893555], [127.08925932839324, 37.46805188538108], [127.08968718712062, 37.4673603283291], [127.09031340600241, 37.46698509828334], [127.09126991432076, 37.467062931939424], [127.0921008827389, 37.46556156366986], [127.09336017074763, 37.46439632576608], [127.09501662657856, 37.46365732979505], [127.09599591498787, 37.462499042195056], [127.09631759255886, 37.4614319391789], [127.09462732559024, 37.458781795360345], [127.09535943570536, 37.45786162820361], [127.09511145178864, 37.45655818317655], [127.09365011335923, 37.45613980087626], [127.09261177130013, 37.453708172715984], [127.09192867609278, 37.4536774436111], [127.09096011886996, 37.452977930225074], [127.09052188195844, 37.45168757021876], [127.08968728496517, 37.451197710653055], [127.08958595389826, 37.45046966068049], [127.08884669954573, 37.45010417546556], [127.0889244533014, 37.449697820503026], [127.08827376604197, 37.44879757517041], [127.08859757058032, 37.44784536741821], [127.0881936942772, 37.44689087885465], [127.08836015688283, 37.44577942114195], [127.0879895857297, 37.44506142139352], [127.08721182999734, 37.44478943322412], [127.0854268663773, 37.44494219566886], [127.0852249317081, 37.444523370586694], [127.08394225612462, 37.443818107691776], [127.08231129920607, 37.441199554819825], [127.081001303044, 37.44095942344873], [127.07962507992754, 37.441544869547556], [127.07475789853144, 37.442418584112545], [127.07318445307129, 37.44216050895946], [127.0724238159526, 37.44235271335721], [127.07192017706478, 37.442084964687126], [127.07165117544542, 37.44179567593896], [127.07196872488551, 37.44000529745646], [127.07455787599996, 37.43881242451427], [127.0739294513877, 37.43710314824745], [127.07129293608745, 37.43572027829248], [127.07145959089922, 37.434383308316164], [127.07057907095971, 37.432565196024214], [127.07123114735, 37.43058456415951], [127.07062308429765, 37.42993563135101], [127.06994860106009, 37.43077931212609], [127.0688319806949, 37.43036717837604], [127.06828002766741, 37.43065496967149], [127.06674651741018, 37.43013098788533], [127.06567415969548, 37.42901038111398], [127.06428570391199, 37.42920371729607], [127.06315611834772, 37.42970634290689], [127.06310865110522, 37.43361027131889], [127.06395677988873, 37.4357440906609], [127.0635387299489, 37.437908138603234], [127.06185819454262, 37.43956151353231], [127.06145944327145, 37.44056634018013], [127.05993250765061, 37.44120400450782], [127.0572881328405, 37.44596907650816], [127.05086713220663, 37.45205147340723], [127.05049854872615, 37.453067510976965], [127.0506994849139, 37.453840040037555], [127.0498237898004, 37.45552922368096], [127.04604929304543, 37.45893200111128], [127.04581256914038, 37.45940539925258], [127.04621215654443, 37.46017645267059], [127.04574499639168, 37.4604190550314], [127.04556660048621, 37.46128493088302], [127.04745550198628, 37.461668546502246], [127.04806111268151, 37.462257904381914], [127.04535823951544, 37.4634688179853], [127.04303270219891, 37.46562080526917], [127.0495806539947, 37.47048740326312], [127.05007002588634, 37.47009949024159], [127.05164311711283, 37.47012698977829], [127.05452725016116, 37.46852645015539], [127.0555938875915, 37.46875375180611], [127.0567486094556, 37.46842012801819], [127.05721806726349, 37.468874632863525], [127.05896000682755, 37.46915282844314], [127.06161175091738, 37.46895863863706], [127.06216320952454, 37.46964677979386], [127.06253196024187, 37.472842616773], [127.06924369919378, 37.47388581313004], [127.06980840418512, 37.47523192376513], [127.07125652758147, 37.474668233005666], [127.07265317898799, 37.47479945364817], [127.07391323505138, 37.47285815399356], [127.07594354829104, 37.47379506171015], [127.07716252395456, 37.47500951479473]]]}, "properties": {"name": "내곡동", "gu": "서초구", "total_spaces": 11359}}, {"type": "Feature", "geometry": {"type": "Polygon", "coordinates": [[[127.04394213415264, 37.479710478385265], [127.04502997306203, 37.477286668947535], [127.05105760346525, 37.4714914118107], [127.04303270219891, 37.46562080526917], [127.04535823951544, 37.4634688179853], [127.04806111268151, 37.462257904381914], [127.04745550198628, 37.461668546502246], [127.04556660048621, 37.46128493088302], [127.04574499639168, 37.4604190550314], [127.04621215654443, 37.46017645267059], [127.04581256914038, 37.45940539925258], [127.04604929304543, 37.45893200111128], [127.0498237898004, 37.45552922368096], [127.0506994849139, 37.453840040037555], [127.05049854872615, 37.453067510976965], [127.05086713220663, 37.45205147340723], [127.0572881328405, 37.44596907650816], [127.05993250765061, 37.44120400450782], [127.06145944327145, 37.44056634018013], [127.06185819454262, 37.43956151353231], [127.0635387299489, 37.437908138603234], [127.06395677988873, 37.4357440906609], [127.06310865110522, 37.43361027131889], [127.06315611834772, 37.42970634290689], [127.06097922562154, 37.430114038456594], [127.05952409400835, 37.429734648104535], [127.05788155219791, 37.43013526563004], [127.05412179422129, 37.42929990442669], [127.05225528982774, 37.42851205532579], [127.04986530819956, 37.43031113413492], [127.04750408360013, 37.43082283598715], [127.04723927433285, 37.43198101714652], [127.04634320704193, 37.433553902670226], [127.0447330143053, 37.43429361115134], [127.04409981285582, 37.43535365246441], [127.04134941473703, 37.43746353428278], [127.04097478655623, 37.43817292238228], [127.03990608477366, 37.438497918820936], [127.03731176024974, 37.43848775190163], [127.03579709009153, 37.439277146125235], [127.03541375506006, 37.44117415990331], [127.03681311848055, 37.44214768330607], [127.03836833956075, 37.44546291572302], [127.03824884445541, 37.44591542740708], [127.03732697191448, 37.446697052298724], [127.03731899514871, 37.44811445104806], [127.03787441683711, 37.44901106465419], [127.03779389332165, 37.44937149200995], [127.03615075546205, 37.45157663481716], [127.03644859089277, 37.45371080513488], [127.03705843691344, 37.45461219220786], [127.03710362776361, 37.45532115742628], [127.0367132577056, 37.4566299848043], [127.03585523330983, 37.45755602019089], [127.03492468381701, 37.45786797840252], [127.03470411521675, 37.459482810591915], [127.03491741476523, 37.46018666058012], [127.03398075046714, 37.46032826673131], [127.03371582774861, 37.461126009993286], [127.03439210050723, 37.46362554819444], [127.03473500935877, 37.46384760617592], [127.03314242837499, 37.46502329046314], [127.03126915465074, 37.46577527063839], [127.02986118792701, 37.46544534244914], [127.02897243388269, 37.46785066947872], [127.03080431541814, 37.47036937909214], [127.03378040472154, 37.472900422688895], [127.0393335591028, 37.474715985903806], [127.04141313946992, 37.47667104051027], [127.04394213415264, 37.479710478385265]]]}, "properties": {"name": "양재2동", "gu": "서초구", "total_spaces": 29703}}, {"type": "Feature", "geometry": {"type": "Polygon", "coordinates": [[[127.0341145460525, 37.484564365003635], [127.04134596774173, 37.485570425072645], [127.04394213415264, 37.479710478385265], [127.04141313946992, 37.47667104051027], [127.0393335591028, 37.474715985903806], [127.03378040472154, 37.472900422688895], [127.03080431541814, 37.47036937909214], [127.02897243388269, 37.46785066947872], [127.02976866588651, 37.4659856854466], [127.03007618429216, 37.46418416644342], [127.02986237868566, 37.463453278182584], [127.0261046875847, 37.458510137814365], [127.02053384543937, 37.4561677070862], [127.01785914802512, 37.4556080759799], [127.01106032709087, 37.45538863738494], [127.01015895955345, 37.456740215014996], [127.00900724199589, 37.45737099739008], [127.00765044452655, 37.45985306316125], [127.00699562308556, 37.46034386144445], [127.00704281818395, 37.46089854033486], [127.00626193378449, 37.46217743778636], [127.00528370198288, 37.46262403340384], [127.00498368345136, 37.463644711668096], [127.00417129217925, 37.464778027142216], [127.00429000335154, 37.46542083454544], [127.00342196425574, 37.46725918132945], [127.00446871786752, 37.4692850101729], [127.00731747389567, 37.47041115888668], [127.00781933762745, 37.47105225331265], [127.00932071719505, 37.47104822179507], [127.01031018023836, 37.47226028305507], [127.01155550703876, 37.47259327335758], [127.01223686982802, 37.4731222711622], [127.01421699074652, 37.47318767919199], [127.01683992537114, 37.475966961375924], [127.01807074813736, 37.47660397298348], [127.0202751794667, 37.476867468324556], [127.02177932754302, 37.477529456617454], [127.02262854118997, 37.47839145435884], [127.02279477815068, 37.47904662194717], [127.02436252353365, 37.47949908269726], [127.02449812893413, 37.47986705935187], [127.02411970047322, 37.48033311922166], [127.02452520276468, 37.48059264208449], [127.02551294880455, 37.48079826819323], [127.0270147783923, 37.480507943718074], [127.02865557357325, 37.481056626155485], [127.02940808344385, 37.48045559541218], [127.03041191597192, 37.48020053963118], [127.03252274041441, 37.48100780893412], [127.03436462759473, 37.48277721609501], [127.03357716656213, 37.4842319863102], [127.0341145460525, 37.484564365003635]]]}, "properties": {"name": "양재1동", "gu": "서초구", "total_spaces": 31782}}, {"type": "Feature", "geometry": {"type": "Polygon", "coordinates": [[[126.99228329220246, 37.493554291124184], [126.99671983423553, 37.49419961400231], [126.9975098455748, 37.49341661837109], [126.99780154495011, 37.493588944106236], [126.99981259576181, 37.49311314970929], [127.00026793209479, 37.49194664207736], [126.99965557543575, 37.49099523425781], [126.99987502900788, 37.49021108576864], [127.00079746782447, 37.48992193019996], [126.99163290828177, 37.48687219533276], [126.98854431289531, 37.48612434749551], [126.98208303348585, 37.4853863300967], [126.98265157589893, 37.49089181726146], [126.98550442400564, 37.49088266519278], [126.99228329220246, 37.493554291124184]]]}, "properties": {"name": "방배4동", "gu": "서초구", "total_spaces": 13458}}, {"type": "Feature", "geometry": {"type": "Polygon", "coordinates": [[[127.0021518118079, 37.48229552120997], [127.00306176623845, 37.48141478379267], [127.00267028495644, 37.48085307004291], [127.00338361146454, 37.48043353198638], [127.00294886123862, 37.48031697095392], [127.00410641868065, 37.478547327155226], [127.00541613041679, 37.47901581223374], [127.00627725096093, 37.47812688583135], [127.00664062520116, 37.47821528146279], [127.00908935871092, 37.47485328480029], [127.01031018023836, 37.47226028305507], [127.00932071719505, 37.47104822179507], [127.00781933762745, 37.47105225331265], [127.00731747389567, 37.47041115888668], [127.00446871786752, 37.4692850101729], [127.00342196425574, 37.46725918132945], [127.00191412353287, 37.46697678765415], [127.00112443869882, 37.467328460730165], [126.99995377958068, 37.46704294547944], [126.99798405904583, 37.467365856587115], [126.99627508790626, 37.46671735197423], [126.99578599431594, 37.46704788506171], [126.99474781824536, 37.468819147104455], [126.99240154031347, 37.469909766766996], [126.9912878893974, 37.46988912149227], [126.9868070576953, 37.47118243313655], [126.9859458176342, 37.47277174850613], [126.9864011579832, 37.473796979934015], [126.98567605821434, 37.4746106030412], [126.98606367548803, 37.47600495579901], [126.9869687061991, 37.47741260525534], [126.99029031935325, 37.47908883138287], [126.99523043000866, 37.48070114604], [127.0021518118079, 37.48229552120997]]]}, "properties": {"name": "방배3동", "gu": "서초구", "total_spaces": 13697}}, {"type": "Feature", "geometry": {"type": "Polygon", "coordinates": [[[126.98962953658736, 37.48644234601854], [126.99363775735375, 37.48018044050661], [126.99029031935325, 37.47908883138287], [126.98659886291031, 37.47712367530211], [126.98567605821434, 37.4746106030412], [126.9864011579832, 37.473796979934015], [126.9859458176342, 37.47277174850613], [126.9868070576953, 37.47118243313655], [126.9912878893974, 37.46988912149227], [126.99240154031347, 37.469909766766996], [126.99474781824536, 37.468819147104455], [126.99578599431594, 37.46704788506171], [126.99627508790626, 37.46671735197423], [126.99646102381399, 37.464804134346124], [126.99722035493839, 37.46394201595381], [126.99683208547627, 37.46218476099153], [126.99515326071956, 37.46159846641503], [126.99320473572348, 37.461409979172124], [126.99235646306148, 37.460073332186795], [126.99176205563056, 37.45967205587439], [126.99126502496657, 37.46011829281135], [126.98862049573775, 37.45813525966379], [126.9876395877407, 37.45940190541338], [126.9874672088544, 37.460409602731445], [126.98823448753632, 37.46387292775861], [126.98816390072474, 37.46552429152321], [126.98686299433683, 37.46784985363035], [126.98452757769287, 37.46974502719325], [126.98323490918948, 37.4715702105791], [126.98186288803568, 37.474664935242515], [126.9815769045934, 37.47666342346534], [126.98208303348585, 37.4853863300967], [126.98962953658736, 37.48644234601854]]]}, "properties": {"name": "방배2동", "gu": "서초구", "total_spaces": 9706}}, {"type": "Feature", "geometry": {"type": "Polygon", "coordinates": [[[127.00079746782447, 37.48992193019996], [127.00097927042624, 37.48969837045957], [127.00059483885025, 37.48829646769631], [127.00118405100005, 37.48695707702263], [127.00026892032741, 37.48564048339108], [127.00082896639127, 37.48446102127572], [127.00082862042859, 37.48365659612966], [127.00173843124817, 37.48311740494424], [127.0021518118079, 37.48229552120997], [126.99363775735375, 37.48018044050661], [126.98962953658736, 37.48644234601854], [126.99435708334174, 37.48770074932122], [127.00079746782447, 37.48992193019996]]]}, "properties": {"name": "방배1동", "gu": "서초구", "total_spaces": 9688}}, {"type": "Feature", "geometry": {"type": "Polygon", "coordinates": [[[126.99070729749106, 37.49815573028379], [126.99125147064609, 37.49725083783861], [126.99277320465883, 37.4969082989931], [126.99300827239647, 37.4963356184904], [126.9936072944996, 37.49600707691063], [126.99486339185874, 37.496050796477164], [126.99546042073489, 37.49401963779134], [126.99228329220246, 37.493554291124184], [126.98550442400564, 37.49088266519278], [126.98265157589893, 37.49089181726146], [126.98290216091058, 37.49637303250746], [126.98348796805557, 37.49754639326317], [126.98458445229546, 37.498713912369176], [126.984830702212, 37.49981006883099], [126.98693832939539, 37.49829131987689], [126.99070729749106, 37.49815573028379]]]}, "properties": {"name": "방배본동", "gu": "서초구", "total_spaces": 12527}}, {"type": "Feature", "geometry": {"type": "Polygon", "coordinates": [[[127.00902549369474, 37.507414588671374], [127.01155898764785, 37.50255886596728], [127.01245013982248, 37.49904742622872], [127.00965151315441, 37.49840034064914], [127.00967122472296, 37.497678132229126], [127.00918438738756, 37.497278346457875], [127.0050869894858, 37.49675765117165], [127.00376794878457, 37.49595776521354], [127.00360712795705, 37.49482814008363], [127.00290671674696, 37.49394629702056], [127.00026793209479, 37.49194664207736], [126.99981259576181, 37.49311314970929], [126.99780154495011, 37.493588944106236], [126.9975098455748, 37.49341661837109], [126.99671983423553, 37.49419961400231], [126.99546042073489, 37.49401963779134], [126.99486339185874, 37.496050796477164], [126.9936072944996, 37.49600707691063], [126.99300827239647, 37.4963356184904], [126.99277320465883, 37.4969082989931], [126.99125147064609, 37.49725083783861], [126.99070769053013, 37.49788064404453], [126.99070729749106, 37.49815573028379], [126.9928686489131, 37.498184064478664], [126.9948423089405, 37.49867242129212], [127.00295192500724, 37.501944915790446], [127.00306361421782, 37.50248861061525], [127.00105762132054, 37.50501169633404], [127.00902549369474, 37.507414588671374]]]}, "properties": {"name": "반포4동", "gu": "서초구", "total_spaces": 21730}}, {"type": "Feature", "geometry": {"type": "Polygon", "coordinates": [[[127.00442742177984, 37.52026103253285], [127.00748242537372, 37.51677772385894], [127.00889447173742, 37.51564576754425], [127.00675844535075, 37.513531073871555], [127.00730571234315, 37.512558816507564], [127.00861217348833, 37.51327503769596], [127.00936338264344, 37.51250857979999], [127.01048448749908, 37.51041311886491], [127.01198334563328, 37.50949088121795], [127.01134988297186, 37.50883714944229], [127.01169139611466, 37.50817150865279], [127.00105762132054, 37.50501169633404], [126.99594151471939, 37.515742160334625], [127.00442742177984, 37.52026103253285]]]}, "properties": {"name": "반포3동", "gu": "서초구", "total_spaces": 10817}}, {"type": "Feature", "geometry": {"type": "Polygon", "coordinates": [[[126.99594151471939, 37.515742160334625], [127.00105762132054, 37.50501169633404], [127.00311273096132, 37.50212257935883], [126.99400408143723, 37.49839615846486], [126.9877476123059, 37.49823510452668], [126.98783483248205, 37.498608466117474], [126.99110326321026, 37.49951261393001], [126.99202598161146, 37.5009779408216], [126.99452133983753, 37.50148436349735], [126.99392234855455, 37.50286088316587], [126.99279639910893, 37.5025778356309], [126.99256562742515, 37.503992104064224], [126.99181636953969, 37.50539929122265], [126.99261914881318, 37.50715489229669], [126.98937918626494, 37.51270784393249], [126.99594151471939, 37.515742160334625]]]}, "properties": {"name": "반포2동", "gu": "서초구", "total_spaces": 9491}}, {"type": "Feature", "geometry": {"type": "Polygon", "coordinates": [[[127.00902549369474, 37.507414588671374], [127.02137483823323, 37.511029254717066], [127.02449596358085, 37.50451813679789], [127.01867009907485, 37.502834822883884], [127.01963449140567, 37.50031498026585], [127.01606570305225, 37.50152844306064], [127.01352242689407, 37.49953724025927], [127.01238233425674, 37.499370384271145], [127.01155898764785, 37.50255886596728], [127.00902549369474, 37.507414588671374]]]}, "properties": {"name": "반포1동", "gu": "서초구", "total_spaces": 17246}}, {"type": "Feature", "geometry": {"type": "Polygon", "coordinates": [[[126.98862377549003, 37.51409726973373], [126.99261914881318, 37.50715489229669], [126.99181636953969, 37.50539929122265], [126.99256562742515, 37.503992104064224], [126.99279639910893, 37.5025778356309], [126.99392234855455, 37.50286088316587], [126.99452133983753, 37.50148436349735], [126.99202598161146, 37.5009779408216], [126.99110326321026, 37.49951261393001], [126.98823327598309, 37.49866538714701], [126.98694727481654, 37.49863172965995], [126.98070375110679, 37.50274385351029], [126.98031587511515, 37.50400405580197], [126.98013808794389, 37.51211778781604], [126.98209468196069, 37.51204069629694], [126.98248558898915, 37.513506005935334], [126.98738176519784, 37.51368069826835], [126.98862377549003, 37.51409726973373]]]}, "properties": {"name": "반포본동", "gu": "서초구", "total_spaces": 660}}, {"type": "Feature", "geometry": {"type": "Polygon", "coordinates": [[[127.01186818215214, 37.52784108048853], [127.01460235633863, 37.525508640866676], [127.0176092146711, 37.522090119327714], [127.0190251678852, 37.51823703526188], [127.01951497134908, 37.51621901193012], [127.01930781347787, 37.51613739052567], [127.02130807196949, 37.511167794217855], [127.01169139611466, 37.50817150865279], [127.01134988297186, 37.50883714944229], [127.01198334563328, 37.50949088121795], [127.01048448749908, 37.51041311886491], [127.00936338264344, 37.51250857979999], [127.00861217348833, 37.51327503769596], [127.00730571234315, 37.512558816507564], [127.00675844535075, 37.513531073871555], [127.00889447173742, 37.51564576754425], [127.00748242537372, 37.51677772385894], [127.00442742177984, 37.52026103253285], [127.00607815941291, 37.52157502601754], [127.0081192236573, 37.52482160944269], [127.0095477835465, 37.52636447459504], [127.01186818215214, 37.52784108048853]]]}, "properties": {"name": "잠원동", "gu": "서초구", "total_spaces": 14017}}, {"type": "Feature", "geometry": {"type": "Polygon", "coordinates": [[[127.01238233425674, 37.499370384271145], [127.01352242689407, 37.49953724025927], [127.01606570305225, 37.50152844306064], [127.01963449140567, 37.50031498026585], [127.01867009907485, 37.502834822883884], [127.02449596358085, 37.50451813679789], [127.02763508534976, 37.49796412781684], [127.01414312779788, 37.49401517636944], [127.01355498947923, 37.49434353951142], [127.01238233425674, 37.499370384271145]]]}, "properties": {"name": "서초4동", "gu": "서초구", "total_spaces": 21064}}, {"type": "Feature", "geometry": {"type": "Polygon", "coordinates": [[[127.01245013982248, 37.49904742622872], [127.01355498947923, 37.49434353951142], [127.01414312779788, 37.49401517636944], [127.01566749495889, 37.494483804995824], [127.01584818264666, 37.49414759772795], [127.01402114115201, 37.493579612295235], [127.01390359522706, 37.49327835288021], [127.01458386250121, 37.48837374149214], [127.01493435132565, 37.4872080326365], [127.01805215786662, 37.48202322066409], [127.01873485104076, 37.48161823557887], [127.01934571553434, 37.48005462546875], [127.01858353514645, 37.47963915091418], [127.01859606262892, 37.478797556970676], [127.0193310831734, 37.47869242539071], [127.01983197489358, 37.476874858498455], [127.01807074813736, 37.47660397298348], [127.01683992537114, 37.475966961375924], [127.01421699074652, 37.47318767919199], [127.01223686982802, 37.4731222711622], [127.01155550703876, 37.47259327335758], [127.01031018023836, 37.47226028305507], [127.00908935871092, 37.47485328480029], [127.00664062520116, 37.47821528146279], [127.00627725096093, 37.47812688583135], [127.00541613041679, 37.47901581223374], [127.00410641868065, 37.478547327155226], [127.00294886123862, 37.48031697095392], [127.00338361146454, 37.48043353198638], [127.00267028495644, 37.48085307004291], [127.00306176623845, 37.48141478379267], [127.00173843124817, 37.48311740494424], [127.00082862042859, 37.48365659612966], [127.00082896639127, 37.48446102127572], [127.00026892032741, 37.48564048339108], [127.00118405100005, 37.48695707702263], [127.00059483885025, 37.48829646769631], [127.00097927042624, 37.48969837045957], [126.99987502900788, 37.49021108576864], [126.99965557543575, 37.49099523425781], [127.00022499886593, 37.49191595130345], [127.00290671674696, 37.49394629702056], [127.00360712795705, 37.49482814008363], [127.00376794878457, 37.49595776521354], [127.00550010851839, 37.49694065343551], [127.00632790691826, 37.49674606309732], [127.00918438738756, 37.497278346457875], [127.00967122472296, 37.497678132229126], [127.00965151315441, 37.49840034064914], [127.01245013982248, 37.49904742622872]]]}, "properties": {"name": "서초3동", "gu": "서초구", "total_spaces": 38563}}, {"type": "Feature", "geometry": {"type": "Polygon", "coordinates": [[[127.02127686078047, 37.49600963096118], [127.02763508534976, 37.49796412781684], [127.0341145460525, 37.484564365003635], [127.03357716656213, 37.4842319863102], [127.03436462759473, 37.48277721609501], [127.03252274041441, 37.48100780893412], [127.03041191597192, 37.48020053963118], [127.02940808344385, 37.48045559541218], [127.02865557357325, 37.481056626155485], [127.0270147783923, 37.480507943718074], [127.02127686078047, 37.49600963096118]]]}, "properties": {"name": "서초2동", "gu": "서초구", "total_spaces": 28322}}, {"type": "Feature", "geometry": {"type": "Polygon", "coordinates": [[[127.02127686078047, 37.49600963096118], [127.0270147783923, 37.480507943718074], [127.02551294880455, 37.48079826819323], [127.02452520276468, 37.48059264208449], [127.02411970047322, 37.48033311922166], [127.02450994126414, 37.47979047189667], [127.02425844627585, 37.4794042160114], [127.02279477815068, 37.47904662194717], [127.02262854118997, 37.47839145435884], [127.02177932754302, 37.477529456617454], [127.01983197489358, 37.476874858498455], [127.0193310831734, 37.47869242539071], [127.01859606262892, 37.478797556970676], [127.01858353514645, 37.47963915091418], [127.01934571553434, 37.48005462546875], [127.01873485104076, 37.48161823557887], [127.01805215786662, 37.48202322066409], [127.01493435132565, 37.4872080326365], [127.01390359522706, 37.49327835288021], [127.01402114115201, 37.493579612295235], [127.01576234507641, 37.494318516479396], [127.02127686078047, 37.49600963096118]]]}, "properties": {"name": "서초1동", "gu": "서초구", "total_spaces": 19776}}, {"type": "Feature", "geometry": {"type": "Polygon", "coordinates": [[[126.92157375988454, 37.483121615709415], [126.92194700946852, 37.48248891433474], [126.92178350861774, 37.482241591909656], [126.92235650985683, 37.481816254067674], [126.92306087972159, 37.47874261918112], [126.92417646669533, 37.477164911878994], [126.91951633741185, 37.47457561204424], [126.91959500419041, 37.47435745508205], [126.91779667065482, 37.47400029873178], [126.91742908154936, 37.47337102534453], [126.91769145512724, 37.47299588785225], [126.91704399936064, 37.47290954999153], [126.91544087619977, 37.471645299952364], [126.91471846880012, 37.47146935756256], [126.91494366966695, 37.47086303518011], [126.91428210235657, 37.469410807500545], [126.9144280338183, 37.46846626954968], [126.91494139007904, 37.46824477467393], [126.91469673866254, 37.46780732698827], [126.9151712042433, 37.46714937894545], [126.91508280028614, 37.46615539473056], [126.91474081610068, 37.46543039924515], [126.91362085375086, 37.4652941394568], [126.91246463343104, 37.46565114130181], [126.91237376720343, 37.46616774210081], [126.91165320326692, 37.46656757986396], [126.91093524928414, 37.468164905069784], [126.91027594626127, 37.46842090226278], [126.91015558068142, 37.4693598235625], [126.90822856377427, 37.472625579785735], [126.91080986914004, 37.473699782396466], [126.9112303033539, 37.474700217044614], [126.9121007229321, 37.47475859933594], [126.91161439017257, 37.4756755632619], [126.9119661283831, 37.47697411803623], [126.91161064950916, 37.47820850226357], [126.90948520763673, 37.47820236100392], [126.90891355961564, 37.4790691285507], [126.90898382906958, 37.48010280133358], [126.90993895163906, 37.48028571665823], [126.90973780974726, 37.480952583209074], [126.92157375988454, 37.483121615709415]]]}, "properties": {"name": "미성동", "gu": "관악구", "total_spaces": 10227}}, {"type": "Feature", "geometry": {"type": "Polygon", "coordinates": [[[126.92941202876904, 37.47504861481794], [126.9294439209517, 37.47458011301168], [126.92996606207052, 37.474405579521466], [126.93130572204144, 37.47476593937222], [126.93195472865553, 37.47454811166386], [126.93214000711875, 37.47380320410963], [126.93319748367493, 37.47445507611447], [126.9340120788699, 37.4737502281907], [126.9335437197707, 37.47267748494598], [126.93413924785493, 37.47179484320285], [126.93157439426548, 37.467182187272634], [126.93143741190292, 37.465774287812714], [126.93344452828876, 37.46616261103152], [126.93430453201198, 37.46513792981245], [126.93417631897482, 37.464533339464445], [126.93546903491925, 37.463671075992785], [126.93563753446989, 37.46305764248019], [126.93645400545981, 37.462668410425316], [126.93682932946635, 37.46182392483096], [126.93759876613676, 37.461269944132574], [126.93782190069996, 37.46034709798923], [126.93859598679644, 37.459275880075246], [126.93835977346559, 37.456655237177266], [126.93685037167586, 37.45543581123866], [126.93695292645164, 37.45446390760246], [126.93593247307246, 37.45194193740633], [126.93439901971685, 37.45091280343651], [126.93383029618803, 37.449867875057485], [126.93274974292576, 37.44914137811518], [126.93159870784855, 37.44884534169291], [126.93102578199868, 37.4478206696372], [126.93008614777328, 37.44937096290515], [126.92874933323155, 37.4501925972634], [126.9288212601794, 37.450863327978645], [126.92707171584408, 37.45168975672849], [126.92589634497217, 37.45274769249564], [126.92504279078666, 37.45284146736025], [126.92386372700551, 37.454180944540234], [126.92318411529646, 37.454427991042685], [126.92243010648234, 37.45673181008005], [126.92246841511377, 37.45724794270621], [126.9240863648218, 37.45970763089222], [126.9228433292135, 37.462988155592186], [126.92294700400863, 37.46450500863491], [126.9234352439767, 37.46562736362567], [126.92497268395822, 37.46687766737305], [126.92512955702824, 37.467540851190364], [126.92566999391252, 37.46774983790243], [126.92621600340512, 37.46733657013891], [126.92596102084366, 37.47025791069801], [126.92565760008029, 37.47075129705853], [126.92677950545185, 37.47276547178711], [126.92647778536069, 37.473496500559826], [126.9265919916788, 37.474460364179386], [126.9276395448917, 37.474925039980555], [126.92941202876904, 37.47504861481794]]]}, "properties": {"name": "삼성동", "gu": "관악구", "total_spaces": 5968}}, {"type": "Feature", "geometry": {"type": "Polygon", "coordinates": [[[126.9265919916788, 37.474460364179386], [126.92647778536069, 37.473496500559826], [126.92677950545185, 37.47276547178711], [126.92565760008029, 37.47075129705853], [126.92596102084366, 37.47025791069801], [126.92621600340512, 37.46733657013891], [126.92566999391252, 37.46774983790243], [126.92512955702824, 37.467540851190364], [126.92475006445358, 37.46660496937248], [126.9234352439767, 37.46562736362567], [126.92294700400863, 37.46450500863491], [126.9229797107747, 37.46346071036308], [126.91983585032115, 37.465512868357166], [126.92005529833459, 37.465921850286286], [126.91913088290724, 37.466549377978374], [126.91579371115806, 37.467074936213706], [126.91508280028614, 37.46615539473056], [126.9151712042433, 37.46714937894545], [126.91469673866254, 37.46780732698827], [126.91494139007904, 37.46824477467393], [126.9144280338183, 37.46846626954968], [126.91428210235657, 37.469410807500545], [126.91494366966695, 37.47086303518011], [126.91471846880012, 37.47146935756256], [126.91544087619977, 37.471645299952364], [126.91704399936064, 37.47290954999153], [126.91769145512724, 37.47299588785225], [126.91742908154936, 37.47337102534453], [126.91779667065482, 37.47400029873178], [126.91959500419041, 37.47435745508205], [126.91951633741185, 37.47457561204424], [126.92417646669533, 37.477164911878994], [126.92618113775863, 37.47585553036596], [126.9265919916788, 37.474460364179386]]]}, "properties": {"name": "난곡동", "gu": "관악구", "total_spaces": 6478}}, {"type": "Feature", "geometry": {"type": "Polygon", "coordinates": [[[126.94202160728254, 37.48244357002641], [126.952765385531, 37.48129380147054], [126.95226002628611, 37.47797790529877], [126.95310915327215, 37.47281382280126], [126.95252456274451, 37.47107014113255], [126.95171372663502, 37.47147328264065], [126.95099284422633, 37.471269406259026], [126.949147774087, 37.472474257627155], [126.94654536973779, 37.47274591063395], [126.94386419341538, 37.47505204444197], [126.9437592210306, 37.47557204051656], [126.94326201755456, 37.47505484631611], [126.9420769453863, 37.47614334277957], [126.93980104938322, 37.477436240446934], [126.93934934954953, 37.47830265497899], [126.93940474404154, 37.47903193251002], [126.93882293290226, 37.47893673850155], [126.93714801010904, 37.479453914017355], [126.9365910276525, 37.48047089649741], [126.93564254262452, 37.48110191730866], [126.93629003102095, 37.48186643834414], [126.93724305648406, 37.48212684316113], [126.9370115096357, 37.48247613655794], [126.93784922138641, 37.48331959017511], [126.93785455973405, 37.484107124327586], [126.94202160728254, 37.48244357002641]]]}, "properties": {"name": "청룡동", "gu": "관악구", "total_spaces": 10414}}, {"type": "Feature", "geometry": {"type": "Polygon", "coordinates": [[[126.94712978314544, 37.49405908267843], [126.9489313951594, 37.49364938033469], [126.95015279995894, 37.492655720777684], [126.95187230720714, 37.49235743648231], [126.95386809376585, 37.491006758296116], [126.95610645616107, 37.491582590419], [126.95627117641642, 37.49090831140883], [126.95796628761106, 37.488697837455184], [126.95796793439604, 37.48768702812968], [126.95630419517195, 37.48566506439947], [126.94695262714681, 37.486930682381185], [126.94598981373998, 37.48950287167623], [126.94610241840329, 37.490136721871025], [126.94497504391823, 37.49153414562341], [126.94452375364209, 37.49136302036791], [126.94338802272786, 37.492082140731874], [126.94330088099, 37.492585531466936], [126.94712978314544, 37.49405908267843]]]}, "properties": {"name": "성현동", "gu": "관악구", "total_spaces": 11857}}, {"type": "Feature", "geometry": {"type": "Polygon", "coordinates": [[[126.94338802272786, 37.492082140731874], [126.94452375364209, 37.49136302036791], [126.94497504391823, 37.49153414562341], [126.94610241840329, 37.490136721871025], [126.94598981373998, 37.48950287167623], [126.94695262714681, 37.486930682381185], [126.9463373973066, 37.48197263851552], [126.94209740921082, 37.48242474345371], [126.9366068225663, 37.48467576548437], [126.93420138469224, 37.48483659975284], [126.93418249652116, 37.486394757235246], [126.93932919600086, 37.48620864951368], [126.9401422353803, 37.48770755127592], [126.93937657565154, 37.48808923159255], [126.93894577148771, 37.487755915630544], [126.93867931530173, 37.48821894476794], [126.93898958407335, 37.48945432449551], [126.93880418339151, 37.48974620661359], [126.93922718344464, 37.48991621259296], [126.93950925033147, 37.49087620761167], [126.9411858169284, 37.49168769399548], [126.94164615194796, 37.492251897752226], [126.94338802272786, 37.492082140731874]]]}, "properties": {"name": "은천동", "gu": "관악구", "total_spaces": 11150}}, {"type": "Feature", "geometry": {"type": "Polygon", "coordinates": [[[126.94654536973779, 37.47274591063395], [126.949147774087, 37.472474257627155], [126.95099284422633, 37.471269406259026], [126.95171372663502, 37.47147328264065], [126.95349621038044, 37.470810093737406], [126.95453283764675, 37.467750196091636], [126.95513367680975, 37.467242492618624], [126.95541948330718, 37.466332309066814], [126.95616917331795, 37.46586266927028], [126.95569817306057, 37.46433810139819], [126.95611182648673, 37.46372726756814], [126.95550391545271, 37.46257402846634], [126.95700414272571, 37.46035897639689], [126.9576689004575, 37.45853356368554], [126.95823143309269, 37.457832958005525], [126.95964846151014, 37.457243591618315], [126.95955538956447, 37.45661764148853], [126.96051982232677, 37.45624687835634], [126.96053122331647, 37.455742319256665], [126.96187021537645, 37.455677453086565], [126.96362115959141, 37.45500255483489], [126.96507110680072, 37.45552277841237], [126.96572315734632, 37.45503333745477], [126.9670788352092, 37.45281782910706], [126.96785171660105, 37.45214849166893], [126.96822749056166, 37.45096715377357], [126.9687739467681, 37.45073754981148], [126.96972661504623, 37.44950596520566], [126.96974320305185, 37.44786106948641], [126.96881413810236, 37.44684155215516], [126.96787218267589, 37.44666840710619], [126.96721346525942, 37.44609298115867], [126.9655663788426, 37.446096996739584], [126.96441060242077, 37.44558024993019], [126.9638273571662, 37.44422095240675], [126.96408916366445, 37.442187292884256], [126.96310662518877, 37.441060718127346], [126.96226675282816, 37.44065555187571], [126.95939032721314, 37.440767750928224], [126.95845171601911, 37.43955105207916], [126.9557975939467, 37.43911728998589], [126.95317684535179, 37.43954816806276], [126.95139527666214, 37.43941818778447], [126.94920481503652, 37.43876682359079], [126.94822257005518, 37.439098068425906], [126.94527271899815, 37.43758019245883], [126.94239362627215, 37.43760947817398], [126.94133944040586, 37.436482122745396], [126.93943364130178, 37.435962775839315], [126.9382795299053, 37.43743334176331], [126.93785493782778, 37.43866045586646], [126.93788740632127, 37.439515867778375], [126.93846849969019, 37.44031188167766], [126.93723754103551, 37.44193753752497], [126.9362713589582, 37.44236892864855], [126.93560283522181, 37.44322761198528], [126.93100579271196, 37.44578916908446], [126.93088614992041, 37.44758885864849], [126.93159870784855, 37.44884534169291], [126.93274974292576, 37.44914137811518], [126.93383029618803, 37.449867875057485], [126.93439901971685, 37.45091280343651], [126.93593247307246, 37.45194193740633], [126.93695292645164, 37.45446390760246], [126.93685037167586, 37.45543581123866], [126.93835977346559, 37.456655237177266], [126.93859598679644, 37.459275880075246], [126.93782190069996, 37.46034709798923], [126.93759876613676, 37.461269944132574], [126.93682932946635, 37.46182392483096], [126.93645400545981, 37.462668410425316], [126.93563753446989, 37.46305764248019], [126.93546903491925, 37.463671075992785], [126.93417631897482, 37.464533339464445], [126.93430453201198, 37.46513792981245], [126.93344452828876, 37.46616261103152], [126.93143741190292, 37.465774287812714], [126.9314650782004, 37.466788496559694], [126.93413924785493, 37.47179484320285], [126.93501589184218, 37.471389043756886], [126.93912964376617, 37.47080788763495], [126.94292565608137, 37.47102550827525], [126.94544649390103, 37.46945870407381], [126.946790742526, 37.47004752042949], [126.94654536973779, 37.47274591063395]]]}, "properties": {"name": "대학동", "gu": "관악구", "total_spaces": 7655}}, {"type": "Feature", "geometry": {"type": "Polygon", "coordinates": [[[126.91332342139121, 37.48724739730117], [126.91453867975703, 37.48181385523474], [126.90067417723469, 37.479326208787654], [126.89946855370893, 37.48034443164844], [126.90322698601094, 37.48498636534132], [126.9059635339542, 37.48498889161217], [126.91332342139121, 37.48724739730117]]]}, "properties": {"name": "조원동", "gu": "관악구", "total_spaces": 7575}}, {"type": "Feature", "geometry": {"type": "Polygon", "coordinates": [[[126.91374891647979, 37.4652824089582], [126.91474081610068, 37.46543039924515], [126.91579371115806, 37.467074936213706], [126.91850947648236, 37.466753639905434], [126.92005529833459, 37.465921850286286], [126.91983585032115, 37.465512868357166], [126.9229797107747, 37.46346071036308], [126.9228433292135, 37.462988155592186], [126.9240863648218, 37.45970763089222], [126.92213241471957, 37.4568473333559], [126.91863157666945, 37.457103969088145], [126.91678554288777, 37.457759549046656], [126.91498683829171, 37.457621124154784], [126.91415858575408, 37.45807017264385], [126.91396189074251, 37.459550772158416], [126.91429590384816, 37.46011471015461], [126.91432183371985, 37.46151072311504], [126.91382877809801, 37.46192960690235], [126.9128594167419, 37.463974163119126], [126.91374891647979, 37.4652824089582]]]}, "properties": {"name": "난향동", "gu": "관악구", "total_spaces": 5595}}, {"type": "Feature", "geometry": {"type": "Polygon", "coordinates": [[[126.92430090440189, 37.48996483946879], [126.92790533693751, 37.489387402805995], [126.93491001742149, 37.486397140527814], [126.93418249652116, 37.486394757235246], [126.93420138469224, 37.48483659975284], [126.92618060155439, 37.483780684134025], [126.92329058685593, 37.486479556097564], [126.9216536802729, 37.48853358670947], [126.92095422674116, 37.48902809886532], [126.91889060214463, 37.48956220572946], [126.92430090440189, 37.48996483946879]]]}, "properties": {"name": "신림동", "gu": "관악구", "total_spaces": 7041}}, {"type": "Feature", "geometry": {"type": "Polygon", "coordinates": [[[126.91889060214463, 37.48956220572946], [126.92095422674116, 37.48902809886532], [126.9216536802729, 37.48853358670947], [126.92329058685593, 37.486479556097564], [126.92618060155439, 37.483780684134025], [126.91453867975703, 37.48181385523474], [126.91332342139121, 37.48724739730117], [126.91707400817151, 37.48941113012685], [126.91889060214463, 37.48956220572946]]]}, "properties": {"name": "신사동", "gu": "관악구", "total_spaces": 6915}}, {"type": "Feature", "geometry": {"type": "Polygon", "coordinates": [[[126.9394786356287, 37.478115201893615], [126.93980104938322, 37.477436240446934], [126.9420769453863, 37.47614334277957], [126.94313849665451, 37.47511644771453], [126.9437592210306, 37.47557204051656], [126.94386419341538, 37.47505204444197], [126.94654536973779, 37.47274591063395], [126.946790742526, 37.47004752042949], [126.94544649390103, 37.46945870407381], [126.94292565608137, 37.47102550827525], [126.93912964376617, 37.47080788763495], [126.93501589184218, 37.471389043756886], [126.9339121778648, 37.47189973667061], [126.93358387279598, 37.47241987754803], [126.9335331196361, 37.473069696606416], [126.9340120788699, 37.4737502281907], [126.93319748367493, 37.47445507611447], [126.93214000711875, 37.47380320410963], [126.93195472865553, 37.47454811166386], [126.93130572204144, 37.47476593937222], [126.92996606207052, 37.474405579521466], [126.9294439209517, 37.47458011301168], [126.92941202876904, 37.47504861481794], [126.93102928417574, 37.47551163584008], [126.93132814693855, 37.47590853630718], [126.93373399499228, 37.47576578044662], [126.93501002293631, 37.47601963082741], [126.9352166438443, 37.476279911335396], [126.93495579784748, 37.477408551444505], [126.9377113431131, 37.47718284998733], [126.9394786356287, 37.478115201893615]]]}, "properties": {"name": "서림동", "gu": "관악구", "total_spaces": 5971}}, {"type": "Feature", "geometry": {"type": "Polygon", "coordinates": [[[126.92157375988454, 37.483121615709415], [126.92666107168822, 37.483833641742336], [126.92909873251125, 37.481935737764076], [126.92888936606124, 37.4817801865326], [126.93188981401912, 37.47883149397496], [126.93145758838953, 37.47841030170027], [126.93066825495691, 37.4786612669101], [126.93050605039984, 37.478329206670665], [126.93006445395157, 37.47551584295948], [126.93029114605308, 37.4752679226063], [126.9276395448917, 37.474925039980555], [126.92666003292608, 37.474425775018275], [126.92618113775863, 37.47585553036596], [126.92440319710185, 37.476903487896365], [126.92306087972159, 37.47874261918112], [126.92235650985683, 37.481816254067674], [126.92178350861774, 37.482241591909656], [126.92194700946852, 37.48248891433474], [126.92157375988454, 37.483121615709415]]]}, "properties": {"name": "신원동", "gu": "관악구", "total_spaces": 3810}}, {"type": "Feature", "geometry": {"type": "Polygon", "coordinates": [[[126.92666107168822, 37.483833641742336], [126.9357728172672, 37.48484311580863], [126.93785455973405, 37.484107124327586], [126.93784922138641, 37.48331959017511], [126.9370115096357, 37.48247613655794], [126.93724305648406, 37.48212684316113], [126.93629003102095, 37.48186643834414], [126.93564254262452, 37.48110191730866], [126.9365910276525, 37.48047089649741], [126.93714801010904, 37.479453914017355], [126.93882293290226, 37.47893673850155], [126.93940474404154, 37.47903193251002], [126.9394786356287, 37.478115201893615], [126.9377113431131, 37.47718284998733], [126.93495579784748, 37.477408551444505], [126.9352166438443, 37.476279911335396], [126.93501002293631, 37.47601963082741], [126.93373399499228, 37.47576578044662], [126.93158724939957, 37.47594585626528], [126.93021070219798, 37.47534305147621], [126.93050605039984, 37.478329206670665], [126.93066825495691, 37.4786612669101], [126.93145758838953, 37.47841030170027], [126.93188981401912, 37.47883149397496], [126.92888936606124, 37.4817801865326], [126.92909873251125, 37.481935737764076], [126.92666107168822, 37.483833641742336]]]}, "properties": {"name": "서원동", "gu": "관악구", "total_spaces": 7142}}, {"type": "Feature", "geometry": {"type": "Polygon", "coordinates": [[[126.9815769045934, 37.47666342346534], [126.98186288803568, 37.474664935242515], [126.98323490918948, 37.4715702105791], [126.98452757769287, 37.46974502719325], [126.98686299433683, 37.46784985363035], [126.98816390072474, 37.46552429152321], [126.98823448753632, 37.46387292775861], [126.9874672088544, 37.460409602731445], [126.9876395877407, 37.45940190541338], [126.98862049573775, 37.45813525966379], [126.98683624575973, 37.45740748979748], [126.98223390042897, 37.45652778523068], [126.98223718929894, 37.45472267743541], [126.98092803362258, 37.45365448323719], [126.98084132594661, 37.45301644329101], [126.97886927099783, 37.452072559646425], [126.97843491654615, 37.451326048337265], [126.97765633098682, 37.45081879615559], [126.97625118237163, 37.45046908265161], [126.97398312279932, 37.44759943334285], [126.97103147550999, 37.447533104414646], [126.96936244314286, 37.44675610692071], [126.96869726718757, 37.4467902749976], [126.96974320305185, 37.44786106948641], [126.9698086346423, 37.449303542339635], [126.9687739467681, 37.45073754981148], [126.96822749056166, 37.45096715377357], [126.96785171660105, 37.45214849166893], [126.9670788352092, 37.45281782910706], [126.96572315734632, 37.45503333745477], [126.96619928349735, 37.454979420344806], [126.96639552669392, 37.45639180496967], [126.96748338555636, 37.45714389956061], [126.96870378707011, 37.45894991532516], [126.9694270021166, 37.4593169918666], [126.97047390162619, 37.461066910236454], [126.96572297114827, 37.46431762979757], [126.96453291986461, 37.46755580941232], [126.96570607338894, 37.46678947283977], [126.97059497254536, 37.46856019910633], [126.97132058581735, 37.46980489775963], [126.97098055907833, 37.472010578827], [126.97156724786164, 37.4731299435542], [126.97049042170109, 37.47536837583196], [126.9769185991579, 37.47657216383351], [126.9815769045934, 37.47666342346534]]]}, "properties": {"name": "남현동", "gu": "관악구", "total_spaces": 7678}}, {"type": "Feature", "geometry": {"type": "Polygon", "coordinates": [[[126.97049042170109, 37.47536837583196], [126.97156724786164, 37.4731299435542], [126.97098055907833, 37.472010578827], [126.97132058581735, 37.46980489775963], [126.97059497254536, 37.46856019910633], [126.96570607338894, 37.46678947283977], [126.96413519487608, 37.46784259763265], [126.96268502612469, 37.46969397378324], [126.96337976001003, 37.47168344615795], [126.96185722881751, 37.4725777535895], [126.9625295610407, 37.47383487623895], [126.96164023930184, 37.474723193351544], [126.9612418757362, 37.47577948368131], [126.96170289806759, 37.47614764307052], [126.96152267272582, 37.47623683775719], [126.96230962693718, 37.47758916797047], [126.96727682163704, 37.47560738030698], [126.97049042170109, 37.47536837583196]]]}, "properties": {"name": "인헌동", "gu": "관악구", "total_spaces": 6873}}, {"type": "Feature", "geometry": {"type": "Polygon", "coordinates": [[[126.94695262714681, 37.486930682381185], [126.95265684675343, 37.486286992412836], [126.95630419517195, 37.48566506439947], [126.952765385531, 37.48129380147054], [126.9463373973066, 37.48197263851552], [126.94695262714681, 37.486930682381185]]]}, "properties": {"name": "중앙동", "gu": "관악구", "total_spaces": 4758}}, {"type": "Feature", "geometry": {"type": "Polygon", "coordinates": [[[126.96230962693718, 37.47758916797047], [126.96152267272582, 37.47623683775719], [126.96170289806759, 37.47614764307052], [126.9612418757362, 37.47577948368131], [126.96164023930184, 37.474723193351544], [126.9625295610407, 37.47383487623895], [126.96185722881751, 37.4725777535895], [126.96337976001003, 37.47168344615795], [126.96268502612469, 37.46969397378324], [126.96453291986461, 37.46755580941232], [126.96572297114827, 37.46431762979757], [126.97047390162619, 37.461066910236454], [126.9694270021166, 37.4593169918666], [126.96870378707011, 37.45894991532516], [126.96748338555636, 37.45714389956061], [126.96639552669392, 37.45639180496967], [126.96619928349735, 37.454979420344806], [126.96507110680072, 37.45552277841237], [126.96435274367086, 37.455460047461905], [126.96380270124408, 37.4549989525655], [126.96187021537645, 37.455677453086565], [126.96100408084186, 37.4555428532475], [126.96053122331647, 37.455742319256665], [126.96041046020088, 37.456334406835204], [126.95955538956447, 37.45661764148853], [126.95964846151014, 37.457243591618315], [126.95823143309269, 37.457832958005525], [126.95550391545271, 37.46257402846634], [126.95611182648673, 37.46372726756814], [126.95569817306057, 37.46433810139819], [126.95616917331795, 37.46586266927028], [126.95541948330718, 37.466332309066814], [126.95513367680975, 37.467242492618624], [126.95453283764675, 37.467750196091636], [126.95349621038044, 37.470810093737406], [126.95253496553175, 37.47109858335535], [126.95310915327215, 37.47281382280126], [126.95226002628611, 37.47797790529877], [126.952765385531, 37.48129380147054], [126.96230962693718, 37.47758916797047]]]}, "properties": {"name": "낙성대동", "gu": "관악구", "total_spaces": 7468}}, {"type": "Feature", "geometry": {"type": "Polygon", "coordinates": [[[126.952765385531, 37.48129380147054], [126.9568943697309, 37.48637848721886], [126.9588458265811, 37.486429326241655], [126.96051372194954, 37.485528634397234], [126.96214804386948, 37.485238617426475], [126.96191342771715, 37.48424068037119], [126.96134479746186, 37.48348533680931], [126.96215178606114, 37.48315674295021], [126.96312487479638, 37.48170194586295], [126.96414962964101, 37.4810690392059], [126.96475281026974, 37.47983344825498], [126.96620488195954, 37.47912688620501], [126.96880185997392, 37.47665410136027], [126.97018677745078, 37.47662547564069], [126.97049042170109, 37.47536837583196], [126.96723071160609, 37.475620600411304], [126.952765385531, 37.48129380147054]]]}, "properties": {"name": "행운동", "gu": "관악구", "total_spaces": 9128}}, {"type": "Feature", "geometry": {"type": "Polygon", "coordinates": [[[126.96100897521782, 37.492951358694484], [126.96139795749366, 37.49144344284661], [126.96081983265125, 37.49083788571756], [126.96088372138048, 37.49031335668724], [126.9618924285677, 37.48854435989932], [126.96172414120652, 37.48805466588778], [126.96205986106352, 37.48797622249035], [126.96176083541954, 37.48748930037986], [126.96234169135622, 37.487228204206154], [126.96214804386948, 37.485238617426475], [126.96051372194954, 37.485528634397234], [126.9588458265811, 37.486429326241655], [126.9568943697309, 37.48637848721886], [126.95796793439604, 37.48768702812968], [126.95805391223254, 37.48840307363787], [126.95627117641642, 37.49090831140883], [126.95610645616107, 37.491582590419], [126.95734080394655, 37.491793385557436], [126.95720249280929, 37.4920405456165], [126.95870186503242, 37.49257916432186], [126.95912517872883, 37.49386549407361], [126.96023511201034, 37.493887567405274], [126.96119885280844, 37.49338840851659], [126.96100897521782, 37.492951358694484]]]}, "properties": {"name": "청림동", "gu": "관악구", "total_spaces": 4211}}, {"type": "Feature", "geometry": {"type": "Polygon", "coordinates": [[[126.93950925033147, 37.49087620761167], [126.93922718344464, 37.48991621259296], [126.93880418339151, 37.48974620661359], [126.93898958407335, 37.48945432449551], [126.93867931530173, 37.48821894476794], [126.93894577148771, 37.487755915630544], [126.93937657565154, 37.48808923159255], [126.9401422353803, 37.48770755127592], [126.93932919600086, 37.48620864951368], [126.93491779385377, 37.486393766158706], [126.92790533693751, 37.489387402805995], [126.92430090440189, 37.48996483946879], [126.92449123060786, 37.49095381119296], [126.92510068554725, 37.490868893507155], [126.92528923514158, 37.491532376469266], [126.925563135153, 37.49148862912197], [126.92582755866708, 37.492606601636695], [126.92540928763434, 37.49266658729553], [126.92546853629695, 37.49295635314283], [126.92657055685723, 37.49344725741934], [126.92660062241036, 37.49412584173234], [126.9277219140272, 37.4949886911936], [126.93237944355946, 37.49287922778044], [126.93460231283622, 37.493072533175706], [126.936517377406, 37.492077715993354], [126.93915079053825, 37.49191104261179], [126.93902784480635, 37.49124480085003], [126.93950925033147, 37.49087620761167]]]}, "properties": {"name": "보라매동", "gu": "관악구", "total_spaces": 8730}}, {"type": "Feature", "geometry": {"type": "Polygon", "coordinates": [[[126.98013808794389, 37.51211778781604], [126.98031587511515, 37.50400405580197], [126.98070375110679, 37.50274385351029], [126.98620011336268, 37.49903736623855], [126.98694727481654, 37.49863172965995], [126.98783483248205, 37.498608466117474], [126.9877476123059, 37.49823510452668], [126.98661442017291, 37.498409535583725], [126.984830702212, 37.49981006883099], [126.98458445229546, 37.498713912369176], [126.98348796805557, 37.49754639326317], [126.98290216091058, 37.49637303250746], [126.98208303348585, 37.4853863300967], [126.97917645635101, 37.484391054827185], [126.97897044123478, 37.48506057212874], [126.97999094015107, 37.4872566704923], [126.97857825260886, 37.486762543661115], [126.97649356545745, 37.48723880626465], [126.97260419008214, 37.49172602651718], [126.97281630088709, 37.493330421130274], [126.97001828763612, 37.493386583928434], [126.96787903803096, 37.49404400557082], [126.96498830919023, 37.49321957717728], [126.96297712273099, 37.494555796472966], [126.96240071593135, 37.49566749667566], [126.96233082393586, 37.49653355908808], [126.96116945749866, 37.49778020729255], [126.9619956946106, 37.497431067871204], [126.96286688081935, 37.49830504357558], [126.96335268808299, 37.49956237648142], [126.9654320295138, 37.50079880588114], [126.9657363627143, 37.501433257725004], [126.96652283001676, 37.50190679904909], [126.9664033461693, 37.50310480980418], [126.96690201748736, 37.503869960730164], [126.9676112927148, 37.50356664267346], [126.96962078231807, 37.503686021438305], [126.97167958618138, 37.504235041956974], [126.9721102912347, 37.50453219774689], [126.97236191991999, 37.50546394831219], [126.973363222729, 37.50535353737804], [126.97421364207685, 37.506608939556884], [126.97352448981268, 37.50696776953417], [126.97359358598109, 37.50839220669411], [126.97559306974699, 37.51229595094659], [126.98013808794389, 37.51211778781604]]]}, "properties": {"name": "사당2동", "gu": "동작구", "total_spaces": 8978}}, {"type": "Feature", "geometry": {"type": "Polygon", "coordinates": [[[126.95040252562951, 37.520026730781595], [126.95342086266989, 37.517538152845084], [126.95740471850083, 37.51529763516709], [126.96240173649942, 37.51335774811347], [126.95982414295517, 37.51167735219096], [126.95898288826662, 37.51172407305386], [126.95880319714705, 37.51134023984405], [126.95800961598572, 37.51116200333203], [126.95721255298173, 37.50970490743455], [126.95661467254708, 37.50944874217035], [126.95669029974331, 37.509170587992536], [126.95638184640848, 37.50899702856619], [126.95593132168182, 37.509385692203814], [126.95508179176841, 37.509135053025496], [126.95507082062464, 37.50830247086541], [126.95428923936919, 37.507655413758194], [126.95382207375943, 37.507807832517095], [126.95300208583626, 37.508914880701326], [126.95152286061558, 37.50794681802555], [126.95072168267552, 37.50784398778875], [126.95046791282994, 37.5081043229684], [126.94977989513778, 37.507146713826536], [126.94732475150055, 37.5066599190656], [126.94608662006243, 37.507210642492254], [126.94486550502836, 37.5072016163601], [126.94375119247296, 37.50687953323193], [126.94267050004379, 37.506063315430865], [126.94225958093284, 37.50635762363699], [126.94193061936348, 37.5058075680197], [126.94079957970423, 37.50545166113114], [126.93951781437082, 37.50552335677895], [126.93957519959771, 37.505793967764816], [126.94055285941876, 37.50592033445389], [126.94030297522197, 37.50614798871254], [126.94090134453344, 37.50679082118251], [126.94230782250155, 37.506807583506394], [126.94315898106373, 37.50760144798219], [126.94306822179601, 37.50886617815364], [126.94403772376899, 37.50885933325972], [126.94379689076585, 37.50949723448594], [126.94320655275078, 37.50937502838471], [126.94282726363183, 37.50987911739399], [126.94014592293698, 37.50824835765959], [126.94019228198889, 37.513577778595206], [126.9407290043565, 37.51359748375081], [126.94071025186136, 37.51383849066421], [126.93919800016091, 37.51376815686742], [126.93848233919195, 37.516789774891194], [126.9419768745239, 37.517432984538154], [126.95040252562951, 37.520026730781595]]]}, "properties": {"name": "노량진1동", "gu": "동작구", "total_spaces": 11983}}, {"type": "Feature", "geometry": {"type": "Polygon", "coordinates": [[[126.97559306974699, 37.51229595094659], [126.97359358598109, 37.50839220669411], [126.97352448981268, 37.50696776953417], [126.97421364207685, 37.506608939556884], [126.973363222729, 37.50535353737804], [126.97236191991999, 37.50546394831219], [126.9721102912347, 37.50453219774689], [126.97167958618138, 37.504235041956974], [126.96962078231807, 37.503686021438305], [126.9676112927148, 37.50356664267346], [126.96690201748736, 37.503869960730164], [126.9664033461693, 37.50310480980418], [126.96652283001676, 37.50190679904909], [126.9657363627143, 37.501433257725004], [126.9654320295138, 37.50079880588114], [126.96335268808299, 37.49956237648142], [126.96286688081935, 37.49830504357558], [126.9619956946106, 37.497431067871204], [126.95675332819167, 37.49920979706561], [126.95637682020246, 37.50061436707972], [126.95532021904344, 37.50191871706397], [126.95516561737439, 37.50303673907568], [126.95362703824348, 37.504389593476624], [126.9538285717485, 37.50564910112325], [126.95451756441545, 37.50708534231427], [126.95397713133683, 37.50769020222273], [126.95507082062464, 37.50830247086541], [126.95508179176841, 37.509135053025496], [126.95593132168182, 37.509385692203814], [126.95638184640848, 37.50899702856619], [126.95669029974331, 37.509170587992536], [126.95661467254708, 37.50944874217035], [126.95721255298173, 37.50970490743455], [126.95800961598572, 37.51116200333203], [126.95880319714705, 37.51134023984405], [126.95898288826662, 37.51172407305386], [126.95982414295517, 37.51167735219096], [126.96240173649942, 37.51335774811347], [126.96460251906906, 37.51277843973601], [126.97559306974699, 37.51229595094659]]]}, "properties": {"name": "흑석동", "gu": "동작구", "total_spaces": 17330}}, {"type": "Feature", "geometry": {"type": "Polygon", "coordinates": [[[126.92858462748106, 37.4988663383212], [126.92973099912521, 37.49780836683559], [126.93016564452891, 37.49783622322377], [126.92942461122819, 37.495599606319914], [126.92986963228338, 37.494000603170775], [126.92809972695395, 37.49493627442435], [126.92736594274736, 37.49493046648567], [126.92724005567182, 37.494480450855605], [126.92660062241036, 37.49412584173234], [126.92657055685723, 37.49344725741934], [126.92546853629695, 37.49295635314283], [126.92540928763434, 37.49266658729553], [126.92582755866708, 37.492606601636695], [126.925563135153, 37.49148862912197], [126.92528923514158, 37.491532376469266], [126.92510068554725, 37.490868893507155], [126.92449123060786, 37.49095381119296], [126.92430090440189, 37.48996483946879], [126.91761538017995, 37.489536529563594], [126.91596840212178, 37.4887624593667], [126.91594924861607, 37.489600657189065], [126.91564446925717, 37.48961141701017], [126.91580157081164, 37.49004372954158], [126.91500344964433, 37.491481932038134], [126.91544472910806, 37.492004552619235], [126.91469834947189, 37.49206848431708], [126.91469523330761, 37.49491338784984], [126.91423884458, 37.496584404951534], [126.91968454895739, 37.49769399701762], [126.92023105283626, 37.4985235747418], [126.92220033439074, 37.49786746569594], [126.92656018231784, 37.49923166507935], [126.92858462748106, 37.4988663383212]]]}, "properties": {"name": "신대방2동", "gu": "동작구", "total_spaces": 11735}}, {"type": "Feature", "geometry": {"type": "Polygon", "coordinates": [[[126.90322698601094, 37.48498636534132], [126.91181702167782, 37.495903181463355], [126.91252515858702, 37.496385469907466], [126.91423884458, 37.496584404951534], [126.91469523330761, 37.49491338784984], [126.91469834947189, 37.49206848431708], [126.91544472910806, 37.492004552619235], [126.91500344964433, 37.491481932038134], [126.91580157081164, 37.49004372954158], [126.91564446925717, 37.48961141701017], [126.91594924861607, 37.489600657189065], [126.91596840212178, 37.4887624593667], [126.91324609819456, 37.48719750297465], [126.90768515726029, 37.48539966352017], [126.9059635339542, 37.48498889161217], [126.90322698601094, 37.48498636534132]]]}, "properties": {"name": "신대방1동", "gu": "동작구", "total_spaces": 6089}}, {"type": "Feature", "geometry": {"type": "Polygon", "coordinates": [[[126.92601115607434, 37.51609798603517], [126.92836308865927, 37.51566755099646], [126.93303860378143, 37.51576439548248], [126.9330400842516, 37.514530876165864], [126.93462350900508, 37.514075372481486], [126.93434051622026, 37.51352982746589], [126.93494721834776, 37.51017170549293], [126.9347307073841, 37.508213603806254], [126.93525642677348, 37.50704091384394], [126.93400918144425, 37.50524356208617], [126.93271158137914, 37.50562151406705], [126.93266439231355, 37.504088945581366], [126.92836895616496, 37.50331572918689], [126.92889374625676, 37.50079776288522], [126.93011161112038, 37.50039699780951], [126.93029618170094, 37.49955411243897], [126.92901362532452, 37.498893069210304], [126.92656018231784, 37.49923166507935], [126.9220052677875, 37.49786198489511], [126.92023105283626, 37.4985235747418], [126.9203263015999, 37.499984384247675], [126.92539959384614, 37.51266198192634], [126.92710418202715, 37.51299925235689], [126.92714564049218, 37.51396390781352], [126.92679392607471, 37.51397776392071], [126.92700252865563, 37.514454297517226], [126.92516455897122, 37.514900524771946], [126.92601115607434, 37.51609798603517]]]}, "properties": {"name": "대방동", "gu": "동작구", "total_spaces": 11593}}, {"type": "Feature", "geometry": {"type": "Polygon", "coordinates": [[[126.96223047158095, 37.49415460575234], [126.96287223691901, 37.49271096537543], [126.96569045342898, 37.48952512891593], [126.96636659910314, 37.48800602001629], [126.97107512634805, 37.48447455896831], [126.96997019607247, 37.48338124207469], [126.97051551437576, 37.48304351091642], [126.9696749990169, 37.48212032410594], [126.96925272623842, 37.482254796653066], [126.9670597252261, 37.48138189543189], [126.96532105796636, 37.479564449387176], [126.9646545395778, 37.4799378775356], [126.96418374451079, 37.48102850491646], [126.96312487479638, 37.48170194586295], [126.96216592605931, 37.48314323264075], [126.96134479746186, 37.48348533680931], [126.96209558562823, 37.484880170479585], [126.96234880993521, 37.487129096492744], [126.96176083541954, 37.48748930037986], [126.96205986106352, 37.48797622249035], [126.96172414120652, 37.48805466588778], [126.9618924285677, 37.48854435989932], [126.96081983265125, 37.49083788571756], [126.96139795749366, 37.49144344284661], [126.96123799218492, 37.49255922051284], [126.96223047158095, 37.49415460575234]]]}, "properties": {"name": "사당5동", "gu": "동작구", "total_spaces": 5205}}, {"type": "Feature", "geometry": {"type": "Polygon", "coordinates": [[[126.97568559615867, 37.48328633521155], [126.97566059014477, 37.48151614348435], [126.97287865946868, 37.47901128025093], [126.97327126949934, 37.4787720460998], [126.97018677745078, 37.47662547564069], [126.96880185997392, 37.47665410136027], [126.96771544001986, 37.477933781848186], [126.96532105796636, 37.479564449387176], [126.9670597252261, 37.48138189543189], [126.96925272623842, 37.482254796653066], [126.9696749990169, 37.48212032410594], [126.97051551437576, 37.48304351091642], [126.96997019607247, 37.48338124207469], [126.97107512634805, 37.48447455896831], [126.97084250959283, 37.48478337324418], [126.97409898702439, 37.48331413400752], [126.97568559615867, 37.48328633521155]]]}, "properties": {"name": "사당4동", "gu": "동작구", "total_spaces": 3736}}, {"type": "Feature", "geometry": {"type": "Polygon", "coordinates": [[[126.96297712273099, 37.494555796472966], [126.96505616433883, 37.49320298595372], [126.96787903803096, 37.49404400557082], [126.97001828763612, 37.493386583928434], [126.97281630088709, 37.493330421130274], [126.97260419008214, 37.49172602651718], [126.97649356545745, 37.48723880626465], [126.97857825260886, 37.486762543661115], [126.97999094015107, 37.4872566704923], [126.97897044123478, 37.48506057212874], [126.97917645635101, 37.484391054827185], [126.97568559615867, 37.48328633521155], [126.97409898702439, 37.48331413400752], [126.97003590806834, 37.48508049144013], [126.96636659910314, 37.48800602001629], [126.96569045342898, 37.48952512891593], [126.96253551475198, 37.49331902960595], [126.96223047158095, 37.49415460575234], [126.96297712273099, 37.494555796472966]]]}, "properties": {"name": "사당3동", "gu": "동작구", "total_spaces": 9193}}, {"type": "Feature", "geometry": {"type": "Polygon", "coordinates": [[[126.97568559615867, 37.48328633521155], [126.98208303348585, 37.4853863300967], [126.9815769045934, 37.47666342346534], [126.9769185991579, 37.47657216383351], [126.97049042170109, 37.47536837583196], [126.97019436476997, 37.47664575020398], [126.97327126949934, 37.4787720460998], [126.97287865946868, 37.47901128025093], [126.97566059014477, 37.48151614348435], [126.97568559615867, 37.48328633521155]]]}, "properties": {"name": "사당1동", "gu": "동작구", "total_spaces": 5729}}, {"type": "Feature", "geometry": {"type": "Polygon", "coordinates": [[[126.94787840063664, 37.4992553744361], [126.94828060691717, 37.49870313146804], [126.94804891328127, 37.497523562919454], [126.94828060180248, 37.496967863745205], [126.94743184351715, 37.49538763240835], [126.94739244814554, 37.493909412120466], [126.94712978314544, 37.49405908267843], [126.94330088099, 37.492585531466936], [126.94338802272786, 37.492082140731874], [126.94183525020298, 37.492192020623015], [126.94118167795712, 37.49244030830655], [126.94101809250877, 37.49284961641507], [126.93982589594252, 37.492766220585516], [126.93961184316676, 37.4935156277197], [126.93791222143112, 37.49444472541311], [126.93605592764278, 37.496278089769014], [126.93480446582726, 37.49701677213065], [126.93457523505583, 37.49787428086969], [126.93194478256883, 37.50051747387042], [126.9363576520081, 37.50326859809582], [126.93728010434432, 37.501786679661244], [126.93936504685367, 37.50051119277284], [126.94320786542303, 37.49996129027654], [126.94431264649369, 37.49943699864901], [126.94510809543759, 37.50068244859858], [126.94574815344056, 37.49991465117603], [126.94584373840945, 37.50016641275031], [126.94745205626772, 37.49945734169279], [126.94784009062947, 37.498714476194316], [126.94787840063664, 37.4992553744361]]]}, "properties": {"name": "상도4동", "gu": "동작구", "total_spaces": 7792}}, {"type": "Feature", "geometry": {"type": "Polygon", "coordinates": [[[126.93685517644514, 37.5035749292408], [126.93194478256883, 37.50051747387042], [126.93457523505583, 37.49787428086969], [126.93480446582726, 37.49701677213065], [126.93605592764278, 37.496278089769014], [126.93791222143112, 37.49444472541311], [126.93961184316676, 37.4935156277197], [126.93982589594252, 37.492766220585516], [126.94101809250877, 37.49284961641507], [126.94164615194796, 37.492251897752226], [126.9411858169284, 37.49168769399548], [126.93950925033147, 37.49087620761167], [126.93902784480635, 37.49124480085003], [126.93915079053825, 37.49191104261179], [126.936517377406, 37.492077715993354], [126.93460231283622, 37.493072533175706], [126.93237944355946, 37.49287922778044], [126.93136846927301, 37.49324297359155], [126.92986963228338, 37.494000603170775], [126.92946691891456, 37.49533383734851], [126.92971535083633, 37.4969890113993], [126.93016564452891, 37.49783622322377], [126.92973099912521, 37.49780836683559], [126.92858251367353, 37.49885957952584], [126.93038171209619, 37.499732392757956], [126.92986827965926, 37.500595351715745], [126.92889374625676, 37.50079776288522], [126.92836895616496, 37.50331572918689], [126.93268913153975, 37.50408924155916], [126.9345135182869, 37.502874224576786], [126.93540462181903, 37.50351415370186], [126.93685517644514, 37.5035749292408]]]}, "properties": {"name": "상도3동", "gu": "동작구", "total_spaces": 5937}}, {"type": "Feature", "geometry": {"type": "Polygon", "coordinates": [[[126.93834713199352, 37.505465861103666], [126.94079957970423, 37.50545166113114], [126.94193061936348, 37.5058075680197], [126.94225958093284, 37.50635762363699], [126.94267050004379, 37.506063315430865], [126.94375119247296, 37.50687953323193], [126.94486550502836, 37.5072016163601], [126.94608662006243, 37.507210642492254], [126.94732475150055, 37.5066599190656], [126.94977989513778, 37.507146713826536], [126.95031473109555, 37.5077948203684], [126.95063825966068, 37.507339956418534], [126.94991269051947, 37.50677342103679], [126.95034710515472, 37.50644981397644], [126.94980606144205, 37.505591941173485], [126.94947671937122, 37.50576974361401], [126.9487647860809, 37.50544732114348], [126.94936105248382, 37.50514490693449], [126.94927234038101, 37.50489427770065], [126.94800656798903, 37.504123357894706], [126.94743633181697, 37.50435510521168], [126.94703276054821, 37.504060406056276], [126.9471464939653, 37.50366711649465], [126.9456410539155, 37.50302276352121], [126.94790815505107, 37.5003948696985], [126.9478985710214, 37.49872379430018], [126.94745205626772, 37.49945734169279], [126.94584373840945, 37.50016641275031], [126.94574815344056, 37.49991465117603], [126.94510809543759, 37.50068244859858], [126.94431264649369, 37.49943699864901], [126.94320786542303, 37.49996129027654], [126.93936504685367, 37.50051119277284], [126.93728010434432, 37.501786679661244], [126.9363576520081, 37.50326859809582], [126.93685517644514, 37.5035749292408], [126.93540462181903, 37.50351415370186], [126.9345135182869, 37.502874224576786], [126.93278474083912, 37.50388685424406], [126.93257766499791, 37.504432400459436], [126.93271158137914, 37.50562151406705], [126.93400918144425, 37.50524356208617], [126.93525642677348, 37.50704091384394], [126.93633141348734, 37.50702574445136], [126.9363748877874, 37.506616940796725], [126.93719582011393, 37.506519688701225], [126.93834713199352, 37.505465861103666]]]}, "properties": {"name": "상도2동", "gu": "동작구", "total_spaces": 12855}}, {"type": "Feature", "geometry": {"type": "Polygon", "coordinates": [[[126.95031473109555, 37.5077948203684], [126.95054000602656, 37.508117024376375], [126.95072168267552, 37.50784398778875], [126.95152286061558, 37.50794681802555], [126.95300208583626, 37.508914880701326], [126.95336978685806, 37.508729482004924], [126.95338881940485, 37.508262097379976], [126.95451756441545, 37.50708534231427], [126.9538285717485, 37.50564910112325], [126.95362703824348, 37.504389593476624], [126.95516561737439, 37.50303673907568], [126.95532021904344, 37.50191871706397], [126.95637682020246, 37.50061436707972], [126.9566762329707, 37.49930071239516], [126.95754130806964, 37.49877536106004], [126.95882369334849, 37.49862350630821], [126.95919377418264, 37.49817651874345], [126.9601784830038, 37.498217130785996], [126.96188518322447, 37.4972423841645], [126.963040017242, 37.49456848727819], [126.9621688415423, 37.4940901074595], [126.96123799218492, 37.49255922051284], [126.96100897521782, 37.492951358694484], [126.96119885280844, 37.49338840851659], [126.96023511201034, 37.493887567405274], [126.95912517872883, 37.49386549407361], [126.95870186503242, 37.49257916432186], [126.95720249280929, 37.4920405456165], [126.95734080394655, 37.491793385557436], [126.95533029768089, 37.4915789108113], [126.95386809376585, 37.491006758296116], [126.95187230720714, 37.49235743648231], [126.95015279995894, 37.492655720777684], [126.9489313951594, 37.49364938033469], [126.94739244814554, 37.493909412120466], [126.94743184351715, 37.49538763240835], [126.94826937495304, 37.49685298129795], [126.94804891328127, 37.497523562919454], [126.94828060691717, 37.49870313146804], [126.94787557022609, 37.499259878144805], [126.94790815505107, 37.5003948696985], [126.9456410539155, 37.50302276352121], [126.9471464939653, 37.50366711649465], [126.94703276054821, 37.504060406056276], [126.94743633181697, 37.50435510521168], [126.94800656798903, 37.504123357894706], [126.94927234038101, 37.50489427770065], [126.94936105248382, 37.50514490693449], [126.94874678980345, 37.505406768204445], [126.94947671937122, 37.50576974361401], [126.94980606144205, 37.505591941173485], [126.95034710515472, 37.50644981397644], [126.94991269051947, 37.50677342103679], [126.95063825966068, 37.507339956418534], [126.95031473109555, 37.5077948203684]]]}, "properties": {"name": "상도1동", "gu": "동작구", "total_spaces": 16098}}, {"type": "Feature", "geometry": {"type": "Polygon", "coordinates": [[[126.93848233919195, 37.516789774891194], [126.93919800016091, 37.51376815686742], [126.94071025186136, 37.51383849066421], [126.9407290043565, 37.51359748375081], [126.94019228198889, 37.513577778595206], [126.94014592293698, 37.50824835765959], [126.94282726363183, 37.50987911739399], [126.94320655275078, 37.50937502838471], [126.94379689076585, 37.50949723448594], [126.94403772376899, 37.50885933325972], [126.94306822179601, 37.50886617815364], [126.94315898106373, 37.50760144798219], [126.94230782250155, 37.506807583506394], [126.94090134453344, 37.50679082118251], [126.94030297522197, 37.50614798871254], [126.94055285941876, 37.50592033445389], [126.93957519959771, 37.505793967764816], [126.93924295214146, 37.505397072520076], [126.93822445097315, 37.50551506875433], [126.93719582011393, 37.506519688701225], [126.9363748877874, 37.506616940796725], [126.93628597748146, 37.50704824430901], [126.93526934705983, 37.5070183961525], [126.9347307073841, 37.508213603806254], [126.93494721834776, 37.51017170549293], [126.93434051622026, 37.51352982746589], [126.93462350900508, 37.514075372481486], [126.9330400842516, 37.514530876165864], [126.93303860378143, 37.51576439548248], [126.93848233919195, 37.516789774891194]]]}, "properties": {"name": "노량진2동", "gu": "동작구", "total_spaces": 2975}}, {"type": "Feature", "geometry": {"type": "Polygon", "coordinates": [[[126.8853010890643, 37.521803725620785], [126.90109585697734, 37.519037513628], [126.90235695057677, 37.51582286905144], [126.90400375066638, 37.51463689613455], [126.89779448674156, 37.511965502745], [126.89815713395917, 37.51145366038467], [126.89755545138918, 37.5115260568031], [126.89296987128861, 37.50946090220355], [126.89206896214827, 37.50944289569332], [126.89067535724222, 37.511331718428075], [126.88962747327663, 37.512085878213476], [126.87947309698272, 37.51677170204168], [126.87980548369971, 37.52138063578748], [126.885009747598, 37.52058765849732], [126.8853010890643, 37.521803725620785]]]}, "properties": {"name": "문래동", "gu": "영등포구", "total_spaces": 18957}}, {"type": "Feature", "geometry": {"type": "Polygon", "coordinates": [[[126.91029501764874, 37.51070597524736], [126.89821911549879, 37.505333692057505], [126.89507304851811, 37.50822112958963], [126.89356095357665, 37.50876429749223], [126.89296987128861, 37.50946090220355], [126.89755545138918, 37.5115260568031], [126.8981844167995, 37.51140525568644], [126.9006187528584, 37.51226049114449], [126.90195944571245, 37.50971743927909], [126.90238623030494, 37.50958659051904], [126.90349349351963, 37.50951796880472], [126.90520426621916, 37.51013599574762], [126.90510130559707, 37.5103563744191], [126.90584147816732, 37.510735394869364], [126.90595211557033, 37.51114600105937], [126.9076249150344, 37.51235552264085], [126.9101934675902, 37.51253632779662], [126.9100115016449, 37.51175795119163], [126.91029501764874, 37.51070597524736]]]}, "properties": {"name": "도림동", "gu": "영등포구", "total_spaces": 6344}}, {"type": "Feature", "geometry": {"type": "Polygon", "coordinates": [[[126.91320085457606, 37.52441627081909], [126.91601525779913, 37.52034274693935], [126.91749193767879, 37.519448723980226], [126.91602648914031, 37.51808942157605], [126.91665588392019, 37.517455799667786], [126.9084665405483, 37.51673925350639], [126.90796102205974, 37.516913422147844], [126.90665123656724, 37.516461879575616], [126.90653808775875, 37.51593189042241], [126.90495644074356, 37.5149820282056], [126.90341862077939, 37.515010325041054], [126.90256427448587, 37.51554767601539], [126.90107473668658, 37.51910281784002], [126.9010042344, 37.520406103935166], [126.90283225818676, 37.52611291343242], [126.90546658905944, 37.53214949192537], [126.90582916213891, 37.532008161323844], [126.90640095485723, 37.532349029795775], [126.90647708324492, 37.53086583044161], [126.90692839700847, 37.53085774593466], [126.90672924250583, 37.5288469622326], [126.90641722149803, 37.52886557597037], [126.906388637631, 37.528267236608876], [126.90701537944862, 37.52566527409741], [126.90889466406509, 37.526129930221366], [126.90903270890644, 37.52584904075459], [126.91031276420384, 37.52632981566287], [126.91072092244812, 37.525590469999116], [126.91139542488014, 37.52590014031531], [126.91247423355259, 37.52409052248978], [126.91320085457606, 37.52441627081909]]]}, "properties": {"name": "영등포동", "gu": "영등포구", "total_spaces": 20216}}, {"type": "Feature", "geometry": {"type": "Polygon", "coordinates": [[[126.9038633925577, 37.5149312932914], [126.90553300180332, 37.51522126207], [126.90653808775875, 37.51593189042241], [126.90665123656724, 37.516461879575616], [126.90796102205974, 37.516913422147844], [126.9084665405483, 37.51673925350639], [126.91665588392019, 37.517455799667786], [126.917694459685, 37.5150508819451], [126.91884080007912, 37.51422502578586], [126.91705473314447, 37.5121748399587], [126.91100127562284, 37.51080281255611], [126.91029501764874, 37.51070597524736], [126.9100115016449, 37.51175795119163], [126.9101934675902, 37.51253632779662], [126.9076249150344, 37.51235552264085], [126.90595211557033, 37.51114600105937], [126.90584147816732, 37.510735394869364], [126.90510130559707, 37.5103563744191], [126.90520426621916, 37.51013599574762], [126.90349349351963, 37.50951796880472], [126.90195944571245, 37.50971743927909], [126.9006187528584, 37.51226049114449], [126.8981844167995, 37.51140525568644], [126.89779448674156, 37.511965502745], [126.90400375066638, 37.51463689613455], [126.9038633925577, 37.5149312932914]]]}, "properties": {"name": "영등포본동", "gu": "영등포구", "total_spaces": 7077}}, {"type": "Feature", "geometry": {"type": "Polygon", "coordinates": [[[126.89513941726192, 37.50815164366187], [126.90217612962773, 37.501432949455555], [126.90101364573148, 37.49967839831335], [126.90205871834284, 37.4984285841575], [126.9037441264409, 37.497291353855104], [126.89539744488323, 37.492032171179275], [126.89358504081504, 37.49731038434998], [126.8933098714568, 37.50151272707485], [126.89403135057384, 37.50595445989269], [126.89385562845634, 37.50747811153911], [126.89513941726192, 37.50815164366187]]]}, "properties": {"name": "대림3동", "gu": "영등포구", "total_spaces": 8628}}, {"type": "Feature", "geometry": {"type": "Polygon", "coordinates": [[[126.89539744488323, 37.492032171179275], [126.89992732167016, 37.494830377269885], [126.90352995467937, 37.49054240990229], [126.90633042000144, 37.488926277993805], [126.90322698601094, 37.48498636534132], [126.90161973404551, 37.48521252008555], [126.89859807618983, 37.48672839419684], [126.8975610606763, 37.487594980733384], [126.89652141829045, 37.48905903135898], [126.89539744488323, 37.492032171179275]]]}, "properties": {"name": "대림2동", "gu": "영등포구", "total_spaces": 4971}}, {"type": "Feature", "geometry": {"type": "Polygon", "coordinates": [[[126.908166245717, 37.49744753738989], [126.90945113115855, 37.4925865287169], [126.90633042000144, 37.488926277993805], [126.90352995467937, 37.49054240990229], [126.89992732167016, 37.494830377269885], [126.9037441264409, 37.497291353855104], [126.90451441762721, 37.497093487509964], [126.90576175486862, 37.497605540316485], [126.90746939448006, 37.49713867418406], [126.908166245717, 37.49744753738989]]]}, "properties": {"name": "대림1동", "gu": "영등포구", "total_spaces": 5804}}, {"type": "Feature", "geometry": {"type": "Polygon", "coordinates": [[[126.92516455897122, 37.514900524771946], [126.92700252865563, 37.514454297517226], [126.92679392607471, 37.51397776392071], [126.92714564049218, 37.51396390781352], [126.92710418202715, 37.51299925235689], [126.92539959384614, 37.51266198192634], [126.92082678763539, 37.501398449940964], [126.91760773232464, 37.50190104802443], [126.91556454666352, 37.50030678310364], [126.91184303249085, 37.500157604692504], [126.91263406305534, 37.501253197021576], [126.91355356047976, 37.50176492016279], [126.91545441837961, 37.504193383602555], [126.91606988933688, 37.50451509240104], [126.91612338112608, 37.50564672787405], [126.91737168150016, 37.50644275395358], [126.91764956295017, 37.50889563516928], [126.92005981024585, 37.50895476030522], [126.9197673837291, 37.507451582280446], [126.91998673663207, 37.50724760165482], [126.92055231328635, 37.50717478459814], [126.92038464035167, 37.50747143557327], [126.92060890393581, 37.50762813767081], [126.9220629072017, 37.50800022282506], [126.92211290916539, 37.5098447665346], [126.92361457987398, 37.51303276087018], [126.92431513706497, 37.512868507368395], [126.92516455897122, 37.514900524771946]]]}, "properties": {"name": "신길7동", "gu": "영등포구", "total_spaces": 8382}}, {"type": "Feature", "geometry": {"type": "Polygon", "coordinates": [[[126.91545441837961, 37.504193383602555], [126.91355356047976, 37.50176492016279], [126.91263406305534, 37.501253197021576], [126.91184303249085, 37.500157604692504], [126.91556454666352, 37.50030678310364], [126.91760773232464, 37.50190104802443], [126.91933313614079, 37.50153200694332], [126.91988974789798, 37.50170161157323], [126.92082678763539, 37.501398449940964], [126.9202705671465, 37.49972615354192], [126.92018828827212, 37.49820115669385], [126.91968454895739, 37.49769399701762], [126.91841023718993, 37.497359737911054], [126.91252515858702, 37.496385469907466], [126.91181702167782, 37.495903181463355], [126.90945113115855, 37.4925865287169], [126.90856020336355, 37.49536738505982], [126.90816882870304, 37.49792760284323], [126.9087385367143, 37.50018082960631], [126.91025645425034, 37.50202567961273], [126.91021563825011, 37.50361956985909], [126.91219685193315, 37.504258258824684], [126.91360162598656, 37.504024208467776], [126.91545441837961, 37.504193383602555]]]}, "properties": {"name": "신길6동", "gu": "영등포구", "total_spaces": 8347}}, {"type": "Feature", "geometry": {"type": "Polygon", "coordinates": [[[126.91021563825011, 37.50361956985909], [126.91025645425034, 37.50202567961273], [126.9087385367143, 37.50018082960631], [126.90821478881169, 37.497486149747594], [126.90778417295915, 37.49721128581104], [126.90548451143894, 37.49761207277735], [126.90410906186294, 37.497108358352826], [126.90256906795743, 37.49799062053075], [126.90101364573148, 37.49967839831335], [126.90217612962773, 37.501432949455555], [126.9004769117386, 37.50302768271903], [126.90157353972299, 37.50357512706571], [126.9030485890179, 37.504205656384734], [126.90383649753956, 37.503019808961085], [126.90749907037768, 37.50475635665093], [126.91021563825011, 37.50361956985909]]]}, "properties": {"name": "신길5동", "gu": "영등포구", "total_spaces": 3711}}, {"type": "Feature", "geometry": {"type": "Polygon", "coordinates": [[[126.91029501764874, 37.51070597524736], [126.91374851379216, 37.51138546545102], [126.91466281137981, 37.50795700302742], [126.91492741030969, 37.507761230367024], [126.91551768252492, 37.50804350475905], [126.91508426843954, 37.507054343893365], [126.91609741019653, 37.50579649994887], [126.91593026799316, 37.50437702604434], [126.91433337349093, 37.50403347917193], [126.91218766430734, 37.504257125630545], [126.91021563825011, 37.50361956985909], [126.91104409751824, 37.506072047211845], [126.91089139626379, 37.50886558490682], [126.91029501764874, 37.51070597524736]]]}, "properties": {"name": "신길4동", "gu": "영등포구", "total_spaces": 2937}}, {"type": "Feature", "geometry": {"type": "Polygon", "coordinates": [[[126.89821911549879, 37.505333692057505], [126.90433154602373, 37.507995413098975], [126.91029501764874, 37.51070597524736], [126.91089139626379, 37.50886558490682], [126.91104409751824, 37.506072047211845], [126.91016024282551, 37.503834640274626], [126.90931600994273, 37.503906908915226], [126.90922301634258, 37.50422978770231], [126.90749907037768, 37.50475635665093], [126.90383649753956, 37.503019808961085], [126.9030485890179, 37.504205656384734], [126.9004769117386, 37.50302768271903], [126.89821911549879, 37.505333692057505]]]}, "properties": {"name": "신길3동", "gu": "영등포구", "total_spaces": 5233}}, {"type": "Feature", "geometry": {"type": "Polygon", "coordinates": [[[126.91665588392019, 37.517455799667786], [126.91602648914031, 37.51808942157605], [126.91749193767879, 37.519448723980226], [126.919741105719, 37.51825648335542], [126.92601115607434, 37.51609798603517], [126.92478588499803, 37.51448525799265], [126.92431513706497, 37.512868507368395], [126.92361457987398, 37.51303276087018], [126.92211290916539, 37.5098447665346], [126.9220629072017, 37.50800022282506], [126.92060890393581, 37.50762813767081], [126.92038464035167, 37.50747143557327], [126.92055231328635, 37.50717478459814], [126.91998673663207, 37.50724760165482], [126.9197673837291, 37.507451582280446], [126.92005981024585, 37.50895476030522], [126.91764956295017, 37.50889563516928], [126.91737168150016, 37.50644275395358], [126.91612338112608, 37.50564672787405], [126.91508426843954, 37.507054343893365], [126.91551768252492, 37.50804350475905], [126.91492741030969, 37.507761230367024], [126.9145619969688, 37.5081818966081], [126.91464590086167, 37.50867243867461], [126.91373508512297, 37.511383202981094], [126.91705473314447, 37.5121748399587], [126.91884080007912, 37.51422502578586], [126.917694459685, 37.5150508819451], [126.91665588392019, 37.517455799667786]]]}, "properties": {"name": "신길1동", "gu": "영등포구", "total_spaces": 5968}}, {"type": "Feature", "geometry": {"type": "Polygon", "coordinates": [[[126.88975446085628, 37.55017183837449], [126.90071814174634, 37.54413492942546], [126.90404588389292, 37.54284142116154], [126.9003110180137, 37.53702800578553], [126.89414523641452, 37.529213202209725], [126.890043676155, 37.53037984941956], [126.89152522216958, 37.5331388414401], [126.89163394310862, 37.534463120947755], [126.89129958039092, 37.53583034766129], [126.88729232801099, 37.54340022383556], [126.88616578897987, 37.5435959391653], [126.88572266268476, 37.54431798804794], [126.88527544504345, 37.54630310822293], [126.88721019098331, 37.54763480331883], [126.88708447799301, 37.54786527892842], [126.88975446085628, 37.55017183837449]]]}, "properties": {"name": "양평2동", "gu": "영등포구", "total_spaces": 12802}}, {"type": "Feature", "geometry": {"type": "Polygon", "coordinates": [[[126.88848190533537, 37.53072102416271], [126.89414523641452, 37.529213202209725], [126.89263498751254, 37.527216962626795], [126.89155424481056, 37.52276110690456], [126.89150074253367, 37.521520218174366], [126.89225466935359, 37.520737615410894], [126.8853010890643, 37.521803725620785], [126.885009747598, 37.52058765849732], [126.87980548369971, 37.52138063578748], [126.88050999044285, 37.52522635418928], [126.88172612723972, 37.52631638911078], [126.88631434346838, 37.52805508548318], [126.88848190533537, 37.53072102416271]]]}, "properties": {"name": "양평1동", "gu": "영등포구", "total_spaces": 10953}}, {"type": "Feature", "geometry": {"type": "Polygon", "coordinates": [[[126.90771299191483, 37.54166775182553], [126.90836358126569, 37.53757213039679], [126.91197901765331, 37.526259292577635], [126.91320085457606, 37.52441627081909], [126.91247423355259, 37.52409052248978], [126.91139542488014, 37.52590014031531], [126.91072092244812, 37.525590469999116], [126.91031276420384, 37.52632981566287], [126.90903270890644, 37.52584904075459], [126.90889466406509, 37.526129930221366], [126.90701537944862, 37.52566527409741], [126.90640092238084, 37.5277804281252], [126.90692839700847, 37.53085774593466], [126.90647708324492, 37.53086583044161], [126.90640095485723, 37.532349029795775], [126.90582916213891, 37.532008161323844], [126.90546658905944, 37.53214949192537], [126.90283578156733, 37.526121926319945], [126.89723261845968, 37.52774762997776], [126.89414523641452, 37.529213202209725], [126.9003110180137, 37.53702800578553], [126.90404588389292, 37.54284142116154], [126.90771299191483, 37.54166775182553]]]}, "properties": {"name": "당산2동", "gu": "영등포구", "total_spaces": 15907}}, {"type": "Feature", "geometry": {"type": "Polygon", "coordinates": [[[126.89414523641452, 37.529213202209725], [126.89723261845968, 37.52774762997776], [126.90283578156733, 37.526121926319945], [126.9010042344, 37.520406103935166], [126.90109585697734, 37.519037513628], [126.89273152383528, 37.52062740208777], [126.89171703841923, 37.52119127469547], [126.89138065141208, 37.52193315613478], [126.89263498751254, 37.527216962626795], [126.89414523641452, 37.529213202209725]]]}, "properties": {"name": "당산1동", "gu": "영등포구", "total_spaces": 10524}}, {"type": "Feature", "geometry": {"type": "Polygon", "coordinates": [[[126.90771299191483, 37.54166775182553], [126.92922995468395, 37.536953798430254], [126.93470730869824, 37.5362455211537], [126.94670953541375, 37.52705002051022], [126.94771654088787, 37.52536027391712], [126.94794106123918, 37.52358231888372], [126.95040252562951, 37.520026730781595], [126.9419768745239, 37.517432984538154], [126.93243549853976, 37.51565339072098], [126.92836308865927, 37.51566755099646], [126.92524979957403, 37.51623715130006], [126.9183094567472, 37.518912928789966], [126.91601525779913, 37.52034274693935], [126.91197901765331, 37.526259292577635], [126.90836358126569, 37.53757213039679], [126.90771299191483, 37.54166775182553]]]}, "properties": {"name": "여의동", "gu": "영등포구", "total_spaces": 49199}}, {"type": "Feature", "geometry": {"type": "Polygon", "coordinates": [[[126.91415131886258, 37.45809269239501], [126.91498683829171, 37.457621124154784], [126.91678554288777, 37.457759549046656], [126.91841058503026, 37.45716266079726], [126.91818530350434, 37.455516478301305], [126.91701289649902, 37.454874242682884], [126.91645284492668, 37.45384387903419], [126.91493995275717, 37.45309945088984], [126.91413703475213, 37.45321711702356], [126.9137280401867, 37.452923423979165], [126.91370485121361, 37.452366754146034], [126.91457464971701, 37.45228208316602], [126.91321812939718, 37.4518021366445], [126.91221022041003, 37.449677820822004], [126.91262843140306, 37.4484302423666], [126.91605334370271, 37.447057044029016], [126.91697874160276, 37.44599339533454], [126.9210933251975, 37.44412526920219], [126.92014092730734, 37.442477745132635], [126.91989855513614, 37.44129134543615], [126.91805467255702, 37.43989293299065], [126.9166076521493, 37.440462916077394], [126.91521964409074, 37.440055894356384], [126.91351033813098, 37.441889592291936], [126.91111860931414, 37.44334798232492], [126.90991233243379, 37.44346502928733], [126.90920678999639, 37.4438772542864], [126.907178710721, 37.44543073472989], [126.9070646326619, 37.44628322125198], [126.90666591034588, 37.44657629225995], [126.90459620381291, 37.446491551760225], [126.90420999578264, 37.44761186132786], [126.90332186445751, 37.44743486746405], [126.90292031593177, 37.44852024588391], [126.90474962380966, 37.44897789207611], [126.90570383170605, 37.449836596236636], [126.90613118582554, 37.45371239316331], [126.90882779690239, 37.45324263696966], [126.90987518653506, 37.45611428215464], [126.91045071130057, 37.456702914413384], [126.9115463784928, 37.456664334576224], [126.91260499180164, 37.45764216302356], [126.91312294185887, 37.457660571632516], [126.91322861516797, 37.45805540340495], [126.91415131886258, 37.45809269239501]]]}, "properties": {"name": "시흥5동", "gu": "금천구", "total_spaces": 4800}}, {"type": "Feature", "geometry": {"type": "Polygon", "coordinates": [[[126.91243616721087, 37.46567674214183], [126.91374891647979, 37.4652824089582], [126.9128594167419, 37.463974163119126], [126.91382877809801, 37.46192960690235], [126.91432183371985, 37.46151072311504], [126.91429590384816, 37.46011471015461], [126.91396189074251, 37.459550772158416], [126.91415131886258, 37.45809269239501], [126.91322861516797, 37.45805540340495], [126.91312294185887, 37.457660571632516], [126.91260499180164, 37.45764216302356], [126.9115463784928, 37.456664334576224], [126.91045071130057, 37.456702914413384], [126.90987518653506, 37.45611428215464], [126.90882779690239, 37.45324263696966], [126.90613118582554, 37.45371239316331], [126.90453415928567, 37.46199921211237], [126.90405194239979, 37.46273144444063], [126.90491720732005, 37.46270315377939], [126.90521908778791, 37.463767148051105], [126.9061456748699, 37.46358009640441], [126.90743813005341, 37.46457927575047], [126.90935943212344, 37.465253726821864], [126.9096657176089, 37.465664203532924], [126.91103166928353, 37.465248543037895], [126.91243616721087, 37.46567674214183]]]}, "properties": {"name": "시흥4동", "gu": "금천구", "total_spaces": 6624}}, {"type": "Feature", "geometry": {"type": "Polygon", "coordinates": [[[126.90332186445751, 37.44743486746405], [126.90420999578264, 37.44761186132786], [126.90459620381291, 37.446491551760225], [126.90666591034588, 37.44657629225995], [126.9070646326619, 37.44628322125198], [126.907178710721, 37.44543073472989], [126.90920678999639, 37.4438772542864], [126.90991233243379, 37.44346502928733], [126.91111860931414, 37.44334798232492], [126.91351033813098, 37.441889592291936], [126.91521964409074, 37.440055894356384], [126.91432468210755, 37.4400380621564], [126.9122497383819, 37.43856083165346], [126.91133870520774, 37.437532146403335], [126.9103344176072, 37.43524309672475], [126.90873399340472, 37.433821073684705], [126.90723770420772, 37.43359322986933], [126.90642094614326, 37.433921162244566], [126.90278403392207, 37.43411133438836], [126.902713843298, 37.435934972993465], [126.9008318172162, 37.43698925392351], [126.89888284408265, 37.43880451660046], [126.89872272240575, 37.439309504921276], [126.89908992557724, 37.439596456728445], [126.90060607828286, 37.43996013473113], [126.90043548027265, 37.44025337956488], [126.89962533331128, 37.44031800707247], [126.89911655966993, 37.44104118905984], [126.89896134784598, 37.443121255002374], [126.8982256039693, 37.44465429718468], [126.90065616336699, 37.44447619473645], [126.9009615714091, 37.44517980340997], [126.90199966367473, 37.44542733256033], [126.90204135571511, 37.446211806616006], [126.90254427373195, 37.446320068019055], [126.90244721873329, 37.44654157802745], [126.90340474886223, 37.446705402572505], [126.90332186445751, 37.44743486746405]]]}, "properties": {"name": "시흥3동", "gu": "금천구", "total_spaces": 6301}}, {"type": "Feature", "geometry": {"type": "Polygon", "coordinates": [[[126.91841058503026, 37.45716266079726], [126.92178843534296, 37.456813032559765], [126.92246841511377, 37.45724794270621], [126.92263850587958, 37.45554290397005], [126.92318411529646, 37.454427991042685], [126.92386372700551, 37.454180944540234], [126.92504279078666, 37.45284146736025], [126.92589634497217, 37.45274769249564], [126.92707171584408, 37.45168975672849], [126.9288212601794, 37.450863327978645], [126.92833979587598, 37.44968918875416], [126.92609092163687, 37.448551662382314], [126.92522276916682, 37.44741837106918], [126.92347392874282, 37.44658633224635], [126.9210933251975, 37.44412526920219], [126.91697874160276, 37.44599339533454], [126.91605334370271, 37.447057044029016], [126.91262843140306, 37.4484302423666], [126.91223037777044, 37.44935797884655], [126.91263027430578, 37.450902379481164], [126.91320701895097, 37.45178973951326], [126.91457464971701, 37.45228208316602], [126.91370485121361, 37.452366754146034], [126.9137280401867, 37.452923423979165], [126.91413703475213, 37.45321711702356], [126.91493995275717, 37.45309945088984], [126.91645284492668, 37.45384387903419], [126.91701289649902, 37.454874242682884], [126.91818530350434, 37.455516478301305], [126.91841058503026, 37.45716266079726]]]}, "properties": {"name": "시흥2동", "gu": "금천구", "total_spaces": 7580}}, {"type": "Feature", "geometry": {"type": "Polygon", "coordinates": [[[126.89874362992023, 37.4593932314524], [126.89936704186046, 37.45796877665571], [126.90015830550985, 37.45816655269299], [126.89995613599828, 37.45852847042907], [126.90054374221684, 37.45901917677776], [126.90181173662312, 37.459438094184684], [126.90174032572898, 37.45988374962056], [126.90248097071641, 37.460586029822366], [126.90260699575705, 37.46225074082713], [126.90436493778482, 37.46229358887939], [126.90614160723237, 37.45398861607197], [126.90570383170605, 37.449836596236636], [126.90474962380966, 37.44897789207611], [126.90292031593177, 37.44852024588391], [126.90340474886223, 37.446705402572505], [126.90244721873329, 37.44654157802745], [126.90254427373195, 37.446320068019055], [126.90204135571511, 37.446211806616006], [126.90199966367473, 37.44542733256033], [126.9009615714091, 37.44517980340997], [126.90065616336699, 37.44447619473645], [126.90027372169634, 37.44433790110706], [126.8982256039693, 37.44465429718468], [126.8967243799334, 37.44568096822719], [126.89559143573011, 37.445716843347874], [126.89486188129891, 37.446554968149705], [126.8947924493715, 37.44807338285996], [126.89526689192674, 37.448465466454195], [126.89603274469391, 37.44832086514101], [126.89407377712642, 37.45263942409891], [126.89523218288387, 37.4527795641914], [126.8931041917397, 37.45736431113777], [126.89420963034586, 37.45717413799028], [126.89647951273197, 37.457777034698466], [126.89654707062316, 37.45808737824807], [126.89699871899106, 37.45815957733692], [126.8967433234033, 37.458812861190594], [126.89874362992023, 37.4593932314524]]]}, "properties": {"name": "시흥1동", "gu": "금천구", "total_spaces": 14400}}, {"type": "Feature", "geometry": {"type": "Polygon", "coordinates": [[[126.90822856377427, 37.472625579785735], [126.91015558068142, 37.4693598235625], [126.91027594626127, 37.46842090226278], [126.91093524928414, 37.468164905069784], [126.91165320326692, 37.46656757986396], [126.9123997410462, 37.466010086048854], [126.90923526308973, 37.46640804089705], [126.90925193728762, 37.467068320574725], [126.90678247683, 37.467417476587244], [126.90172751880112, 37.46646472860054], [126.89763141000563, 37.46651272503661], [126.89801038420516, 37.47142239830575], [126.90296971827128, 37.47075820657822], [126.9031894714566, 37.47235907734291], [126.90632152423439, 37.471985191727455], [126.90822856377427, 37.472625579785735]]]}, "properties": {"name": "독산4동", "gu": "금천구", "total_spaces": 5314}}, {"type": "Feature", "geometry": {"type": "Polygon", "coordinates": [[[126.89946855370893, 37.48034443164844], [126.90067417723469, 37.479326208787654], [126.90972368139946, 37.48094919347939], [126.90993895163906, 37.48028571665823], [126.90898382906958, 37.48010280133358], [126.90891355961564, 37.4790691285507], [126.90948520763673, 37.47820236100392], [126.91161064950916, 37.47820850226357], [126.9119661283831, 37.47697411803623], [126.91161439017257, 37.4756755632619], [126.9121007229321, 37.47475859933594], [126.9112303033539, 37.474700217044614], [126.9107262120948, 37.47364199768067], [126.90632152423439, 37.471985191727455], [126.9031894714566, 37.47235907734291], [126.90296971827128, 37.47075820657822], [126.89801038420516, 37.47142239830575], [126.89853214654258, 37.47696852343066], [126.89946855370893, 37.48034443164844]]]}, "properties": {"name": "독산3동", "gu": "금천구", "total_spaces": 9777}}, {"type": "Feature", "geometry": {"type": "Polygon", "coordinates": [[[126.89763141000563, 37.46651272503661], [126.90172751880112, 37.46646472860054], [126.90678247683, 37.467417476587244], [126.90925193728762, 37.467068320574725], [126.90923526308973, 37.46640804089705], [126.9123997410462, 37.466010086048854], [126.91243616721087, 37.46567674214183], [126.91103166928353, 37.465248543037895], [126.9096657176089, 37.465664203532924], [126.90935943212344, 37.465253726821864], [126.90743813005341, 37.46457927575047], [126.9061456748699, 37.46358009640441], [126.90521908778791, 37.463767148051105], [126.90491720732005, 37.46270315377939], [126.90405194239979, 37.46273144444063], [126.90436493778482, 37.46229358887939], [126.90260699575705, 37.46225074082713], [126.90248097071641, 37.460586029822366], [126.90174032572898, 37.45988374962056], [126.90181173662312, 37.459438094184684], [126.90054374221684, 37.45901917677776], [126.89995613599828, 37.45852847042907], [126.90015830550985, 37.45816655269299], [126.89936704186046, 37.45796877665571], [126.89741723592654, 37.46264131748526], [126.89763141000563, 37.46651272503661]]]}, "properties": {"name": "독산2동", "gu": "금천구", "total_spaces": 5390}}, {"type": "Feature", "geometry": {"type": "Polygon", "coordinates": [[[126.89586304002346, 37.47845563564547], [126.89895303277551, 37.47895362739391], [126.89845459465909, 37.47632818131279], [126.89732339843523, 37.463572647691386], [126.89770303790519, 37.46171663180154], [126.89875987297806, 37.45939662434315], [126.8967433234033, 37.458812861190594], [126.89699871899106, 37.45815957733692], [126.89654707062316, 37.45808737824807], [126.89647951273197, 37.457777034698466], [126.89420963034586, 37.45717413799028], [126.8931041917397, 37.45736431113777], [126.89523218288387, 37.4527795641914], [126.8944640097913, 37.45253672567346], [126.89344225522461, 37.452788358949775], [126.89262890617354, 37.451918986704335], [126.89197428123539, 37.452291736036806], [126.8902461846158, 37.45252973298911], [126.88970718720441, 37.452323964001835], [126.8894810428262, 37.452753416890836], [126.88969159844014, 37.45354312234042], [126.88907897376734, 37.45415184601711], [126.88944366660715, 37.45448809842784], [126.88925492025989, 37.45493898504979], [126.88716996023345, 37.455571631801575], [126.88622285652846, 37.45638809219783], [126.8858632240488, 37.457929866915066], [126.88634730369692, 37.458957484909746], [126.88617384196145, 37.4594410425527], [126.88545975815032, 37.45948483058991], [126.88527413554624, 37.46006185412681], [126.88668134807462, 37.46098056484853], [126.88761874005293, 37.461129574528925], [126.88865076025687, 37.46083407789214], [126.88909991926762, 37.46139538112935], [126.88865006220821, 37.46247362324377], [126.88676700531653, 37.46467786152307], [126.88965294080356, 37.465863477249], [126.88711981429736, 37.47202898123659], [126.88922855234627, 37.47198370115107], [126.89055100752549, 37.472349856394715], [126.89387829866068, 37.472226230449614], [126.89401150209846, 37.47356884540359], [126.89460604496652, 37.47383320954466], [126.89405342171703, 37.474516625334225], [126.89665759541134, 37.47581302921438], [126.89586304002346, 37.47845563564547]]]}, "properties": {"name": "독산1동", "gu": "금천구", "total_spaces": 28922}}, {"type": "Feature", "geometry": {"type": "Polygon", "coordinates": [[[126.87474251643037, 37.48538186262164], [126.87634115190704, 37.48560571993756], [126.87870052282146, 37.486588033752035], [126.88065901746998, 37.485968644607524], [126.88594098831749, 37.48255857360067], [126.88762595329223, 37.480591240732494], [126.88871693041813, 37.47979912450736], [126.89013106468221, 37.479307167704555], [126.89586304002346, 37.47845563564547], [126.89665759541134, 37.47581302921438], [126.89405342171703, 37.474516625334225], [126.89460604496652, 37.47383320954466], [126.89401150209846, 37.47356884540359], [126.89387829866068, 37.472226230449614], [126.89055100752549, 37.472349856394715], [126.88922855234627, 37.47198370115107], [126.88711981429736, 37.47202898123659], [126.88965294080356, 37.465863477249], [126.88676700531653, 37.46467786152307], [126.87986199782911, 37.47282615866015], [126.87665752111822, 37.47756152357022], [126.87428829216556, 37.48236893512236], [126.87344753320983, 37.48466754950312], [126.87474251643037, 37.48538186262164]]]}, "properties": {"name": "가산동", "gu": "금천구", "total_spaces": 72681}}, {"type": "Feature", "geometry": {"type": "Polygon", "coordinates": [[[126.84549644879444, 37.50745877274301], [126.84844336019432, 37.50289400969879], [126.85007141941921, 37.501294021677005], [126.85092857286546, 37.50104875080517], [126.8527395395831, 37.49947908554629], [126.85462727396333, 37.50261016253874], [126.85604797863763, 37.502256307977056], [126.85555151780991, 37.49930830643938], [126.85677297031172, 37.49861209881608], [126.85662708040698, 37.49748229340519], [126.86136137063994, 37.496672037879705], [126.86309959787653, 37.49681092631311], [126.86360836761611, 37.49610057709098], [126.86418963212628, 37.49400558724193], [126.86265073066798, 37.49388806644421], [126.85946819089982, 37.494480350029825], [126.8592111161262, 37.4942908309074], [126.85832994881508, 37.4944899569568], [126.85841369481587, 37.49476993117882], [126.85311067409314, 37.49587443293348], [126.85076521668017, 37.49572758524258], [126.84837629260082, 37.497662504085525], [126.84712641787657, 37.49780081363872], [126.84682368328266, 37.49757038152747], [126.84557173297829, 37.49828136886921], [126.84499239969847, 37.499270574329636], [126.84416015080996, 37.499689559037265], [126.84270130748561, 37.49969267505294], [126.84108954888367, 37.50014127785825], [126.84009427264694, 37.49969280198768], [126.83836375447875, 37.500141768385625], [126.83838170550129, 37.501474706558305], [126.83776971564888, 37.501746130077194], [126.83870637913296, 37.501931847556534], [126.83868165451587, 37.502169451558316], [126.83802204948675, 37.50288117316312], [126.83898276606638, 37.502901081897534], [126.84061797374355, 37.50399296386958], [126.84004582085434, 37.5055357037999], [126.84070744514605, 37.50635623187962], [126.84236990890533, 37.50556110095809], [126.84254016701041, 37.50477211312466], [126.84402229750748, 37.5050869132751], [126.84423602735514, 37.505552337730194], [126.84480850397405, 37.50567360686723], [126.84460480939075, 37.50657517806653], [126.84496751700416, 37.507295893578075], [126.84549644879444, 37.50745877274301]]]}, "properties": {"name": "개봉1동", "gu": "구로구", "total_spaces": 12253}}, {"type": "Feature", "geometry": {"type": "Polygon", "coordinates": [[[126.8734788935385, 37.50852321246484], [126.8765154070229, 37.505712256547255], [126.87841638214792, 37.50492362753655], [126.87969781422265, 37.50541262071986], [126.88123272974966, 37.503993151555704], [126.87982027982667, 37.50301553033215], [126.88374820937442, 37.49948816209934], [126.8860678574755, 37.498498508718285], [126.89041185455356, 37.493205363243085], [126.88959454235477, 37.492946680766764], [126.88926992627223, 37.493214138554976], [126.88965960214134, 37.49209051135622], [126.88778319462502, 37.49095205271549], [126.8879881015541, 37.48992877039327], [126.88407148429094, 37.4905156600811], [126.88611094230234, 37.484851223516046], [126.88413528963376, 37.486547944744196], [126.88287713997693, 37.48660328222449], [126.88079492176983, 37.487476832703884], [126.88015346604242, 37.48734384117665], [126.87956559141853, 37.49772331143695], [126.88034861340793, 37.50051495945419], [126.87995080132734, 37.50065814735038], [126.87120602795748, 37.49696374229461], [126.87058295385344, 37.49729698600204], [126.86841077277603, 37.49644283348442], [126.86831969483848, 37.49708553701744], [126.86802836894647, 37.497061557002304], [126.87126077617431, 37.50562605298223], [126.87223626506642, 37.505405817078966], [126.8734788935385, 37.50852321246484]]]}, "properties": {"name": "구로2동", "gu": "구로구", "total_spaces": 16052}}, {"type": "Feature", "geometry": {"type": "Polygon", "coordinates": [[[126.88015346604242, 37.48734384117665], [126.88079492176983, 37.487476832703884], [126.88287713997693, 37.48660328222449], [126.88413528963376, 37.486547944744196], [126.88611094230234, 37.484851223516046], [126.8875113863352, 37.484839349595], [126.89155675990013, 37.48369187356553], [126.89098333849088, 37.483074997651585], [126.89191173120409, 37.48183923860534], [126.89210230241717, 37.48065713273116], [126.89374527057197, 37.480114663084585], [126.89438145550723, 37.48020111830044], [126.89523959663929, 37.47923556918676], [126.8962246753857, 37.47893630491976], [126.8961676250166, 37.4785530468269], [126.89480782759613, 37.478512126303826], [126.89019838706291, 37.47929512393853], [126.88853146990442, 37.47989946528541], [126.88594098831749, 37.48255857360067], [126.88065901746998, 37.485968644607524], [126.88015346604242, 37.48734384117665]]]}, "properties": {"name": "가리봉동", "gu": "구로구", "total_spaces": 3202}}, {"type": "Feature", "geometry": {"type": "Polygon", "coordinates": [[[126.82296165693438, 37.50582871848461], [126.82254709664075, 37.50693406447399], [126.82260678859046, 37.507764760982376], [126.82743427611291, 37.50850431466048], [126.82913482161285, 37.50821426615131], [126.82932275338487, 37.509026563180385], [126.83115174495919, 37.50867416620631], [126.83064273853817, 37.506834835096626], [126.83121899973719, 37.506529328365886], [126.83210491566516, 37.50518333039668], [126.83379948356406, 37.50436387016842], [126.8343378386666, 37.50376744111021], [126.83617157298603, 37.50303852474568], [126.83641397346597, 37.50065037581507], [126.83568982971455, 37.500338517399676], [126.8342410487382, 37.49891430627269], [126.83412471229377, 37.49831188069513], [126.83441820666465, 37.49767709256574], [126.83636866461624, 37.496671561871665], [126.83569239940748, 37.49629951595565], [126.83570889672171, 37.49603036586129], [126.83672553478439, 37.495809635852915], [126.83665462432187, 37.49615726597903], [126.83692363867621, 37.49619705973869], [126.83722654235072, 37.495930560577015], [126.83758994313709, 37.49361043094562], [126.8380789252819, 37.49316257992996], [126.82693584364814, 37.49320661263494], [126.82684514526704, 37.49125919489365], [126.82751008587269, 37.49083839590163], [126.82640968011273, 37.490631511310426], [126.82405170108535, 37.4888490828927], [126.82317204553996, 37.488548739235306], [126.82257118673523, 37.490100365005745], [126.82072541419876, 37.49054946241238], [126.81856053712491, 37.49165013513624], [126.81784637982243, 37.49158285999931], [126.81592529350692, 37.492524780332914], [126.81520501755107, 37.493282456430165], [126.81437496722145, 37.49313445076059], [126.81406458266234, 37.494457581684905], [126.81272240266975, 37.496165933232284], [126.81266876060567, 37.49662845365378], [126.81312797440796, 37.49705490831186], [126.81309705878434, 37.498037228190974], [126.81562996588134, 37.49755160464428], [126.81742172213545, 37.49824367354234], [126.81787177725379, 37.49874527240972], [126.81874429925658, 37.49875028577741], [126.8195905058213, 37.49969707628221], [126.81949747252403, 37.500680146500436], [126.81996118229992, 37.5013194419248], [126.82159409066941, 37.50206132098968], [126.82186055261441, 37.503098154802416], [126.82254382634193, 37.50401032514654], [126.8221345013881, 37.50470178255833], [126.82230140973972, 37.505180690433804], [126.82296165693438, 37.50582871848461]]]}, "properties": {"name": "수궁동", "gu": "구로구", "total_spaces": 7918}}, {"type": "Feature", "geometry": {"type": "Polygon", "coordinates": [[[126.84861964790574, 37.495213229797024], [126.84831204734895, 37.493907790993376], [126.84793155318057, 37.49351930435898], [126.8480517820628, 37.49287440167284], [126.84905092918206, 37.49235367894612], [126.84888197797046, 37.49089834713924], [126.8463694190308, 37.48910433824653], [126.84578917503454, 37.48784808824038], [126.84460188090695, 37.48652345551713], [126.84537671313228, 37.48611762419175], [126.84592812624568, 37.48473925831854], [126.84759042560313, 37.48462458705364], [126.84986543327123, 37.48387772764379], [126.8482695628132, 37.4823569197196], [126.84648400067648, 37.48170474376231], [126.84595750164917, 37.48096607589724], [126.84587481925368, 37.477221744477134], [126.84532778955048, 37.47380369253903], [126.84442174138925, 37.47400380911281], [126.84429757973476, 37.47458647951421], [126.84360831255107, 37.474425069527086], [126.84291293926327, 37.474897727284024], [126.84012940314658, 37.47474022508457], [126.8394557310834, 37.47570421948889], [126.83684972406616, 37.47505217721322], [126.83546037040476, 37.47532025188961], [126.83461844266188, 37.47573915770609], [126.8338785098728, 37.47667571486313], [126.83173495671676, 37.477748787736715], [126.83051699566269, 37.47750291648968], [126.82928069136251, 37.476247603019964], [126.82876028080594, 37.47610043063073], [126.82451468340585, 37.47645145074608], [126.82210831276001, 37.47575714798786], [126.82168425460446, 37.4752882642794], [126.82174062037318, 37.47616626316932], [126.821293393743, 37.47629763491327], [126.81971380554296, 37.477986563119494], [126.8195165688537, 37.48057579183972], [126.81999675011679, 37.48202291767635], [126.81965871197569, 37.482278901407504], [126.81930928163484, 37.484169900171636], [126.81950801824382, 37.48555774623709], [126.82232798534801, 37.48673673481412], [126.8234993082779, 37.487777752031384], [126.82317204553996, 37.488548739235306], [126.82405170108535, 37.4888490828927], [126.82640968011273, 37.490631511310426], [126.82751008587269, 37.49083839590163], [126.82684514526704, 37.49125919489365], [126.82678578401816, 37.49315402025736], [126.83894931137095, 37.493227132232754], [126.84240087384502, 37.4939664266145], [126.8441107164323, 37.49377641005951], [126.84861964790574, 37.495213229797024]]]}, "properties": {"name": "오류2동", "gu": "구로구", "total_spaces": 15459}}, {"type": "Feature", "geometry": {"type": "Polygon", "coordinates": [[[126.83836375447875, 37.500141768385625], [126.84009427264694, 37.49969280198768], [126.84108954888367, 37.50014127785825], [126.84270130748561, 37.49969267505294], [126.84416015080996, 37.499689559037265], [126.84499239969847, 37.499270574329636], [126.84557173297829, 37.49828136886921], [126.84682368328266, 37.49757038152747], [126.84712641787657, 37.49780081363872], [126.84837629260082, 37.497662504085525], [126.85076521668017, 37.49572758524258], [126.8441107164323, 37.49377641005951], [126.84240087384502, 37.4939664266145], [126.8380789252819, 37.49316257992996], [126.83758994313709, 37.49361043094562], [126.83722654235072, 37.495930560577015], [126.83692363867621, 37.49619705973869], [126.83665462432187, 37.49615726597903], [126.83672553478439, 37.495809635852915], [126.83570889672171, 37.49603036586129], [126.83569239940748, 37.49629951595565], [126.83636866461624, 37.496671561871665], [126.83441820666465, 37.49767709256574], [126.83412020259678, 37.49843238278288], [126.8342410487382, 37.49891430627269], [126.83620499223683, 37.5006241798928], [126.83706673052461, 37.500561468048566], [126.83732770076843, 37.50000518338265], [126.83836375447875, 37.500141768385625]]]}, "properties": {"name": "오류1동", "gu": "구로구", "total_spaces": 10901}}, {"type": "Feature", "geometry": {"type": "Polygon", "coordinates": [[[126.86309202185477, 37.49095892907926], [126.86161395420092, 37.490182610157696], [126.85770415819815, 37.485899011446755], [126.85510425598845, 37.485205427024695], [126.85373948314033, 37.482887030756196], [126.8518918210181, 37.48163090681301], [126.85001266137797, 37.48165666860597], [126.84824144614709, 37.48211107902241], [126.84866552318123, 37.48293125731826], [126.84986543327123, 37.48387772764379], [126.84759042560313, 37.48462458705364], [126.84592812624568, 37.48473925831854], [126.84537671313228, 37.48611762419175], [126.84460188090695, 37.48652345551713], [126.84578917503454, 37.48784808824038], [126.8463694190308, 37.48910433824653], [126.84814205858343, 37.49045927803356], [126.85099151508108, 37.48984969987977], [126.85889489346707, 37.49017682518559], [126.85901464435362, 37.489080002677596], [126.8598271672447, 37.48880279619421], [126.86170084489906, 37.49077005205284], [126.86298475485177, 37.491258104096424], [126.86309202185477, 37.49095892907926]]]}, "properties": {"name": "개봉3동", "gu": "구로구", "total_spaces": 7006}}, {"type": "Feature", "geometry": {"type": "Polygon", "coordinates": [[[126.84861964790574, 37.495213229797024], [126.85311067409314, 37.49587443293348], [126.85841369481587, 37.49476993117882], [126.85832994881508, 37.4944899569568], [126.8592111161262, 37.4942908309074], [126.85946819089982, 37.494480350029825], [126.86265073066798, 37.49388806644421], [126.86530486620237, 37.49430477103591], [126.86819348074158, 37.49552582229263], [126.86830589847062, 37.49510388746849], [126.86759506130733, 37.49471678059226], [126.86776123398211, 37.49377711428644], [126.86730702729751, 37.49305579993101], [126.86612549963995, 37.492489356455835], [126.86481772817483, 37.49130500745376], [126.86309202185477, 37.49095892907926], [126.86298475485177, 37.491258104096424], [126.86170084489906, 37.49077005205284], [126.8598271672447, 37.48880279619421], [126.85901464435362, 37.489080002677596], [126.85889489346707, 37.49017682518559], [126.85099151508108, 37.48984969987977], [126.84814205858343, 37.49045927803356], [126.84888197797046, 37.49089834713924], [126.84906568135123, 37.49196288962586], [126.84897770568391, 37.492478316488295], [126.84795716671367, 37.49317695807136], [126.84861964790574, 37.495213229797024]]]}, "properties": {"name": "개봉2동", "gu": "구로구", "total_spaces": 12280}}, {"type": "Feature", "geometry": {"type": "Polygon", "coordinates": [[[126.85815587333816, 37.509944952669564], [126.86010581022796, 37.50668710264612], [126.86268580631524, 37.50739181422319], [126.86387394596825, 37.5081280801253], [126.86245985518306, 37.506686236791175], [126.86275359016156, 37.50600069817507], [126.8622786089089, 37.50522387392337], [126.86135755155591, 37.50476609175818], [126.86143460653886, 37.504194049846994], [126.86083123547535, 37.50395428697736], [126.85769760095792, 37.50424699809272], [126.85667081018757, 37.50393292859689], [126.85740987418608, 37.50316516900962], [126.85714619355282, 37.502172060377546], [126.85462727396333, 37.50261016253874], [126.8527395395831, 37.49947908554629], [126.85092857286546, 37.50104875080517], [126.84992204371945, 37.501411522917735], [126.84844336019432, 37.50289400969879], [126.84521941270353, 37.5080240634923], [126.8465542159581, 37.508689462288885], [126.84870853360869, 37.50882178690094], [126.8501103335799, 37.510112861483705], [126.85124312847756, 37.51003012110743], [126.8529025494372, 37.510576478523035], [126.85484685304428, 37.51005210727571], [126.855664610944, 37.509025702210316], [126.85608576448048, 37.509468554435394], [126.85815587333816, 37.509944952669564]]]}, "properties": {"name": "고척2동", "gu": "구로구", "total_spaces": 12499}}, {"type": "Feature", "geometry": {"type": "Polygon", "coordinates": [[[126.87126077617431, 37.50562605298223], [126.86802836894647, 37.497061557002304], [126.86826656790436, 37.49556110001085], [126.86530486620237, 37.49430477103591], [126.86418963212628, 37.49400558724193], [126.86360836761611, 37.49610057709098], [126.86309959787653, 37.49681092631311], [126.86136137063994, 37.496672037879705], [126.85662708040698, 37.49748229340519], [126.85677297031172, 37.49861209881608], [126.85555151780991, 37.49930830643938], [126.85607038726832, 37.50236445528082], [126.85714619355282, 37.502172060377546], [126.85740987418608, 37.50316516900962], [126.85667081018757, 37.50393292859689], [126.85769760095792, 37.50424699809272], [126.86083123547535, 37.50395428697736], [126.86143460653886, 37.504194049846994], [126.86135755155591, 37.50476609175818], [126.8622786089089, 37.50522387392337], [126.86275359016156, 37.50600069817507], [126.86352808662684, 37.50496940046206], [126.86469305368507, 37.50502397061834], [126.86484125304099, 37.50554306026953], [126.86586227806195, 37.505558878334384], [126.8679808762656, 37.50487934981366], [126.86911330070878, 37.5048504973386], [126.87015292199045, 37.50584641526474], [126.87126077617431, 37.50562605298223]]]}, "properties": {"name": "고척1동", "gu": "구로구", "total_spaces": 15502}}, {"type": "Feature", "geometry": {"type": "Polygon", "coordinates": [[[126.89385562845634, 37.50747811153911], [126.89403135057384, 37.50595445989269], [126.89333794559232, 37.50250779245668], [126.89352648987915, 37.497723663997654], [126.88881909350722, 37.49528600744999], [126.8860678574755, 37.498498508718285], [126.88374820937442, 37.49948816209934], [126.87982027982667, 37.50301553033215], [126.88123272974966, 37.503993151555704], [126.88197645027007, 37.503583389407886], [126.88248342541812, 37.504031302957266], [126.88291697236701, 37.50375975034176], [126.88423979542186, 37.50490674566926], [126.8899925998444, 37.50816350897903], [126.89104963191922, 37.507877309344444], [126.8922730256948, 37.506689130739176], [126.89385562845634, 37.50747811153911]]]}, "properties": {"name": "구로5동", "gu": "구로구", "total_spaces": 19450}}, {"type": "Feature", "geometry": {"type": "Polygon", "coordinates": [[[126.88881909350722, 37.49528600744999], [126.89352648987915, 37.497723663997654], [126.89539744488323, 37.492032171179275], [126.8888707900407, 37.487804944647316], [126.88611094230234, 37.484851223516046], [126.88407148429094, 37.4905156600811], [126.8879881015541, 37.48992877039327], [126.88778319462502, 37.49095205271549], [126.88965960214134, 37.49209051135622], [126.88926992627223, 37.493214138554976], [126.88959454235477, 37.492946680766764], [126.89041185455356, 37.493205363243085], [126.88881909350722, 37.49528600744999]]]}, "properties": {"name": "구로4동", "gu": "구로구", "total_spaces": 4558}}, {"type": "Feature", "geometry": {"type": "Polygon", "coordinates": [[[126.88632536773005, 37.484996437531976], [126.8888707900407, 37.487804944647316], [126.89539744488323, 37.492032171179275], [126.89652141829045, 37.48905903135898], [126.8975610606763, 37.487594980733384], [126.90050935276501, 37.48563166762514], [126.90322698601094, 37.48498636534132], [126.89970107053176, 37.48070615901978], [126.89895303277551, 37.47895362739391], [126.89649449542507, 37.478505190518135], [126.8961676250166, 37.4785530468269], [126.8962246753857, 37.47893630491976], [126.89523959663929, 37.47923556918676], [126.89438145550723, 37.48020111830044], [126.89374527057197, 37.480114663084585], [126.89210230241717, 37.48065713273116], [126.89191173120409, 37.48183923860534], [126.89098333849088, 37.483074997651585], [126.89155675990013, 37.48369187356553], [126.88632536773005, 37.484996437531976]]]}, "properties": {"name": "구로3동", "gu": "구로구", "total_spaces": 25160}}, {"type": "Feature", "geometry": {"type": "Polygon", "coordinates": [[[126.86831461623919, 37.495070109840825], [126.86802836894647, 37.497061557002304], [126.86831969483848, 37.49708553701744], [126.86841077277603, 37.49644283348442], [126.87058295385344, 37.49729698600204], [126.87120602795748, 37.49696374229461], [126.87995080132734, 37.50065814735038], [126.88034861340793, 37.50051495945419], [126.8795689614991, 37.49749806527479], [126.88000882991615, 37.48850823509604], [126.88065901746998, 37.485968644607524], [126.87870052282146, 37.486588033752035], [126.87634115190704, 37.48560571993756], [126.87474251643037, 37.48538186262164], [126.87511765920576, 37.48659298369117], [126.87711686852592, 37.48754087406844], [126.8771785699573, 37.48794132091564], [126.87598788092788, 37.489052515262706], [126.87513657888614, 37.48847130751463], [126.87431051673822, 37.4888499672544], [126.87291849717874, 37.48833432731799], [126.87269115399589, 37.48975399905679], [126.87355232638369, 37.49024288252221], [126.87363541407849, 37.48969589673655], [126.87403257014283, 37.4897036465506], [126.8744305988122, 37.49107359477623], [126.87390255171933, 37.49114848432391], [126.87264803827338, 37.49058061921049], [126.87237592486584, 37.491007452197024], [126.87145024554862, 37.49103853489581], [126.8706987768625, 37.491775961661865], [126.87004639665656, 37.49191770805675], [126.86965328547826, 37.49251727919197], [126.86958494808857, 37.49400188054479], [126.86890823901928, 37.49510034164456], [126.86831461623919, 37.495070109840825]]]}, "properties": {"name": "구로1동", "gu": "구로구", "total_spaces": 4232}}, {"type": "Feature", "geometry": {"type": "Polygon", "coordinates": [[[126.87947309698272, 37.51677170204168], [126.88962747327663, 37.512085878213476], [126.89067535724222, 37.511331718428075], [126.89206896214827, 37.50944289569332], [126.89296987128861, 37.50946090220355], [126.89356095357665, 37.50876429749223], [126.89513941726192, 37.50815164366187], [126.8922730256948, 37.506689130739176], [126.89104963191922, 37.507877309344444], [126.8899925998444, 37.50816350897903], [126.88423979542186, 37.50490674566926], [126.88291697236701, 37.50375975034176], [126.88248342541812, 37.504031302957266], [126.88197645027007, 37.503583389407886], [126.87969781422265, 37.50541262071986], [126.87841638214792, 37.50492362753655], [126.8765154070229, 37.505712256547255], [126.8734788935385, 37.50852321246484], [126.87845827543026, 37.514282211392334], [126.87947309698272, 37.51677170204168]]]}, "properties": {"name": "신도림동", "gu": "구로구", "total_spaces": 20627}}, {"type": "Feature", "geometry": {"type": "Polygon", "coordinates": [[[126.84572148383137, 37.55782287988286], [126.84568866860201, 37.55404938095333], [126.8442962917711, 37.55296916331375], [126.84423135848097, 37.55231416991894], [126.84507536810065, 37.55103222518562], [126.84659536316013, 37.55101339374833], [126.84661464952386, 37.55066541164307], [126.84582226975306, 37.550093085503754], [126.84636430236813, 37.54920041080286], [126.84706980521872, 37.54885614373078], [126.84310694976884, 37.54344889160716], [126.84189035250454, 37.54229398462691], [126.84043743055334, 37.54162443350943], [126.83711956742256, 37.545029831102426], [126.83639004104141, 37.546722394197566], [126.8363408502554, 37.55258889726603], [126.83821612463916, 37.558565064104926], [126.84572148383137, 37.55782287988286]]]}, "properties": {"name": "우장산동", "gu": "강서구", "total_spaces": 20190}}, {"type": "Feature", "geometry": {"type": "Polygon", "coordinates": [[[126.8403988066753, 37.54166239139487], [126.84298573398823, 37.5379036889536], [126.84889571408898, 37.527898910026074], [126.84048542944983, 37.526537378656414], [126.8395424654803, 37.52805876842387], [126.83446887427709, 37.536471197360484], [126.83517094108619, 37.53668927110546], [126.8351177128907, 37.53757132362123], [126.83377868460478, 37.539871181752034], [126.8403988066753, 37.54166239139487]]]}, "properties": {"name": "화곡1동", "gu": "강서구", "total_spaces": 21130}}, {"type": "Feature", "geometry": {"type": "Polygon", "coordinates": [[[126.81805212359703, 37.592638052898984], [126.82042809810756, 37.59083581323361], [126.82224930850651, 37.589932541447325], [126.82682620476295, 37.588354235000565], [126.82180544406224, 37.58330512736623], [126.82230335130987, 37.583108512329034], [126.82103495669007, 37.581147500815796], [126.81993752339395, 37.57837641440272], [126.82092646967332, 37.57626174128031], [126.82068147800932, 37.57494986862222], [126.82208104933368, 37.57328039321671], [126.81651140165563, 37.57337907032908], [126.81655341411746, 37.575057785858114], [126.80859436574828, 37.57528972190567], [126.80754497797622, 37.57486791774785], [126.80733535150635, 37.574265038815646], [126.80394406488765, 37.57407949651848], [126.80523404442552, 37.57723735071304], [126.80544598049616, 37.57924971572455], [126.80759565906934, 37.582470908970244], [126.80834070019402, 37.583035245921764], [126.809862572175, 37.58350736474401], [126.81169964246658, 37.58302577218549], [126.81285998669944, 37.58369605023917], [126.8141337478638, 37.58281229846456], [126.8146966777507, 37.582794044754564], [126.81499952360329, 37.58336158088714], [126.8145767826905, 37.5838389971586], [126.8147213622225, 37.584808910602526], [126.81539645569605, 37.58600124717725], [126.81466234369431, 37.5874717887071], [126.81805212359703, 37.592638052898984]]]}, "properties": {"name": "방화3동", "gu": "강서구", "total_spaces": 8694}}, {"type": "Feature", "geometry": {"type": "Polygon", "coordinates": [[[126.8049361424794, 37.60402112072061], [126.81805212359703, 37.592638052898984], [126.81466234369431, 37.5874717887071], [126.81539645569605, 37.58600124717725], [126.8147213622225, 37.584808910602526], [126.8145767826905, 37.5838389971586], [126.81499952360329, 37.58336158088714], [126.8146966777507, 37.582794044754564], [126.8141337478638, 37.58281229846456], [126.81285998669944, 37.58369605023917], [126.81169964246658, 37.58302577218549], [126.809862572175, 37.58350736474401], [126.80834070019402, 37.583035245921764], [126.80681019609194, 37.58160579693735], [126.80544598049616, 37.57924971572455], [126.80523404442552, 37.57723735071304], [126.80394406488765, 37.57407949651848], [126.80274453515419, 37.574596394545864], [126.80360772646081, 37.57257907296903], [126.80635147557913, 37.572605320525284], [126.81067178138731, 37.57328868614515], [126.81279505419964, 37.569962672931844], [126.81274609959107, 37.56721458462674], [126.81231271143902, 37.56584861372552], [126.81103771594734, 37.564057822036965], [126.80766611037734, 37.561706950936696], [126.80171891217338, 37.56231393211043], [126.80157256017945, 37.563740623471105], [126.79963296686951, 37.565010249161425], [126.79829950598881, 37.563961126916354], [126.79810911645976, 37.56412691862102], [126.79778922332093, 37.56541393420681], [126.80024003214994, 37.570099609023785], [126.79648172831082, 37.573416654722045], [126.79510160460477, 37.57513794818241], [126.79304360919507, 37.57698444932779], [126.79331617538944, 37.57730562479316], [126.7931508439772, 37.580396556463356], [126.79398806847304, 37.58198939544515], [126.7937768982092, 37.582993058616125], [126.79481581420131, 37.583312479311566], [126.79465221851126, 37.58451472520806], [126.79555971139614, 37.5845168751171], [126.79590734331047, 37.583157839475675], [126.79702536589016, 37.584180709382714], [126.79699392664448, 37.58526211750983], [126.79824764379609, 37.58714452395704], [126.79833858076223, 37.58779282572996], [126.79882797815193, 37.58822388679914], [126.8007880159067, 37.58800339791557], [126.80080920259911, 37.589007467618934], [126.79910040498945, 37.59162584825909], [126.79921613544265, 37.592792538188824], [126.79947390966936, 37.59279185346779], [126.79725414569648, 37.596592432394345], [126.79702177449975, 37.59849056852339], [126.79747344952763, 37.59999401920086], [126.79838105811454, 37.60106409281952], [126.79990006528914, 37.601333331632894], [126.7999076323251, 37.60279124536893], [126.80093471111117, 37.60433648900605], [126.8028906414363, 37.60461966417018], [126.8049361424794, 37.60402112072061]]]}, "properties": {"name": "방화2동", "gu": "강서구", "total_spaces": 17466}}, {"type": "Feature", "geometry": {"type": "Polygon", "coordinates": [[[126.80394406488765, 37.57407949651848], [126.80733535150635, 37.574265038815646], [126.80754497797622, 37.57486791774785], [126.80859436574828, 37.57528972190567], [126.81655341411746, 37.575057785858114], [126.81651140165563, 37.57337907032908], [126.82208104933368, 37.57328039321671], [126.82270208987248, 37.570675795122696], [126.8226074825992, 37.56852426407176], [126.82315616009394, 37.56701988255666], [126.81913432802315, 37.56733358880189], [126.81898708999243, 37.56592106369568], [126.81929334293356, 37.56493016897984], [126.81893971730558, 37.564751396073824], [126.816436497001, 37.56462192351316], [126.81515518190312, 37.56420094879844], [126.81314374125765, 37.56445087798415], [126.81235973675845, 37.56396731463644], [126.81124145726167, 37.56391568189076], [126.81103771594734, 37.564057822036965], [126.81259234391352, 37.566469898048126], [126.81279505419964, 37.569962672931844], [126.81067178138731, 37.57328868614515], [126.80635147557913, 37.572605320525284], [126.80360772646081, 37.57257907296903], [126.80274453515419, 37.574596394545864], [126.80394406488765, 37.57407949651848]]]}, "properties": {"name": "방화1동", "gu": "강서구", "total_spaces": 20153}}, {"type": "Feature", "geometry": {"type": "Polygon", "coordinates": [[[126.81103771594734, 37.564057822036965], [126.81235973675845, 37.56396731463644], [126.81314374125765, 37.56445087798415], [126.81515518190312, 37.56420094879844], [126.81929334293356, 37.56493016897984], [126.82144125734959, 37.56220262679871], [126.82307341382662, 37.56130045643196], [126.82359661417372, 37.5593283631367], [126.82314971341792, 37.55740942782349], [126.81702055528045, 37.55296658095352], [126.81457330837179, 37.55062128543186], [126.81630820065865, 37.54921960138164], [126.81402176825875, 37.54717722160906], [126.81447645094424, 37.54628849631602], [126.81538721071982, 37.545572803289076], [126.8152733649752, 37.54478341240197], [126.8145106397802, 37.54378520455577], [126.81335694493995, 37.543382149527595], [126.81358812098745, 37.54285149617394], [126.81251765023912, 37.54093461882772], [126.81037561913729, 37.541609167073695], [126.81027344000123, 37.54195109666169], [126.80944482310883, 37.54234759567926], [126.80964105321064, 37.54276884633759], [126.80916285935476, 37.54322926306324], [126.80334412343709, 37.542887401600254], [126.80284926958768, 37.543081690942095], [126.80161190954618, 37.54245566678142], [126.80200122034854, 37.54152858615491], [126.79977011370784, 37.54044388813108], [126.79912708072172, 37.53862165946568], [126.79873090584428, 37.538485268040155], [126.79871860342061, 37.53767491778743], [126.79690642068014, 37.537189761585886], [126.79461372386686, 37.5357554430456], [126.79383838994654, 37.53733278830738], [126.79373796110194, 37.539440086538875], [126.79485291417193, 37.54145688396356], [126.79180388882344, 37.5418203519284], [126.79155744496049, 37.54288702480124], [126.79177842534932, 37.54384162269913], [126.78908738538512, 37.54418144138628], [126.7867194465249, 37.54633474780111], [126.78033145525731, 37.546162185251276], [126.77548034009978, 37.54891087206851], [126.77116275617455, 37.54870966054612], [126.76841132181082, 37.552459132804145], [126.7679589830192, 37.55269277759258], [126.76771064576992, 37.55418849022578], [126.76727912566201, 37.554263655898794], [126.76684097612264, 37.55391506070295], [126.76656622750751, 37.55440865017145], [126.76675952835129, 37.554794770268366], [126.76427829269979, 37.55533913245154], [126.76492372925863, 37.55561804444733], [126.76866503625718, 37.55576485320116], [126.76879600639198, 37.55675169339568], [126.7693696930417, 37.557139402864294], [126.7727381542346, 37.55722312452618], [126.77304037247116, 37.55762662027568], [126.77175546617278, 37.558724458455366], [126.77265081979145, 37.55889259850062], [126.77379741504394, 37.55994953413571], [126.77433542687376, 37.55975573194576], [126.77425547486936, 37.560169750844175], [126.77509993213714, 37.560860065560625], [126.77476021123472, 37.5611527976752], [126.77556295894783, 37.561195444162884], [126.7756109953856, 37.56180285791931], [126.77611114221139, 37.56173595817176], [126.77795376405608, 37.55994058345902], [126.77767406733612, 37.56198698462721], [126.77670882403741, 37.56199106348531], [126.77678040451194, 37.56424254152038], [126.77546455047558, 37.56537865177493], [126.77469254183225, 37.56749054799727], [126.77549869383013, 37.568243573010335], [126.77551747869262, 37.567353040164384], [126.7765060155634, 37.56697764013465], [126.77666114973428, 37.565967704368525], [126.77755250278094, 37.56691402680333], [126.77900638213814, 37.56735572518524], [126.77897704893401, 37.568238918244894], [126.78023668064034, 37.56733466809089], [126.7805266250086, 37.56832826724982], [126.78183315038491, 37.56897519239201], [126.78065194039931, 37.57003249214525], [126.78272222003233, 37.57037393521349], [126.78279012351136, 37.57098335290767], [126.7819019909347, 37.57185284502092], [126.78270228477476, 37.573560854460226], [126.78565784226444, 37.57528154673653], [126.78683565957934, 37.575595379074194], [126.78807159514601, 37.57674468710368], [126.78854055206631, 37.5763569841282], [126.78887944388744, 37.57648570386602], [126.7887221174837, 37.577197198764125], [126.7889985556165, 37.57745672996934], [126.7927993351764, 37.577301051914745], [126.79648172831082, 37.573416654722045], [126.80024003214994, 37.570099609023785], [126.79778922332093, 37.56541393420681], [126.79829950598881, 37.563961126916354], [126.79963296686951, 37.565010249161425], [126.80157256017945, 37.563740623471105], [126.80171891217338, 37.56231393211043], [126.80766611037734, 37.561706950936696], [126.81103771594734, 37.564057822036965]]]}, "properties": {"name": "공항동", "gu": "강서구", "total_spaces": 29903}}, {"type": "Feature", "geometry": {"type": "Polygon", "coordinates": [[[126.83821612463916, 37.558565064104926], [126.8363408502554, 37.55258889726603], [126.83631673434006, 37.54797269749888], [126.8333301628122, 37.547974957489075], [126.83293441812205, 37.54736228284756], [126.83125705227827, 37.54741562510812], [126.82977720884539, 37.547072795194396], [126.82991939832701, 37.54613287462285], [126.82937320744139, 37.546528515517664], [126.82873308075527, 37.54625334165136], [126.82808419888607, 37.545409119561704], [126.82681178496571, 37.54189225316917], [126.82566492395664, 37.54112301906152], [126.82214717882253, 37.54067933992188], [126.81465693133232, 37.54063816202038], [126.81466390487579, 37.5418111508801], [126.81379067922944, 37.54252154886978], [126.81335694493995, 37.543382149527595], [126.8147901114844, 37.54402018593307], [126.81538721071982, 37.545572803289076], [126.81447645094424, 37.54628849631602], [126.81402176825875, 37.54717722160906], [126.81630820065865, 37.54921960138164], [126.81457330837179, 37.55062128543186], [126.81702055528045, 37.55296658095352], [126.82314971341792, 37.55740942782349], [126.82359661417372, 37.5593283631367], [126.82346471585817, 37.56006106207116], [126.83821612463916, 37.558565064104926]]]}, "properties": {"name": "발산1동", "gu": "강서구", "total_spaces": 33336}}, {"type": "Feature", "geometry": {"type": "Polygon", "coordinates": [[[126.86925843379632, 37.563886243418], [126.86741251196915, 37.559809158834476], [126.86559640490452, 37.559093893149715], [126.86549204263092, 37.55871929941083], [126.86517129201478, 37.558893496087975], [126.86303596256309, 37.55687983433666], [126.85517629340251, 37.561066710725775], [126.85732273140289, 37.564609390962595], [126.86033069949252, 37.568708860266995], [126.86628387671874, 37.565891514270426], [126.86925843379632, 37.563886243418]]]}, "properties": {"name": "가양3동", "gu": "강서구", "total_spaces": 5521}}, {"type": "Feature", "geometry": {"type": "Polygon", "coordinates": [[[126.85093932829294, 37.5756193689737], [126.85775247997503, 37.57464268998125], [126.85741444858266, 37.57107239928998], [126.8584034454383, 37.569621042018156], [126.86033069949252, 37.568708860266995], [126.85732273140289, 37.564609390962595], [126.85517629340251, 37.561066710725775], [126.84883012126221, 37.564402748861006], [126.85084659375245, 37.567302859758684], [126.84813377184334, 37.569271965870236], [126.85082084964237, 37.57279518822171], [126.85093932829294, 37.5756193689737]]]}, "properties": {"name": "가양2동", "gu": "강서구", "total_spaces": 5301}}, {"type": "Feature", "geometry": {"type": "Polygon", "coordinates": [[[126.82682620476295, 37.588354235000565], [126.85093932829294, 37.5756193689737], [126.85082084964237, 37.57279518822171], [126.84813377184334, 37.569271965870236], [126.85084659375245, 37.567302859758684], [126.84883012126221, 37.564402748861006], [126.84755471457063, 37.565062755626364], [126.84592356257998, 37.56473372765745], [126.84273415866573, 37.5661617705017], [126.84116473116165, 37.56797598389971], [126.83821612463916, 37.558565064104926], [126.82346471585817, 37.56006106207116], [126.82307341382662, 37.56130045643196], [126.82144125734959, 37.56220262679871], [126.81929334293356, 37.56493016897984], [126.81898708999243, 37.56592106369568], [126.81913432802315, 37.56733358880189], [126.82315616009394, 37.56701988255666], [126.8226074825992, 37.56852426407176], [126.82277849570035, 37.569491957849976], [126.82235701859895, 37.572891980417936], [126.82068147800932, 37.57494986862222], [126.82092646967332, 37.57626174128031], [126.81993752339395, 37.57837641440272], [126.82103495669007, 37.581147500815796], [126.82230335130987, 37.583108512329034], [126.82180544406224, 37.58330512736623], [126.82682620476295, 37.588354235000565]]]}, "properties": {"name": "가양1동", "gu": "강서구", "total_spaces": 62923}}, {"type": "Feature", "geometry": {"type": "Polygon", "coordinates": [[[126.8517549627834, 37.53662840540061], [126.85109481837338, 37.53558241528807], [126.85142756205425, 37.5308895107762], [126.85196432244987, 37.52828406833449], [126.84889571408898, 37.527898910026074], [126.84368908689841, 37.53669082572389], [126.84486290696805, 37.537221158350505], [126.84482953646818, 37.53813027137356], [126.8484307596347, 37.53891181841153], [126.8486218739937, 37.53865134145444], [126.84973832066396, 37.53856183770698], [126.849627733583, 37.538171453369394], [126.85155611257606, 37.53899438359203], [126.85177867631697, 37.53953413488686], [126.85210162265427, 37.538499247881816], [126.8517549627834, 37.53662840540061]]]}, "properties": {"name": "화곡8동", "gu": "강서구", "total_spaces": 8579}}, {"type": "Feature", "geometry": {"type": "Polygon", "coordinates": [[[126.84796318768579, 37.55742290538125], [126.85771455538337, 37.55407027003835], [126.85736499195204, 37.55341381067065], [126.85744622356701, 37.55163304694206], [126.8579827160909, 37.55144223989652], [126.85740827422714, 37.55086321721422], [126.85737247409871, 37.55017138196804], [126.85682668284501, 37.549779628368064], [126.85705848495606, 37.54923340519779], [126.8567072406035, 37.548455026030496], [126.85612233822708, 37.547361293090134], [126.85483408531232, 37.546095778798744], [126.85363807518397, 37.546309961820285], [126.85357943671774, 37.545383557112196], [126.85196295133181, 37.54570249901354], [126.84926208039639, 37.54775978232267], [126.84912871512338, 37.54830442799293], [126.84786301780886, 37.54893488894117], [126.84758859165782, 37.54859440767075], [126.84636430236813, 37.54920041080286], [126.84582226975306, 37.550093085503754], [126.84661464952386, 37.55066541164307], [126.84659536316013, 37.55101339374833], [126.84507536810065, 37.55103222518562], [126.84423135848097, 37.55231416991894], [126.8442962917711, 37.55296916331375], [126.84568866860201, 37.55404938095333], [126.84572148383137, 37.55782287988286], [126.84796318768579, 37.55742290538125]]]}, "properties": {"name": "화곡6동", "gu": "강서구", "total_spaces": 15064}}, {"type": "Feature", "geometry": {"type": "Polygon", "coordinates": [[[126.85594451880566, 37.542695911323214], [126.85731405036017, 37.542223444838044], [126.85797881513228, 37.542410647316515], [126.8604786196969, 37.541557717292136], [126.86069567350418, 37.53857879042945], [126.8611054305771, 37.538320806206386], [126.86098034921878, 37.53714401790012], [126.86181181354412, 37.53637099563977], [126.86188129118551, 37.53551738741047], [126.86349500804624, 37.53559924743708], [126.86401108341305, 37.52979970684794], [126.85848548075853, 37.52910501069207], [126.85763063416, 37.53342451621142], [126.85394248829321, 37.53709770419498], [126.85338691528491, 37.53679264220885], [126.85237990496132, 37.5381380765766], [126.85226389105095, 37.54010913138366], [126.85395375660504, 37.54070985137374], [126.85431882171439, 37.5414398286319], [126.85571360693031, 37.54206493243996], [126.85594451880566, 37.542695911323214]]]}, "properties": {"name": "화곡4동", "gu": "강서구", "total_spaces": 8499}}, {"type": "Feature", "geometry": {"type": "Polygon", "coordinates": [[[126.82991939832701, 37.54613287462285], [126.82997145937897, 37.547178662354476], [126.83293441812205, 37.54736228284756], [126.8333301628122, 37.547974957489075], [126.83629905298734, 37.54797267276196], [126.83679831265528, 37.54551028727215], [126.84041788820947, 37.54166833018257], [126.83377868460478, 37.539871181752034], [126.8331399139638, 37.5418414730474], [126.83008332870959, 37.541719383473854], [126.83030386336009, 37.542773018407296], [126.82982997680492, 37.54426318891255], [126.83028648137193, 37.5453484193722], [126.82991939832701, 37.54613287462285]]]}, "properties": {"name": "화곡3동", "gu": "강서구", "total_spaces": 9974}}, {"type": "Feature", "geometry": {"type": "Polygon", "coordinates": [[[126.85300066729297, 37.53615188944157], [126.85394248829321, 37.53709770419498], [126.85763063416, 37.53342451621142], [126.85848548075853, 37.52910501069207], [126.85196432244987, 37.52828406833449], [126.85142756205425, 37.5308895107762], [126.85109481837338, 37.53558241528807], [126.8517549627834, 37.53662840540061], [126.85300066729297, 37.53615188944157]]]}, "properties": {"name": "화곡2동", "gu": "강서구", "total_spaces": 6656}}, {"type": "Feature", "geometry": {"type": "Polygon", "coordinates": [[[126.84706980521872, 37.54885614373078], [126.84758859165782, 37.54859440767075], [126.84786301780886, 37.54893488894117], [126.84912871512338, 37.54830442799293], [126.84926208039639, 37.54775978232267], [126.85196295133181, 37.54570249901354], [126.85357943671774, 37.545383557112196], [126.85370057188365, 37.54635762364381], [126.85483408531232, 37.546095778798744], [126.85490154362324, 37.54460331469402], [126.85452273559636, 37.54356811172723], [126.85594451880566, 37.542695911323214], [126.85592347577783, 37.54233408101031], [126.85544624143253, 37.54181542157188], [126.85431882171439, 37.5414398286319], [126.85395375660504, 37.54070985137374], [126.85226389105095, 37.54010913138366], [126.85237990496132, 37.5381380765766], [126.85338691528491, 37.53679264220885], [126.85300066729297, 37.53615188944157], [126.8517549627834, 37.53662840540061], [126.85210162265427, 37.538499247881816], [126.85177867631697, 37.53953413488686], [126.85155611257606, 37.53899438359203], [126.849627733583, 37.538171453369394], [126.84973832066396, 37.53856183770698], [126.8486218739937, 37.53865134145444], [126.8484307596347, 37.53891181841153], [126.84482953646818, 37.53813027137356], [126.84486290696805, 37.537221158350505], [126.84368908689841, 37.53669082572389], [126.84043743055334, 37.54162443350943], [126.84189035250454, 37.54229398462691], [126.84310694976884, 37.54344889160716], [126.84706980521872, 37.54885614373078]]]}, "properties": {"name": "화곡본동", "gu": "강서구", "total_spaces": 12887}}, {"type": "Feature", "geometry": {"type": "Polygon", "coordinates": [[[126.84755471457063, 37.565062755626364], [126.85517629340251, 37.561066710725775], [126.85230846529788, 37.555888629381926], [126.84692830830105, 37.55769551200563], [126.83821612463916, 37.558565064104926], [126.84116473116165, 37.56797598389971], [126.84273415866573, 37.5661617705017], [126.84592356257998, 37.56473372765745], [126.84755471457063, 37.565062755626364]]]}, "properties": {"name": "등촌3동", "gu": "강서구", "total_spaces": 16952}}, {"type": "Feature", "geometry": {"type": "Polygon", "coordinates": [[[126.86428476041692, 37.55138947834714], [126.86217672716755, 37.54452793669798], [126.8623437607533, 37.54360264670955], [126.86379206426986, 37.54075890069025], [126.86349500804624, 37.53559924743708], [126.86188129118551, 37.53551738741047], [126.86181181354412, 37.53637099563977], [126.86098034921878, 37.53714401790012], [126.8611054305771, 37.538320806206386], [126.86069567350418, 37.53857879042945], [126.8604786196969, 37.541557717292136], [126.85797881513228, 37.542410647316515], [126.85731405036017, 37.542223444838044], [126.85563906733543, 37.54275494352117], [126.85455690951667, 37.5434521516348], [126.85490154362324, 37.54460331469402], [126.85479800771215, 37.54600985828725], [126.85500460954337, 37.54650678600027], [126.85612233822708, 37.547361293090134], [126.85705848495606, 37.54923340519779], [126.85682668284501, 37.549779628368064], [126.85737247409871, 37.55017138196804], [126.85740827422714, 37.55086321721422], [126.8579827160909, 37.55144223989652], [126.85744622356701, 37.55163304694206], [126.85736499195204, 37.55341381067065], [126.85771455538337, 37.55407027003835], [126.86428476041692, 37.55138947834714]]]}, "properties": {"name": "등촌2동", "gu": "강서구", "total_spaces": 9801}}, {"type": "Feature", "geometry": {"type": "Polygon", "coordinates": [[[126.85517629340251, 37.561066710725775], [126.86431204790826, 37.5561813679197], [126.8673191226181, 37.55419757861473], [126.86507434762137, 37.55105674540679], [126.86062576806182, 37.55299202865822], [126.85230846529788, 37.555888629381926], [126.85517629340251, 37.561066710725775]]]}, "properties": {"name": "등촌1동", "gu": "강서구", "total_spaces": 13200}}, {"type": "Feature", "geometry": {"type": "Polygon", "coordinates": [[[126.86303596256309, 37.55687983433666], [126.86517129201478, 37.558893496087975], [126.86549204263092, 37.55871929941083], [126.86559640490452, 37.559093893149715], [126.86741251196915, 37.559809158834476], [126.86925843379632, 37.563886243418], [126.88975446085628, 37.55017183837449], [126.88708447799301, 37.54786527892842], [126.88721019098331, 37.54763480331883], [126.88527544504345, 37.54630310822293], [126.88616578897987, 37.5435959391653], [126.88515695614184, 37.54358959980157], [126.88071386466233, 37.54787019603466], [126.87781315900865, 37.547165546347564], [126.8740186440167, 37.54692697122526], [126.87070198175249, 37.547651738488], [126.86507434762137, 37.55105674540679], [126.8673191226181, 37.55419757861473], [126.86303596256309, 37.55687983433666]]]}, "properties": {"name": "염창동", "gu": "강서구", "total_spaces": 20381}}, {"type": "Feature", "geometry": {"type": "Polygon", "coordinates": [[[126.84889571408898, 37.527898910026074], [126.86401108341305, 37.52979970684794], [126.86431817215525, 37.5262081960868], [126.86540782226763, 37.52256155606923], [126.85291682105414, 37.52111673597606], [126.8516122512683, 37.52172156953552], [126.851981771157, 37.521933208526015], [126.85172035134349, 37.522553437241626], [126.84889571408898, 37.527898910026074]]]}, "properties": {"name": "신정4동", "gu": "양천구", "total_spaces": 13300}}, {"type": "Feature", "geometry": {"type": "Polygon", "coordinates": [[[126.88249714569658, 37.54424044942961], [126.88729232801099, 37.54340022383556], [126.89129958039092, 37.53583034766129], [126.89163394310862, 37.534463120947755], [126.89152522216958, 37.5331388414401], [126.890043676155, 37.53037984941956], [126.88506551727843, 37.531558444585315], [126.88149252408861, 37.53189471101454], [126.86718708542232, 37.530220071260196], [126.86788781470858, 37.53160501717305], [126.8697825238624, 37.532995519839645], [126.86976271518962, 37.534508321165056], [126.87015132240083, 37.53539285317744], [126.87395667681241, 37.53867353998464], [126.87609947302852, 37.54105670649458], [126.8811302818054, 37.54268964003646], [126.88249714569658, 37.54424044942961]]]}, "properties": {"name": "목5동", "gu": "양천구", "total_spaces": 13725}}, {"type": "Feature", "geometry": {"type": "Polygon", "coordinates": [[[126.86259666180221, 37.5168746941029], [126.8633812197226, 37.515433176617975], [126.86236531200589, 37.515063983804005], [126.8640264896634, 37.512059981227665], [126.86975219278915, 37.51405686339485], [126.87140369787156, 37.51084213758894], [126.8734788935385, 37.50852321246484], [126.87223626506642, 37.505405817078966], [126.87015292199045, 37.50584641526474], [126.86911330070878, 37.5048504973386], [126.8679808762656, 37.50487934981366], [126.86586227806195, 37.505558878334384], [126.86484125304099, 37.50554306026953], [126.86469305368507, 37.50502397061834], [126.86352808662684, 37.50496940046206], [126.86245985518306, 37.506686236791175], [126.86381201338033, 37.5081719315411], [126.86268580631524, 37.50739181422319], [126.86010581022796, 37.50668710264612], [126.85593797161967, 37.513681374242815], [126.85894805387034, 37.51472316165543], [126.85887950656931, 37.51554523745145], [126.86259666180221, 37.5168746941029]]]}, "properties": {"name": "신정7동", "gu": "양천구", "total_spaces": 9194}}, {"type": "Feature", "geometry": {"type": "Polygon", "coordinates": [[[126.87115841410962, 37.52312975652973], [126.87000137821482, 37.518493981327765], [126.87035806990745, 37.518380908838466], [126.87176358737733, 37.51590387885927], [126.87405398865266, 37.51712299819609], [126.87461306410783, 37.51657596379575], [126.87519476994511, 37.516963170730314], [126.87586053530072, 37.51634134918798], [126.87540406382256, 37.515683417423006], [126.87645155982689, 37.51474805858303], [126.87845827543026, 37.514282211392334], [126.8734788935385, 37.50852321246484], [126.87140369787156, 37.51084213758894], [126.86975219278915, 37.51405686339485], [126.8640264896634, 37.512059981227665], [126.86236531200589, 37.515063983804005], [126.8633812197226, 37.515433176617975], [126.86259666180221, 37.5168746941029], [126.8673298269532, 37.51852589016546], [126.86540782226763, 37.52256155606923], [126.86859026897397, 37.52396312975613], [126.86997651422399, 37.52329456707253], [126.87115841410962, 37.52312975652973]]]}, "properties": {"name": "신정6동", "gu": "양천구", "total_spaces": 9205}}, {"type": "Feature", "geometry": {"type": "Polygon", "coordinates": [[[126.85086063068724, 37.5221961694216], [126.8524608956041, 37.5212484951011], [126.85648074842751, 37.512478930751385], [126.85815587333816, 37.509944952669564], [126.85608576448048, 37.509468554435394], [126.855664610944, 37.509025702210316], [126.85484685304428, 37.51005210727571], [126.8529025494372, 37.510576478523035], [126.85124312847756, 37.51003012110743], [126.8501103335799, 37.510112861483705], [126.84870853360869, 37.50882178690094], [126.8465542159581, 37.508689462288885], [126.84521941270353, 37.5080240634923], [126.84549644879444, 37.50745877274301], [126.84496751700416, 37.507295893578075], [126.84466489692613, 37.5067422238355], [126.84480850397405, 37.50567360686723], [126.84423602735514, 37.505552337730194], [126.84402229750748, 37.5050869132751], [126.84254016701041, 37.50477211312466], [126.84236990890533, 37.50556110095809], [126.84070744514605, 37.50635623187962], [126.84004582085434, 37.5055357037999], [126.84061797374355, 37.50399296386958], [126.83898276606638, 37.502901081897534], [126.83802204948675, 37.50288117316312], [126.83868165451587, 37.502169451558316], [126.83870637913296, 37.501931847556534], [126.83776971564888, 37.501746130077194], [126.83838170550129, 37.501474706558305], [126.83836375447875, 37.500141768385625], [126.83732770076843, 37.50000518338265], [126.83706673052461, 37.500561468048566], [126.83641397346597, 37.50065037581507], [126.83617157298603, 37.50303852474568], [126.8343378386666, 37.50376744111021], [126.83379948356406, 37.50436387016842], [126.83210491566516, 37.50518333039668], [126.83121899973719, 37.506529328365886], [126.83064273853817, 37.506834835096626], [126.83067498644047, 37.50757285423497], [126.83121257152207, 37.508425635228974], [126.8308346081571, 37.508872772290424], [126.82932275338487, 37.509026563180385], [126.82913482161285, 37.50821426615131], [126.82743427611291, 37.50850431466048], [126.82485004583235, 37.50822145087877], [126.82433048549973, 37.50889557525029], [126.82401160169881, 37.510868841029705], [126.82456733983055, 37.51321789495291], [126.82437582015886, 37.5143151330194], [126.82349385448964, 37.51478682967697], [126.82314020734478, 37.516048815703435], [126.82467672136325, 37.51764391622701], [126.8254204098171, 37.51909168701614], [126.82964507261025, 37.51851620499223], [126.83026575249919, 37.517685938707395], [126.83099924260084, 37.5177599241188], [126.83227525347519, 37.51630468128736], [126.83336874922564, 37.51606410048206], [126.83385273088469, 37.51524234866313], [126.83492903726464, 37.51564931937051], [126.83540357538818, 37.514853169858775], [126.83766500736296, 37.51367743199043], [126.83989674596208, 37.514191258458034], [126.84006259047989, 37.51383165012188], [126.84077699276362, 37.513892878495405], [126.84104743526981, 37.513296336536435], [126.8422530590095, 37.51306736956822], [126.84324621521176, 37.51368926525202], [126.84340057548532, 37.514157708165904], [126.84433530436529, 37.51433521292332], [126.84483947480155, 37.5141072550694], [126.84583318864553, 37.51498816589195], [126.84705017676764, 37.51516827331731], [126.84723473612061, 37.51557508873744], [126.8485707440958, 37.51598452660046], [126.84866325335436, 37.52071374419118], [126.84681041321953, 37.522070144382404], [126.84760460092903, 37.522482542203946], [126.84933042979519, 37.52248083661016], [126.85086063068724, 37.5221961694216]]]}, "properties": {"name": "신정3동", "gu": "양천구", "total_spaces": 19122}}, {"type": "Feature", "geometry": {"type": "Polygon", "coordinates": [[[126.87982271968038, 37.52219520920387], [126.87944923797154, 37.51622854594194], [126.87845827543026, 37.514282211392334], [126.87645155982689, 37.51474805858303], [126.87540406382256, 37.515683417423006], [126.87586053530072, 37.51634134918798], [126.87519476994511, 37.516963170730314], [126.87461306410783, 37.51657596379575], [126.87405398865266, 37.51712299819609], [126.87176358737733, 37.51590387885927], [126.87035806990745, 37.518380908838466], [126.87000137821482, 37.518493981327765], [126.87115841410962, 37.52312975652973], [126.87982271968038, 37.52219520920387]]]}, "properties": {"name": "신정2동", "gu": "양천구", "total_spaces": 6550}}, {"type": "Feature", "geometry": {"type": "Polygon", "coordinates": [[[126.8524608956041, 37.5212484951011], [126.86540782226763, 37.52256155606923], [126.8673298269532, 37.51852589016546], [126.85921200920116, 37.51570021554693], [126.85876826962459, 37.51539587567838], [126.85894805387034, 37.51472316165543], [126.85593797161967, 37.513681374242815], [126.8524608956041, 37.5212484951011]]]}, "properties": {"name": "신정1동", "gu": "양천구", "total_spaces": 6067}}, {"type": "Feature", "geometry": {"type": "Polygon", "coordinates": [[[126.83489482513538, 37.525551764427604], [126.83790368903206, 37.52059768695342], [126.83944546819153, 37.517086495597894], [126.83385273088469, 37.51524234866313], [126.83336874922564, 37.51606410048206], [126.83227525347519, 37.51630468128736], [126.83099924260084, 37.5177599241188], [126.83026575249919, 37.517685938707395], [126.82964507261025, 37.51851620499223], [126.8254204098171, 37.51909168701614], [126.82565869847345, 37.522239891321675], [126.82520541838903, 37.523027022318], [126.82591598887954, 37.52407661261446], [126.83489482513538, 37.525551764427604]]]}, "properties": {"name": "신월7동", "gu": "양천구", "total_spaces": 4412}}, {"type": "Feature", "geometry": {"type": "Polygon", "coordinates": [[[126.84443751305496, 37.52004259031965], [126.84567689787158, 37.51798996357288], [126.84848068865705, 37.516983388555275], [126.8485707440958, 37.51598452660046], [126.84723473612061, 37.51557508873744], [126.84705017676764, 37.51516827331731], [126.84583318864553, 37.51498816589195], [126.84483947480155, 37.5141072550694], [126.84433530436529, 37.51433521292332], [126.84340057548532, 37.514157708165904], [126.84324621521176, 37.51368926525202], [126.8422530590095, 37.51306736956822], [126.84104743526981, 37.513296336536435], [126.84077699276362, 37.513892878495405], [126.84006259047989, 37.51383165012188], [126.83989674596208, 37.514191258458034], [126.83766500736296, 37.51367743199043], [126.83526881373103, 37.514972925289335], [126.83490950353631, 37.515690962854045], [126.8413015110871, 37.51770874335016], [126.84443751305496, 37.52004259031965]]]}, "properties": {"name": "신월6동", "gu": "양천구", "total_spaces": 6102}}, {"type": "Feature", "geometry": {"type": "Polygon", "coordinates": [[[126.82478319482853, 37.54098936971557], [126.82566492395664, 37.54112301906152], [126.82681178496571, 37.54189225316917], [126.82808419888607, 37.545409119561704], [126.82889308656162, 37.546409841202625], [126.82937320744139, 37.546528515517664], [126.83024190401468, 37.54566708017775], [126.82982997680492, 37.54426318891255], [126.83030386336009, 37.542773018407296], [126.83008332870959, 37.541719383473854], [126.8331399139638, 37.5418414730474], [126.83382419617556, 37.539758622436544], [126.83507881058318, 37.53773429203139], [126.83516531893783, 37.536912258724335], [126.82850962039562, 37.53591132334631], [126.82478319482853, 37.54098936971557]]]}, "properties": {"name": "신월5동", "gu": "양천구", "total_spaces": 5363}}, {"type": "Feature", "geometry": {"type": "Polygon", "coordinates": [[[126.84048542944983, 37.526537378656414], [126.84443751305496, 37.52004259031965], [126.8413015110871, 37.51770874335016], [126.83944546819153, 37.517086495597894], [126.83790368903206, 37.52059768695342], [126.83489482513538, 37.525551764427604], [126.84048542944983, 37.526537378656414]]]}, "properties": {"name": "신월4동", "gu": "양천구", "total_spaces": 6283}}, {"type": "Feature", "geometry": {"type": "Polygon", "coordinates": [[[126.82214717882253, 37.54067933992188], [126.82464532026931, 37.5411274091512], [126.82528435675374, 37.54048866066482], [126.83250656411415, 37.5297227864071], [126.83489482513538, 37.525551764427604], [126.82591598887954, 37.52407661261446], [126.82584809307285, 37.52438707298402], [126.82643904904009, 37.524969654565986], [126.8281539984783, 37.52579856436775], [126.82827815671938, 37.52630273985646], [126.82882648641313, 37.52652794655669], [126.82846071244965, 37.526702823374436], [126.82800816019808, 37.52801620203914], [126.82809431955333, 37.52905331550389], [126.82718078843054, 37.52965535442959], [126.82511326924796, 37.53018415194676], [126.82346864783545, 37.53261070426212], [126.82348517401452, 37.5337645626705], [126.8226706961441, 37.53371152503453], [126.82181354346322, 37.53479366715418], [126.82225642831521, 37.53617877090644], [126.82218968334561, 37.538064839723454], [126.821536685448, 37.5398024785444], [126.82214717882253, 37.54067933992188]]]}, "properties": {"name": "신월3동", "gu": "양천구", "total_spaces": 3920}}, {"type": "Feature", "geometry": {"type": "Polygon", "coordinates": [[[126.84048542944983, 37.526537378656414], [126.84889571408898, 37.527898910026074], [126.851981771157, 37.521933208526015], [126.8516122512683, 37.52172156953552], [126.85086063068724, 37.5221961694216], [126.84875501747668, 37.522519230762626], [126.84759187930726, 37.52248027314013], [126.84681041321953, 37.522070144382404], [126.84866325335436, 37.52071374419118], [126.84848068865705, 37.516983388555275], [126.84567689787158, 37.51798996357288], [126.84048542944983, 37.526537378656414]]]}, "properties": {"name": "신월2동", "gu": "양천구", "total_spaces": 7596}}, {"type": "Feature", "geometry": {"type": "Polygon", "coordinates": [[[126.82850962039562, 37.53591132334631], [126.83516531893783, 37.536912258724335], [126.83446887427709, 37.536471197360484], [126.84048542944983, 37.526537378656414], [126.83489482513538, 37.525551764427604], [126.82850962039562, 37.53591132334631]]]}, "properties": {"name": "신월1동", "gu": "양천구", "total_spaces": 7215}}, {"type": "Feature", "geometry": {"type": "Polygon", "coordinates": [[[126.86846741511202, 37.53979118936328], [126.87266922551686, 37.53757265022371], [126.87015132240083, 37.53539285317744], [126.86976271518962, 37.534508321165056], [126.8697825238624, 37.532995519839645], [126.86788781470858, 37.53160501717305], [126.86718708542232, 37.530220071260196], [126.86401108341305, 37.52979970684794], [126.86341408717777, 37.53662853676172], [126.86367226007764, 37.539283386684296], [126.86846741511202, 37.53979118936328]]]}, "properties": {"name": "목4동", "gu": "양천구", "total_spaces": 8420}}, {"type": "Feature", "geometry": {"type": "Polygon", "coordinates": [[[126.86428476041692, 37.55138947834714], [126.87070198175249, 37.547651738488], [126.87004875322415, 37.54699244506002], [126.868673094693, 37.54752586882887], [126.86787982522395, 37.54579112937462], [126.86685791276248, 37.54557035192835], [126.86717170787418, 37.54509994147822], [126.86626630998033, 37.54449468077042], [126.86616995529984, 37.544100949817704], [126.86704620536358, 37.54370466998764], [126.86807450106173, 37.54241319522303], [126.86779091052159, 37.54182019088717], [126.86793072281286, 37.54025487590421], [126.86853491717534, 37.54000919282369], [126.86846741511202, 37.53979118936328], [126.86367226007764, 37.539283386684296], [126.86379206426986, 37.54075890069025], [126.8623437607533, 37.54360264670955], [126.86217672716755, 37.54452793669798], [126.86428476041692, 37.55138947834714]]]}, "properties": {"name": "목3동", "gu": "양천구", "total_spaces": 8728}}, {"type": "Feature", "geometry": {"type": "Polygon", "coordinates": [[[126.88515695614184, 37.54358959980157], [126.88249714569658, 37.54424044942961], [126.8811302818054, 37.54268964003646], [126.87609947302852, 37.54105670649458], [126.87266922551686, 37.53757265022371], [126.867958977937, 37.54017381859042], [126.86779091052159, 37.54182019088717], [126.86807450106173, 37.54241319522303], [126.86704620536358, 37.54370466998764], [126.86616269002165, 37.544109951403534], [126.86632977633536, 37.54469437930861], [126.86717170787418, 37.54509994147822], [126.86685791276248, 37.54557035192835], [126.86787982522395, 37.54579112937462], [126.868673094693, 37.54752586882887], [126.87004875322415, 37.54699244506002], [126.87072933858417, 37.5476799247523], [126.87242154415269, 37.547108812958015], [126.87489152503812, 37.54694959052991], [126.87813540691108, 37.54721459330231], [126.88071386466233, 37.54787019603466], [126.88515695614184, 37.54358959980157]]]}, "properties": {"name": "목2동", "gu": "양천구", "total_spaces": 10277}}, {"type": "Feature", "geometry": {"type": "Polygon", "coordinates": [[[126.86401108341305, 37.52979970684794], [126.88146777591137, 37.53189440430121], [126.88506551727843, 37.531558444585315], [126.88848190533537, 37.53072102416271], [126.88631434346838, 37.52805508548318], [126.88173654183736, 37.526325409614714], [126.88050999044285, 37.52522635418928], [126.87982271968038, 37.52219520920387], [126.86997651422399, 37.52329456707253], [126.86859026897397, 37.52396312975613], [126.86562241916572, 37.52245452849211], [126.8653858848485, 37.522572511659504], [126.86431817215525, 37.5262081960868], [126.86401108341305, 37.52979970684794]]]}, "properties": {"name": "목1동", "gu": "양천구", "total_spaces": 22303}}, {"type": "Feature", "geometry": {"type": "Polygon", "coordinates": [[[126.95870837826443, 37.55665989489058], [126.95802277732619, 37.55607287458509], [126.95391993586195, 37.54793534621585], [126.95046974679812, 37.543548046856735], [126.95060953183928, 37.54338621020366], [126.94716584693668, 37.5449642268099], [126.94997701677549, 37.54762510158941], [126.949245748645, 37.549604708266216], [126.94955486346875, 37.55057059437026], [126.95038910357965, 37.55134496595512], [126.95058700873858, 37.5523240341722], [126.95040658144009, 37.553974739715244], [126.95002857215061, 37.55390221470093], [126.94996439064174, 37.55414855124523], [126.95028362373989, 37.55432353862228], [126.94973260752256, 37.554602605241776], [126.9495706336174, 37.555363589253695], [126.94864655495034, 37.55555182391072], [126.94846757551446, 37.5565853481317], [126.9488164619349, 37.556597048298094], [126.94885899259977, 37.55697125964855], [126.95706934057723, 37.5574791900904], [126.95857560300638, 37.55722803345216], [126.95870837826443, 37.55665989489058]]]}, "properties": {"name": "아현동", "gu": "마포구", "total_spaces": 14166}}, {"type": "Feature", "geometry": {"type": "Polygon", "coordinates": [[[126.96148351073441, 37.55885365237208], [126.96161158072371, 37.55845106596409], [126.96303668753738, 37.5581826498874], [126.96309806970835, 37.55642292399973], [126.96205019784257, 37.55532646762248], [126.96170271491079, 37.5553429629726], [126.96215002078283, 37.554147048356896], [126.96186853959064, 37.55408979759928], [126.96166187158718, 37.55334162440183], [126.961753995062, 37.55234943959504], [126.96394300276292, 37.54969251497521], [126.96374713679178, 37.5488950753452], [126.96191987147007, 37.54864445168986], [126.9617277208001, 37.548221202772915], [126.96196648036192, 37.547773884482154], [126.96062696753381, 37.54739810902108], [126.96085834718728, 37.547198563003334], [126.96014702442395, 37.546570155944906], [126.96021453275836, 37.54631029982584], [126.95849943024545, 37.54546078444293], [126.95788501061834, 37.5454791419761], [126.95773583710658, 37.54508659224651], [126.95804565991575, 37.54498985009186], [126.95739132895622, 37.54313469031747], [126.95831446552579, 37.54274338165], [126.95716617836445, 37.5417783312241], [126.95640082472458, 37.540584789570865], [126.95046974679812, 37.543548046856735], [126.95391993586195, 37.54793534621585], [126.95802277732619, 37.55607287458509], [126.96148351073441, 37.55885365237208]]]}, "properties": {"name": "공덕동", "gu": "마포구", "total_spaces": 14737}}, {"type": "Feature", "geometry": {"type": "Polygon", "coordinates": [[[126.93370691163037, 37.55338209449523], [126.93306265089623, 37.55211611271165], [126.93263087877729, 37.54746984562955], [126.93190392357948, 37.54546077156066], [126.93012613372225, 37.54470062473396], [126.92546542846418, 37.537822300056], [126.91451020734864, 37.54015590976126], [126.91764116778383, 37.54481545872066], [126.91803448958119, 37.54456402289521], [126.91855784296595, 37.545036286066306], [126.92033536130536, 37.54839146160773], [126.92185185884748, 37.54909977237715], [126.92423558294738, 37.5509298047545], [126.9240961436978, 37.552227139875036], [126.92504260007529, 37.553174641259844], [126.92865338885473, 37.55372849957987], [126.93014196634624, 37.55479820839852], [126.93174801645736, 37.55471582669435], [126.93370691163037, 37.55338209449523]]]}, "properties": {"name": "서강동", "gu": "마포구", "total_spaces": 12709}}, {"type": "Feature", "geometry": {"type": "Polygon", "coordinates": [[[126.95069721847456, 37.543397791931305], [126.95646124439834, 37.54036547728711], [126.95561104871003, 37.53947147788517], [126.95401028596608, 37.53874301166092], [126.95367311628313, 37.5382309990401], [126.9529914325712, 37.538467794629696], [126.95296665616391, 37.53741643843612], [126.95131018512753, 37.53629457268707], [126.9486701682263, 37.53563006466508], [126.94757058563926, 37.535846650549225], [126.94735377719475, 37.535209098639974], [126.94639556851004, 37.53574221220296], [126.94543267694384, 37.53519215302281], [126.94558769911258, 37.534978803764545], [126.94508160082648, 37.53493492114597], [126.94357048103107, 37.529418137136474], [126.93708746389721, 37.534305484904856], [126.94063160262452, 37.53602826222269], [126.9437494853883, 37.537981885973025], [126.94916559754581, 37.541841503708156], [126.95069721847456, 37.543397791931305]]]}, "properties": {"name": "도화동", "gu": "마포구", "total_spaces": 8926}}, {"type": "Feature", "geometry": {"type": "Polygon", "coordinates": [[[126.8982001785902, 37.57826165146848], [126.90163843001088, 37.5759186667887], [126.90281996052975, 37.577147254756824], [126.90312701195738, 37.5768918561284], [126.90133306840752, 37.57517593864517], [126.90001124744187, 37.57335734992366], [126.89988614414226, 37.57404734205227], [126.89910119814041, 37.57325126109829], [126.89862041321409, 37.57353859578595], [126.89780317264635, 37.573085979340725], [126.89456859841258, 37.57265259057697], [126.89392939028816, 37.573261020768484], [126.89230775219717, 37.57293714738983], [126.89161218887956, 37.57107793419497], [126.89022224451173, 37.57055715654707], [126.89209060797089, 37.56890925107679], [126.89186717015406, 37.56810491218753], [126.89485825822389, 37.56649094189279], [126.8951009735725, 37.56520105841858], [126.89477612197419, 37.56406383045336], [126.89318106241042, 37.56090863562201], [126.89432157812226, 37.55989043272813], [126.88316627876699, 37.5544651132557], [126.86628387671874, 37.565891514270426], [126.8584034454383, 37.569621042018156], [126.85741444858266, 37.57107239928998], [126.8578452299523, 37.57562093629283], [126.86172340327514, 37.57585618842686], [126.86351514813283, 37.576650038212726], [126.86557263013187, 37.57548705583034], [126.86799070312577, 37.5773928676019], [126.87073195076874, 37.577750981148604], [126.87587495306414, 37.579595704556326], [126.87709740388061, 37.58248296915179], [126.87677591675305, 37.58326564253063], [126.87751801833105, 37.58357585653317], [126.87667188749603, 37.5841211870406], [126.8776320100477, 37.58620291099022], [126.87898028643949, 37.58658160570427], [126.88028654847292, 37.58964067113963], [126.88224095812457, 37.590936419382686], [126.88991995278104, 37.58444163432863], [126.89323033151753, 37.58221449674901], [126.89622991200658, 37.58085418757971], [126.89790847434415, 37.579169421021724], [126.8982001785902, 37.57826165146848]]]}, "properties": {"name": "상암동", "gu": "마포구", "total_spaces": 32047}}, {"type": "Feature", "geometry": {"type": "Polygon", "coordinates": [[[126.90477866847328, 37.57339288719895], [126.91774190461473, 37.56744332744064], [126.9035840901921, 37.56337263551424], [126.9025385623253, 37.56443239614597], [126.90333729830115, 37.563302885493286], [126.90196016894922, 37.563033406637494], [126.89432157812226, 37.55989043272813], [126.89318106241042, 37.56090863562201], [126.89477612197419, 37.56406383045336], [126.8951009735725, 37.56520105841858], [126.89485825822389, 37.56649094189279], [126.89186717015406, 37.56810491218753], [126.89209060797089, 37.56890925107679], [126.89022224451173, 37.57055715654707], [126.89161218887956, 37.57107793419497], [126.89230775219717, 37.57293714738983], [126.89392939028816, 37.573261020768484], [126.89456859841258, 37.57265259057697], [126.89780317264635, 37.573085979340725], [126.89862041321409, 37.57353859578595], [126.89910119814041, 37.57325126109829], [126.89988614414226, 37.57404734205227], [126.90001124744187, 37.57335734992366], [126.90160755510814, 37.57546223456684], [126.90477866847328, 37.57339288719895]]]}, "properties": {"name": "성산2동", "gu": "마포구", "total_spaces": 17314}}, {"type": "Feature", "geometry": {"type": "Polygon", "coordinates": [[[126.9035840901921, 37.56337263551424], [126.91476486331976, 37.56648781938256], [126.91660060751158, 37.56730342205519], [126.91709472124553, 37.56357115029621], [126.9182031582467, 37.560930069197624], [126.91793000254862, 37.56055117913532], [126.91791425739946, 37.559290346116846], [126.91760210960538, 37.55883822218727], [126.91624475205984, 37.558315238943834], [126.91226040448963, 37.55846011286967], [126.90879759582957, 37.55741877246758], [126.9035840901921, 37.56337263551424]]]}, "properties": {"name": "성산1동", "gu": "마포구", "total_spaces": 8195}}, {"type": "Feature", "geometry": {"type": "Polygon", "coordinates": [[[126.9166629220127, 37.56693884821017], [126.91774190461473, 37.56744332744064], [126.9197949873419, 37.56671412128195], [126.92435724111795, 37.565845484792376], [126.9259491224118, 37.56514881145418], [126.92824664256104, 37.56334377731676], [126.92714290977929, 37.56175115240056], [126.9255689537378, 37.5603767051284], [126.92424902696114, 37.560858159519015], [126.92380662392921, 37.55994674380772], [126.92328018349865, 37.56060439987132], [126.91877988368886, 37.5575402206019], [126.9175564094469, 37.558905482348216], [126.91791425739946, 37.559290346116846], [126.91793000254862, 37.56055117913532], [126.9182090445922, 37.560884742335446], [126.91709472124553, 37.56357115029621], [126.9166629220127, 37.56693884821017]]]}, "properties": {"name": "연남동", "gu": "마포구", "total_spaces": 7095}}, {"type": "Feature", "geometry": {"type": "Polygon", "coordinates": [[[126.89432157812226, 37.55989043272813], [126.90196016894922, 37.563033406637494], [126.90333729830115, 37.563302885493286], [126.9025385623253, 37.56443239614597], [126.90818902449007, 37.55804757790858], [126.89689924056454, 37.5557101827701], [126.88975446085628, 37.55017183837449], [126.88316627876699, 37.5544651132557], [126.89432157812226, 37.55989043272813]]]}, "properties": {"name": "망원2동", "gu": "마포구", "total_spaces": 7041}}, {"type": "Feature", "geometry": {"type": "Polygon", "coordinates": [[[126.90818902449007, 37.55804757790858], [126.91165823117413, 37.55421965450096], [126.90268343312465, 37.55142335562739], [126.89675624408407, 37.54631751158573], [126.88975446085628, 37.55017183837449], [126.89689924056454, 37.5557101827701], [126.90818902449007, 37.55804757790858]]]}, "properties": {"name": "망원1동", "gu": "마포구", "total_spaces": 7177}}, {"type": "Feature", "geometry": {"type": "Polygon", "coordinates": [[[126.92029566253326, 37.54831344226946], [126.91855784296595, 37.545036286066306], [126.91803448958119, 37.54456402289521], [126.91764116778383, 37.54481545872066], [126.91451020734864, 37.54015590976126], [126.9061984532897, 37.54200497420566], [126.90071814174634, 37.54413492942546], [126.89675624408407, 37.54631751158573], [126.90268343312465, 37.55142335562739], [126.91165823117413, 37.55421965450096], [126.91325139615651, 37.54902580110058], [126.91439423355206, 37.54866090378956], [126.91343653391668, 37.54916700073027], [126.91438782091384, 37.549764894472865], [126.91508551713241, 37.54917779222696], [126.92029566253326, 37.54831344226946]]]}, "properties": {"name": "합정동", "gu": "마포구", "total_spaces": 10870}}, {"type": "Feature", "geometry": {"type": "Polygon", "coordinates": [[[126.91760210960538, 37.55883822218727], [126.91877988368886, 37.5575402206019], [126.92328018349865, 37.56060439987132], [126.92380662392921, 37.55994674380772], [126.92424902696114, 37.560858159519015], [126.9255689537378, 37.5603767051284], [126.92714290977929, 37.56175115240056], [126.9267183444892, 37.56099968453226], [126.92662537184168, 37.55883162002151], [126.93686744576863, 37.55510306923116], [126.93403933177842, 37.55339833381729], [126.93174801645736, 37.55471582669435], [126.93014196634624, 37.55479820839852], [126.92865338885473, 37.55372849957987], [126.92504260007529, 37.553174641259844], [126.9240961436978, 37.552227139875036], [126.92423558294738, 37.5509298047545], [126.92185185884748, 37.54909977237715], [126.92029566253326, 37.54831344226946], [126.91508551713241, 37.54917779222696], [126.91438782091384, 37.549764894472865], [126.91343653391668, 37.54916700073027], [126.91439423355206, 37.54866090378956], [126.91344019092993, 37.5489141628804], [126.91300925578616, 37.54924157611732], [126.91164598400546, 37.55425793725996], [126.90879759582957, 37.55741877246758], [126.9120956186267, 37.55843661877381], [126.91575692916383, 37.5582498454569], [126.91760210960538, 37.55883822218727]]]}, "properties": {"name": "서교동", "gu": "마포구", "total_spaces": 24442}}, {"type": "Feature", "geometry": {"type": "Polygon", "coordinates": [[[126.9407313797434, 37.54661384644864], [126.93717688383637, 37.542367447426145], [126.93400626867138, 37.53633578491263], [126.92922995468395, 37.536953798430254], [126.92546542846418, 37.537822300056], [126.93012613372225, 37.54470062473396], [126.93190392357948, 37.54546077156066], [126.93263087877729, 37.54746984562955], [126.93306265089623, 37.55211611271165], [126.93371812179004, 37.553109551338245], [126.93405595907265, 37.55260744265357], [126.93746134327571, 37.55064883971332], [126.93992003666114, 37.54763633278313], [126.93972512655279, 37.547496858861294], [126.94009361022619, 37.54684411392891], [126.9407313797434, 37.54661384644864]]]}, "properties": {"name": "신수동", "gu": "마포구", "total_spaces": 9457}}, {"type": "Feature", "geometry": {"type": "Polygon", "coordinates": [[[126.94885899259977, 37.55697125964855], [126.9488164619349, 37.556597048298094], [126.94846757551446, 37.5565853481317], [126.94864655495034, 37.55555182391072], [126.9495706336174, 37.555363589253695], [126.94973260752256, 37.554602605241776], [126.95028362373989, 37.55432353862228], [126.95002857215061, 37.55390221470093], [126.95040658144009, 37.553974739715244], [126.95064810161789, 37.55297446306814], [126.95038910357965, 37.55134496595512], [126.94955486346875, 37.55057059437026], [126.949245748645, 37.549604708266216], [126.94997701677549, 37.54762510158941], [126.94716584693668, 37.5449642268099], [126.94968172157603, 37.54381884584902], [126.94923263933043, 37.54331099521992], [126.94821098252406, 37.543682479211064], [126.94780527127224, 37.543360472313786], [126.94504959529779, 37.54479204540721], [126.94452827492415, 37.54514796826355], [126.94488426305044, 37.54551698298488], [126.94371950025335, 37.54705373541465], [126.94484368251857, 37.54937461424128], [126.9458277712003, 37.54947925953085], [126.94653811945572, 37.550826855395975], [126.94682295712556, 37.55230742803595], [126.94660571469034, 37.55268743260769], [126.9468424921781, 37.55291813974114], [126.94654780763739, 37.553044141595585], [126.94650442148628, 37.556739307447764], [126.94885899259977, 37.55697125964855]]]}, "properties": {"name": "염리동", "gu": "마포구", "total_spaces": 5616}}, {"type": "Feature", "geometry": {"type": "Polygon", "coordinates": [[[126.94681221077562, 37.556849258593125], [126.94650442148628, 37.556739307447764], [126.94654780763739, 37.553044141595585], [126.9468424921781, 37.55291813974114], [126.94660571469034, 37.55268743260769], [126.94682295712556, 37.55230742803595], [126.94653811945572, 37.550826855395975], [126.9458277712003, 37.54947925953085], [126.94484368251857, 37.54937461424128], [126.94374855794888, 37.54743357380522], [126.94377005825925, 37.546837803770686], [126.94488426305044, 37.54551698298488], [126.94452827492415, 37.54514796826355], [126.94009361022619, 37.54684411392891], [126.93972512655279, 37.547496858861294], [126.93992003666114, 37.54763633278313], [126.93746134327571, 37.55064883971332], [126.93405595907265, 37.55260744265357], [126.93361011087191, 37.553271385984615], [126.93686744576863, 37.55510306923116], [126.94104788738126, 37.55644353584909], [126.94681221077562, 37.556849258593125]]]}, "properties": {"name": "대흥동", "gu": "마포구", "total_spaces": 7123}}, {"type": "Feature", "geometry": {"type": "Polygon", "coordinates": [[[126.9407313797434, 37.54661384644864], [126.94373156337377, 37.54562764070509], [126.94780527127224, 37.543360472313786], [126.94821098252406, 37.543682479211064], [126.94923263933043, 37.54331099521992], [126.94968172157603, 37.54381884584902], [126.95069721847456, 37.543397791931305], [126.94916559754581, 37.541841503708156], [126.9437494853883, 37.537981885973025], [126.94063160262452, 37.53602826222269], [126.93708746389721, 37.534305484904856], [126.93470730869824, 37.5362455211537], [126.93400626867138, 37.53633578491263], [126.93717688383637, 37.542367447426145], [126.9407313797434, 37.54661384644864]]]}, "properties": {"name": "용강동", "gu": "마포구", "total_spaces": 12723}}, {"type": "Feature", "geometry": {"type": "Polygon", "coordinates": [[[126.93719663635886, 37.58253946032603], [126.93937160315105, 37.58420463349338], [126.94186268729305, 37.58400826491873], [126.94144345808809, 37.58287956761795], [126.94187070789377, 37.580828633254896], [126.94414592532675, 37.57986260847075], [126.94431704368422, 37.57815757459252], [126.94471025980437, 37.57745978135471], [126.94675144385083, 37.576812598560686], [126.94473709302272, 37.57659794408937], [126.94455401276635, 37.57591113493395], [126.94353047836256, 37.57467797371844], [126.94348965504292, 37.57349259232831], [126.94396708874916, 37.57296884556433], [126.94404233509374, 37.57218051818462], [126.94336467342896, 37.57090191013778], [126.94265199665097, 37.57032154607223], [126.941709616464, 37.570362180009475], [126.93937537984783, 37.56944309307074], [126.93831827749737, 37.56837317179284], [126.93722775021659, 37.5681597245628], [126.93598533652423, 37.566699159010874], [126.93600999437626, 37.5656041902046], [126.93447449808906, 37.56623345707437], [126.93364528068085, 37.564600223162564], [126.93417514164841, 37.56360915740864], [126.93178444121048, 37.56268847944515], [126.9314458919025, 37.561242191600066], [126.93082118571367, 37.56096054165076], [126.92847265305411, 37.560993462317796], [126.9278526769874, 37.561668818986114], [126.92719889270832, 37.56182917951567], [126.92824664256104, 37.56334377731676], [126.9259491224118, 37.56514881145418], [126.92379061258976, 37.56599687335745], [126.9197949873419, 37.56671412128195], [126.91685444812471, 37.56788727570086], [126.92640583301394, 37.575469354222804], [126.9321025095597, 37.57840583461282], [126.9373949643715, 37.580650876210434], [126.93790235003038, 37.58161886613255], [126.93719663635886, 37.58253946032603]]]}, "properties": {"name": "연희동", "gu": "서대문구", "total_spaces": 13700}}, {"type": "Feature", "geometry": {"type": "Polygon", "coordinates": [[[126.94473709302272, 37.57659794408937], [126.9471662342025, 37.57681110090573], [126.94772082786096, 37.57597991296249], [126.94903899383466, 37.57565249070414], [126.94904265657337, 37.57421372851194], [126.94767147543699, 37.57279011419159], [126.94904220469446, 37.57032005435284], [126.94956329100592, 37.57001366738033], [126.94894112739644, 37.569436196560005], [126.95033348835581, 37.56776857261395], [126.95019150877522, 37.56667944134684], [126.94921543085488, 37.565156060837225], [126.94965183624603, 37.56424006046268], [126.94970341719917, 37.56202843680827], [126.95031161830106, 37.56122006435484], [126.94943828993621, 37.56055126094692], [126.94986481907165, 37.55980953984966], [126.9494053190401, 37.559647441396756], [126.94914133552359, 37.559083079903154], [126.94930317493751, 37.55853270324263], [126.94810053092252, 37.558477542795515], [126.94846856664515, 37.55818066368569], [126.94883494377093, 37.55697012268373], [126.94104788738126, 37.55644353584909], [126.93686744576863, 37.55510306923116], [126.92662537184168, 37.55883162002151], [126.9267183444892, 37.56099968453226], [126.92719889270832, 37.56182917951567], [126.9278526769874, 37.561668818986114], [126.92848273733513, 37.56098924516917], [126.93117457913326, 37.561087735880136], [126.93178444121048, 37.56268847944515], [126.93416119094402, 37.563586343171785], [126.93364528068085, 37.564600223162564], [126.93447449808906, 37.56623345707437], [126.93600999437626, 37.5656041902046], [126.93598533652423, 37.566699159010874], [126.93722775021659, 37.5681597245628], [126.93831827749737, 37.56837317179284], [126.93937537984783, 37.56944309307074], [126.941709616464, 37.570362180009475], [126.94265199665097, 37.57032154607223], [126.94336467342896, 37.57090191013778], [126.94404233509374, 37.57218051818462], [126.94396708874916, 37.57296884556433], [126.94348965504292, 37.57349259232831], [126.94353047836256, 37.57467797371844], [126.94455401276635, 37.57591113493395], [126.94473709302272, 37.57659794408937]]]}, "properties": {"name": "신촌동", "gu": "서대문구", "total_spaces": 28021}}, {"type": "Feature", "geometry": {"type": "Polygon", "coordinates": [[[126.96206792892066, 37.55926098376022], [126.95870837826443, 37.55665989489058], [126.95857560300638, 37.55722803345216], [126.95706934057723, 37.5574791900904], [126.94883494377093, 37.55697012268373], [126.94846856664515, 37.55818066368569], [126.94810053092252, 37.558477542795515], [126.94930317493751, 37.55853270324263], [126.94912726418197, 37.55897467335228], [126.9494053190401, 37.559647441396756], [126.95238155737299, 37.561278100415606], [126.95252926821611, 37.56093972769988], [126.95819306528932, 37.56188065993996], [126.95862931189245, 37.56163361029992], [126.95922703988893, 37.56197000749566], [126.9597880743488, 37.56120183224499], [126.96081371868249, 37.56066131512578], [126.96093202838033, 37.5596815298353], [126.96206792892066, 37.55926098376022]]]}, "properties": {"name": "북아현동", "gu": "서대문구", "total_spaces": 6103}}, {"type": "Feature", "geometry": {"type": "Polygon", "coordinates": [[[126.9496922444916, 37.56845614103981], [126.94994551896562, 37.56895883436423], [126.95121997507695, 37.56925868115275], [126.95191775955853, 37.570244431919306], [126.95473128234786, 37.56895153643623], [126.95556523547523, 37.568022438389974], [126.95551880916408, 37.5673036006063], [126.9566174857987, 37.56667642882882], [126.95836277225469, 37.56628796526721], [126.95901600421583, 37.56549448762108], [126.96200591537036, 37.56551467207907], [126.96295472303483, 37.566245912767904], [126.96447366950461, 37.56641167419854], [126.96455131576121, 37.56604229324177], [126.96581218368325, 37.56666886829688], [126.96726748663725, 37.56526600974939], [126.9695925740396, 37.56201352818319], [126.9669014600634, 37.56130633799526], [126.96360960349743, 37.55930963541582], [126.96111921602491, 37.559516881880896], [126.96081371868249, 37.56066131512578], [126.9597880743488, 37.56120183224499], [126.95922703988893, 37.56197000749566], [126.95862931189245, 37.56163361029992], [126.95819306528932, 37.56188065993996], [126.95252926821611, 37.56093972769988], [126.95238155737299, 37.561278100415606], [126.94986481907165, 37.55980953984966], [126.94943828993621, 37.56055126094692], [126.95032498920993, 37.5613214314417], [126.94970341719917, 37.56202843680827], [126.94965183624603, 37.56424006046268], [126.94921543085488, 37.565156060837225], [126.95019150877522, 37.56667944134684], [126.95033348835581, 37.56776857261395], [126.9496922444916, 37.56845614103981]]]}, "properties": {"name": "충현동", "gu": "서대문구", "total_spaces": 11582}}, {"type": "Feature", "geometry": {"type": "Polygon", "coordinates": [[[126.91314780340821, 37.58703474710515], [126.91567913556479, 37.58597711271147], [126.91542937193914, 37.585494622137766], [126.91616712669631, 37.585588635089834], [126.91549947323183, 37.5842231575552], [126.91582514439777, 37.58314418258825], [126.91890729012849, 37.58340738400898], [126.9208450259758, 37.582919939386706], [126.92152279006335, 37.581033679812265], [126.9200304023805, 37.580984794204575], [126.91939866304271, 37.58039252120068], [126.9173696013067, 37.58097391767605], [126.91736387344683, 37.580719385031976], [126.91810106912143, 37.580481710047536], [126.91712537676813, 37.57935027889887], [126.91600490857594, 37.579245577610415], [126.91558301616122, 37.57879618588197], [126.91453007491289, 37.57524074091271], [126.91277859583444, 37.575561258631076], [126.90629440690682, 37.580118858307486], [126.91255265619543, 37.58602238111773], [126.91314780340821, 37.58703474710515]]]}, "properties": {"name": "북가좌2동", "gu": "서대문구", "total_spaces": 8857}}, {"type": "Feature", "geometry": {"type": "Polygon", "coordinates": [[[126.90160755510814, 37.57546223456684], [126.90629440690682, 37.580118858307486], [126.91277859583444, 37.575561258631076], [126.91513226141407, 37.57516150205366], [126.91522028241091, 37.57475753009324], [126.9146919996094, 37.57425709495587], [126.91403218129862, 37.57446777668612], [126.91334026142852, 37.57414881931396], [126.91343105925571, 37.57304630407514], [126.91128900326807, 37.5725578717371], [126.91132478365877, 37.572954615030966], [126.9107879786709, 37.57280441458482], [126.90980367275459, 37.57108023412061], [126.90477866847328, 37.57339288719895], [126.90160755510814, 37.57546223456684]]]}, "properties": {"name": "북가좌1동", "gu": "서대문구", "total_spaces": 10356}}, {"type": "Feature", "geometry": {"type": "Polygon", "coordinates": [[[126.9208450259758, 37.582919939386706], [126.92176519969156, 37.58345834048803], [126.92169338298557, 37.58378602547965], [126.92234623738801, 37.584028041906436], [126.92302468728253, 37.58500043311443], [126.92325910339923, 37.58396614473826], [126.92392611476008, 37.58386888441603], [126.92478751776869, 37.582410695228674], [126.92381152594986, 37.58229687046361], [126.92491517704114, 37.581260050143705], [126.9251977023975, 37.5795002129542], [126.92730603818408, 37.57593674737399], [126.92189496151204, 37.571906090893975], [126.91782461951864, 37.57508038168514], [126.91453007491289, 37.57524074091271], [126.91558301616122, 37.57879618588197], [126.91600490857594, 37.579245577610415], [126.91712537676813, 37.57935027889887], [126.91810106912143, 37.580481710047536], [126.91736387344683, 37.580719385031976], [126.9173696013067, 37.58097391767605], [126.91939866304271, 37.58039252120068], [126.9200304023805, 37.580984794204575], [126.9215317997328, 37.58087939205348], [126.9208450259758, 37.582919939386706]]]}, "properties": {"name": "남가좌2동", "gu": "서대문구", "total_spaces": 14638}}, {"type": "Feature", "geometry": {"type": "Polygon", "coordinates": [[[126.91513226141407, 37.57516150205366], [126.91782461951864, 37.57508038168514], [126.92189496151204, 37.571906090893975], [126.91685444812471, 37.56788727570086], [126.90980367275459, 37.57108023412061], [126.9107879786709, 37.57280441458482], [126.91132478365877, 37.572954615030966], [126.91128900326807, 37.5725578717371], [126.91343105925571, 37.57304630407514], [126.91334026142852, 37.57414881931396], [126.91403218129862, 37.57446777668612], [126.9146919996094, 37.57425709495587], [126.9152120016667, 37.57472936819673], [126.91513226141407, 37.57516150205366]]]}, "properties": {"name": "남가좌1동", "gu": "서대문구", "total_spaces": 5257}}, {"type": "Feature", "geometry": {"type": "Polygon", "coordinates": [[[126.92841840256916, 37.59189474190295], [126.93037500511927, 37.59424215668693], [126.93228104456003, 37.595152720849704], [126.93295415299882, 37.59602678656717], [126.93777326077193, 37.597748958615604], [126.9385948834911, 37.597597358505965], [126.93938477711087, 37.59602246323272], [126.94086932742113, 37.59434177401959], [126.94145129393252, 37.59140063930793], [126.93680233833804, 37.588666508886554], [126.9354992391077, 37.58703781986122], [126.93536410670531, 37.5860109025418], [126.9356859918141, 37.58489695767033], [126.93790235003038, 37.58161886613255], [126.9373949643715, 37.580650876210434], [126.9321025095597, 37.57840583461282], [126.92730603818408, 37.57593674737399], [126.9251977023975, 37.5795002129542], [126.92491517704114, 37.581260050143705], [126.92381152594986, 37.58229687046361], [126.92478751776869, 37.582410695228674], [126.92392611476008, 37.58386888441603], [126.92325910339923, 37.58396614473826], [126.92281953425112, 37.58562225800867], [126.92358426851885, 37.586148997100715], [126.92386922060172, 37.58721037651227], [126.92607387588872, 37.58717041713255], [126.9281210884001, 37.58838494047916], [126.9278680053801, 37.59046352371116], [126.92841840256916, 37.59189474190295]]]}, "properties": {"name": "홍은2동", "gu": "서대문구", "total_spaces": 12234}}, {"type": "Feature", "geometry": {"type": "Polygon", "coordinates": [[[126.95262466876304, 37.60679937968658], [126.95353657491793, 37.60449380206436], [126.95320115536374, 37.60301183022239], [126.95280199862442, 37.602694632801075], [126.9527493477046, 37.60040611411475], [126.95409330967246, 37.598550917596135], [126.95705482787884, 37.5985523519491], [126.9563035461476, 37.595662161180115], [126.95349400923284, 37.596663396068486], [126.95127365862184, 37.59570545798119], [126.95084001964278, 37.59595248005649], [126.95060171631893, 37.59696429495586], [126.94983892422546, 37.598054716781114], [126.94836209413918, 37.59851412563607], [126.94736705218249, 37.598467779468784], [126.94691383451216, 37.59810745881381], [126.94649024672535, 37.59668032921431], [126.94720030109038, 37.594682726249395], [126.94421569344338, 37.59199835280297], [126.9446715781994, 37.59181021116325], [126.94184141651841, 37.59093148052076], [126.94118498402091, 37.591900831457615], [126.94086932742113, 37.59434177401959], [126.93938477711087, 37.59602246323272], [126.9385948834911, 37.597597358505965], [126.9405833083418, 37.59859933818289], [126.94091732475357, 37.599078720705045], [126.94120814536342, 37.60090758408453], [126.93971802350968, 37.601902117931196], [126.93985907867521, 37.60293466175197], [126.94149317005112, 37.6031407592605], [126.94157444451842, 37.60373150735745], [126.94241725951215, 37.60482381067814], [126.94491754773803, 37.604819968200786], [126.94709994528057, 37.60785533405565], [126.94779816039328, 37.60768277799814], [126.94899481491875, 37.608070175794026], [126.94941888735708, 37.60769476686458], [126.94998744040981, 37.607702055402825], [126.9506569807264, 37.60830910094118], [126.95132572251019, 37.60827728976206], [126.95188810734481, 37.6071881839368], [126.95262466876304, 37.60679937968658]]]}, "properties": {"name": "홍은1동", "gu": "서대문구", "total_spaces": 7002}}, {"type": "Feature", "geometry": {"type": "Polygon", "coordinates": [[[126.95689405132407, 37.585420160128734], [126.9567011327811, 37.58469254117117], [126.95967872259034, 37.582495791764075], [126.96067362808395, 37.5807977813242], [126.95910646062632, 37.58156700878076], [126.95700194703717, 37.581583127421865], [126.95645764887631, 37.5812833430165], [126.9565178589291, 37.58087904842188], [126.955794815861, 37.58072926318067], [126.95574651262228, 37.57930371508738], [126.95545520628411, 37.57896995521618], [126.95355602538422, 37.578875721545735], [126.95082036582401, 37.581367494985855], [126.94966249337516, 37.58356145600628], [126.94498241462907, 37.58807887557998], [126.94657307848078, 37.588940348962595], [126.9477807720917, 37.588557423193116], [126.94970074042593, 37.589122805034364], [126.94968315956184, 37.58845353439539], [126.95046452063069, 37.58826804675318], [126.95069776027748, 37.58842103330414], [126.95027249269029, 37.58916050182303], [126.95099437769535, 37.589295679193484], [126.95689405132407, 37.585420160128734]]]}, "properties": {"name": "홍제2동", "gu": "서대문구", "total_spaces": 5955}}, {"type": "Feature", "geometry": {"type": "Polygon", "coordinates": [[[126.9563035461476, 37.595662161180115], [126.95676578403916, 37.594010439315845], [126.95832611452238, 37.59148263305995], [126.95845120667852, 37.59054114976663], [126.95689405132407, 37.585420160128734], [126.95273531964057, 37.58801476030478], [126.95143427539165, 37.58915452464623], [126.95027249269029, 37.58916050182303], [126.95069776027748, 37.58842103330414], [126.95046452063069, 37.58826804675318], [126.94968315956184, 37.58845353439539], [126.94970074042593, 37.589122805034364], [126.9477807720917, 37.588557423193116], [126.94657307848078, 37.588940348962595], [126.94498241462907, 37.58807887557998], [126.94184141651841, 37.59093148052076], [126.9446715781994, 37.59181021116325], [126.94421569344338, 37.59199835280297], [126.94720030109038, 37.594682726249395], [126.94649024672535, 37.59668032921431], [126.94691383451216, 37.59810745881381], [126.94736705218249, 37.598467779468784], [126.94836209413918, 37.59851412563607], [126.94983892422546, 37.598054716781114], [126.95060171631893, 37.59696429495586], [126.95084001964278, 37.59595248005649], [126.95127365862184, 37.59570545798119], [126.95349400923284, 37.596663396068486], [126.9563035461476, 37.595662161180115]]]}, "properties": {"name": "홍제3동", "gu": "서대문구", "total_spaces": 4624}}, {"type": "Feature", "geometry": {"type": "Polygon", "coordinates": [[[126.94145129393252, 37.59140063930793], [126.94924718241153, 37.58400106651691], [126.95082036582401, 37.581367494985855], [126.95392967932796, 37.578490982561014], [126.9528756052248, 37.57823151929514], [126.95277376005727, 37.577625845301945], [126.95222254163635, 37.57742852556834], [126.9507808892657, 37.57489332587725], [126.95081801171848, 37.57388198367204], [126.9520949373585, 37.57271828049595], [126.9517750990733, 37.57173325414818], [126.95369491459567, 37.57052644230263], [126.9545071270069, 37.57046820430036], [126.95366737192953, 37.56934444762245], [126.95191775955853, 37.570244431919306], [126.95121997507695, 37.56925868115275], [126.9494719751319, 37.56856444427765], [126.94894112739644, 37.569436196560005], [126.94956329100592, 37.57001366738033], [126.94904220469446, 37.57032005435284], [126.94767147543699, 37.57279011419159], [126.94904265657337, 37.57421372851194], [126.94903899383466, 37.57565249070414], [126.94772082786096, 37.57597991296249], [126.9471662342025, 37.57681110090573], [126.94471025980437, 37.57745978135471], [126.94431704368422, 37.57815757459252], [126.94414592532675, 37.57986260847075], [126.94187070789377, 37.580828633254896], [126.94144345808809, 37.58287956761795], [126.94186268729305, 37.58400826491873], [126.93937160315105, 37.58420463349338], [126.93719663635886, 37.58253946032603], [126.93586992555466, 37.584543986385206], [126.93536080332022, 37.58634539149703], [126.93612370927362, 37.588060504024064], [126.94099059767558, 37.59118782792414], [126.94145129393252, 37.59140063930793]]]}, "properties": {"name": "홍제1동", "gu": "서대문구", "total_spaces": 9345}}, {"type": "Feature", "geometry": {"type": "Polygon", "coordinates": [[[126.95957068122603, 37.572961061285206], [126.96581218368325, 37.56666886829688], [126.96455131576121, 37.56604229324177], [126.96447366950461, 37.56641167419854], [126.96340902224708, 37.56633925627703], [126.96200591537036, 37.56551467207907], [126.96018859854881, 37.56541972766992], [126.95901600421583, 37.56549448762108], [126.95836277225469, 37.56628796526721], [126.95611366983084, 37.566879240104306], [126.95551880916408, 37.5673036006063], [126.95556523547523, 37.568022438389974], [126.95473128234786, 37.56895153643623], [126.95366737192953, 37.56934444762245], [126.9545071270069, 37.57046820430036], [126.95369491459567, 37.57052644230263], [126.9517750990733, 37.57173325414818], [126.9520949373585, 37.57271828049595], [126.95081801171848, 37.57388198367204], [126.9507808892657, 37.57489332587725], [126.95222254163635, 37.57742852556834], [126.95277376005727, 37.577625845301945], [126.9528756052248, 37.57823151929514], [126.95392967932796, 37.578490982561014], [126.95626847898207, 37.57584722433911], [126.95957068122603, 37.572961061285206]]]}, "properties": {"name": "천연동", "gu": "서대문구", "total_spaces": 5250}}, {"type": "Feature", "geometry": {"type": "Polygon", "coordinates": [[[126.92288620949749, 37.60632071507027], [126.92013421051195, 37.60099516874923], [126.9160592076554, 37.59921172075707], [126.91607726486815, 37.60044101268723], [126.91566958946433, 37.599063338896336], [126.91467301022955, 37.59882863574905], [126.91496180159481, 37.60002096125846], [126.91441440761858, 37.60012980276066], [126.91362935768285, 37.601013591923646], [126.91031991991197, 37.6019942787125], [126.9085557393763, 37.602049776909844], [126.90786950581844, 37.60152666440729], [126.90736972420275, 37.60160651058281], [126.907335444498, 37.60128860523172], [126.90689834748905, 37.60133161543379], [126.90691361887045, 37.60170778799785], [126.90552306906005, 37.602784747319795], [126.90208420213628, 37.603820845731164], [126.90169587457231, 37.6056227640502], [126.90275711884588, 37.60556847170087], [126.90502145153366, 37.6046885083781], [126.9063232820106, 37.605088250230935], [126.90738285520332, 37.60494719538532], [126.9094738390634, 37.605395957059976], [126.90970699783135, 37.6076055156134], [126.9152478494863, 37.60742781015012], [126.91581396333763, 37.60893933808845], [126.91728678172711, 37.61129899920946], [126.91996166289779, 37.609614353235436], [126.92288620949749, 37.60632071507027]]]}, "properties": {"name": "역촌동", "gu": "은평구", "total_spaces": 15864}}, {"type": "Feature", "geometry": {"type": "Polygon", "coordinates": [[[126.9190954206016, 37.596002155459765], [126.91820084359352, 37.5947595774984], [126.91725072583918, 37.59023680668678], [126.91854880143147, 37.59018591960796], [126.92087323519436, 37.589402829170666], [126.92077210142898, 37.58885597488102], [126.92264989995252, 37.58879304926846], [126.92302468728253, 37.58500043311443], [126.92234623738801, 37.584028041906436], [126.92169338298557, 37.58378602547965], [126.92176519969156, 37.58345834048803], [126.9208450259758, 37.582919939386706], [126.91890729012849, 37.58340738400898], [126.91582514439777, 37.58314418258825], [126.91549947323183, 37.5842231575552], [126.91616712669631, 37.585588635089834], [126.91542937193914, 37.585494622137766], [126.91567913556479, 37.58597711271147], [126.91314780340821, 37.58703474710515], [126.9140995588564, 37.59096938057323], [126.9156948708591, 37.59707837823486], [126.9175001049389, 37.59675138114144], [126.9190954206016, 37.596002155459765]]]}, "properties": {"name": "응암3동", "gu": "은평구", "total_spaces": 6807}}, {"type": "Feature", "geometry": {"type": "Polygon", "coordinates": [[[126.94090580604093, 37.625702994692745], [126.93965535086305, 37.623949659239244], [126.93935775046096, 37.62254988726539], [126.93885777014007, 37.62189528624633], [126.93881499272865, 37.62098808935733], [126.93753572974565, 37.620163005924255], [126.93689304170012, 37.620022440679776], [126.93477809828144, 37.62098559371496], [126.93484679581668, 37.62135221876607], [126.9335457719676, 37.62172566474327], [126.9309428615918, 37.62090987613253], [126.93022826800738, 37.62027087700758], [126.92973094455309, 37.61916096215263], [126.9286743421402, 37.61972145638676], [126.92902636239897, 37.619904684746515], [126.92853457779208, 37.62057251464617], [126.92865731627339, 37.621208626035134], [126.92621612899991, 37.62138250303295], [126.92133112869442, 37.618870055288056], [126.92050247616721, 37.61986985883162], [126.91986381205147, 37.62158381452965], [126.92011209343225, 37.62599681456808], [126.91957628274133, 37.62796367498638], [126.92147822745385, 37.62858496645591], [126.92237657679298, 37.62837187150265], [126.92351170164834, 37.62922348915102], [126.92473406360172, 37.62961143016435], [126.92685155737855, 37.62948073940768], [126.92751678432035, 37.628910726353254], [126.93111647119852, 37.62805699910929], [126.93212317831033, 37.62644061969781], [126.934056622156, 37.626750889365326], [126.93591225925046, 37.626391262458824], [126.9361339465938, 37.626093780820696], [126.93701233692667, 37.62636371335892], [126.93847767851956, 37.62599116205227], [126.94039330305752, 37.62603299553356], [126.94090580604093, 37.625702994692745]]]}, "properties": {"name": "불광2동", "gu": "은평구", "total_spaces": 8342}}, {"type": "Feature", "geometry": {"type": "Polygon", "coordinates": [[[126.9052709176945, 37.64891495109539], [126.9066166725082, 37.64851848585712], [126.90645307071898, 37.64824496435801], [126.90672950427215, 37.64806161299828], [126.91388666787186, 37.644707069155764], [126.9178587695163, 37.64537470412195], [126.92126296971371, 37.64555585639261], [126.92541983773532, 37.64744305850206], [126.92974160493904, 37.65040462737802], [126.93473474828909, 37.65064153168362], [126.93704263897637, 37.65193036565025], [126.93937934032307, 37.65550060669116], [126.94103065849453, 37.65706099565168], [126.94362073547913, 37.65815472675225], [126.94707610384576, 37.65898780238299], [126.94743452918155, 37.65871457789869], [126.94783204466178, 37.65726869566157], [126.9492428236845, 37.65670988042833], [126.95125094146579, 37.65495019237508], [126.95296740789496, 37.65471947339199], [126.95437474488098, 37.65526682331303], [126.95700018158516, 37.65222677104551], [126.95749060174506, 37.649293998314825], [126.9604386791861, 37.648101831874925], [126.96074850250099, 37.64651256131696], [126.96173166122459, 37.64515946170246], [126.96175288949036, 37.64419514251092], [126.96214256994895, 37.64350377369589], [126.96476357274754, 37.64294911093339], [126.96635698570329, 37.64094182593046], [126.96819242880647, 37.639466445479925], [126.9688235336572, 37.63868164556623], [126.96871140923673, 37.63681659095713], [126.9689754716326, 37.63613839679452], [126.97087427185706, 37.63299449194962], [126.97219390072989, 37.63259924152518], [126.96925206086824, 37.6302232691059], [126.96762943102554, 37.629809208676726], [126.96676351706752, 37.63055029332386], [126.9661790232446, 37.63056673150446], [126.96518972941752, 37.62944780967599], [126.96099268860424, 37.628517308371244], [126.95954233023545, 37.628482451506486], [126.95675301084701, 37.62536572770327], [126.9528726642967, 37.62514401497519], [126.95139340309801, 37.626344795487675], [126.94813210674424, 37.627441714918014], [126.94692613843708, 37.627028120539414], [126.94617116098016, 37.627118148297335], [126.9461595134795, 37.6265941671589], [126.94540313302032, 37.62572971448562], [126.94356302248892, 37.62486501110885], [126.94248017272997, 37.62551993679771], [126.94039330305752, 37.62603299553356], [126.93847767851956, 37.62599116205227], [126.93701233692667, 37.62636371335892], [126.9361339465938, 37.626093780820696], [126.93591225925046, 37.626391262458824], [126.934056622156, 37.626750889365326], [126.93213167639612, 37.62643837224737], [126.93111647119852, 37.62805699910929], [126.92921849862223, 37.62838245627694], [126.92614540301751, 37.629552931851094], [126.92473406360172, 37.62961143016435], [126.92351170164834, 37.62922348915102], [126.92237657679298, 37.62837187150265], [126.92147822745385, 37.62858496645591], [126.91957628274133, 37.62796367498638], [126.91937262215349, 37.62854297535828], [126.91611260904044, 37.62988002184642], [126.91547112144376, 37.63111727488297], [126.9120816803206, 37.630407486479534], [126.91122077041318, 37.62962354265904], [126.90881081781282, 37.62905039712251], [126.90716875125813, 37.63057569094849], [126.90653080698213, 37.63252382600853], [126.90917331827582, 37.63477921305972], [126.91073981880626, 37.63546291925003], [126.91075527243767, 37.63672936765874], [126.91022643160979, 37.6386669054508], [126.910830711692, 37.63991156442151], [126.91075003517386, 37.6408890622691], [126.91171117837837, 37.64101565297668], [126.9124666704852, 37.64168520083475], [126.91221147817195, 37.642346381090874], [126.91245966899915, 37.644287609762515], [126.90764579187135, 37.64633556922871], [126.90750306672213, 37.6469174296829], [126.9052709176945, 37.64891495109539]]]}, "properties": {"name": "진관동", "gu": "은평구", "total_spaces": 40609}}, {"type": "Feature", "geometry": {"type": "Polygon", "coordinates": [[[126.88224095812457, 37.590936419382686], [126.88393119545012, 37.59218344427106], [126.88514860997918, 37.59386414113123], [126.88726056395623, 37.593845932215075], [126.88544183552574, 37.59108855435468], [126.88576093464823, 37.590668783791685], [126.88579772784253, 37.58964366856265], [126.8872618691138, 37.58859432157932], [126.8895926488468, 37.589075202659664], [126.89139788033918, 37.58845578424331], [126.89382509174946, 37.58918725804998], [126.89696146593161, 37.588620768084596], [126.89811738453484, 37.58952558651621], [126.89984128576734, 37.589866924126525], [126.90050652987578, 37.5891751449104], [126.90427957358995, 37.5883209699885], [126.90255601864223, 37.58732873580692], [126.90155284574338, 37.585558017954106], [126.90134652297344, 37.58454198212604], [126.9021544086031, 37.58309264137534], [126.9020713113995, 37.58066525936033], [126.90010808475536, 37.57981497299587], [126.9001314331113, 37.579554833308926], [126.89971541671133, 37.579535610894325], [126.8982001785902, 37.57826165146848], [126.89790847434415, 37.579169421021724], [126.89622991200658, 37.58085418757971], [126.89323033151753, 37.58221449674901], [126.88991995278104, 37.58444163432863], [126.88224095812457, 37.590936419382686]]]}, "properties": {"name": "수색동", "gu": "은평구", "total_spaces": 10510}}, {"type": "Feature", "geometry": {"type": "Polygon", "coordinates": [[[126.9135797631874, 37.58872807672187], [126.91255265619543, 37.58602238111773], [126.90312701195738, 37.5768918561284], [126.90281996052975, 37.577147254756824], [126.90163843001088, 37.5759186667887], [126.8982001785902, 37.57826165146848], [126.89971541671133, 37.579535610894325], [126.9001314331113, 37.579554833308926], [126.90010808475536, 37.57981497299587], [126.9020713113995, 37.58066525936033], [126.9021544086031, 37.58309264137534], [126.90134652297344, 37.58454198212604], [126.90141658269457, 37.58506517616874], [126.90255601864223, 37.58732873580692], [126.90326030080547, 37.587856118761515], [126.90546981576145, 37.58873836836461], [126.90681653947281, 37.58853532711011], [126.91047023231366, 37.58957799450306], [126.91094241236961, 37.58913969083152], [126.9135797631874, 37.58872807672187]]]}, "properties": {"name": "증산동", "gu": "은평구", "total_spaces": 8799}}, {"type": "Feature", "geometry": {"type": "Polygon", "coordinates": [[[126.91448068262365, 37.592296361710915], [126.9135797631874, 37.58872807672187], [126.91094241236961, 37.58913969083152], [126.91047023231366, 37.58957799450306], [126.90681653947281, 37.58853532711011], [126.90546981576145, 37.58873836836461], [126.90460690381305, 37.58828435510786], [126.9003162353714, 37.58925973078645], [126.89974938892965, 37.589924845814124], [126.89971346707743, 37.591489712152054], [126.89898915680745, 37.59265895691761], [126.90054844419143, 37.59429277140991], [126.90187310167317, 37.59506677228874], [126.9011172357501, 37.59733520261837], [126.90141783265466, 37.59826628634213], [126.90251048073976, 37.598067865380244], [126.90455050553993, 37.59848372971615], [126.9058196660269, 37.59833356929925], [126.90939810266559, 37.59635622366733], [126.91448068262365, 37.592296361710915]]]}, "properties": {"name": "신사2동", "gu": "은평구", "total_spaces": 5606}}, {"type": "Feature", "geometry": {"type": "Polygon", "coordinates": [[[126.90208420213628, 37.603820845731164], [126.90552306906005, 37.602784747319795], [126.90691361887045, 37.60170778799785], [126.90689834748905, 37.60133161543379], [126.90880930589894, 37.6020429374267], [126.91031991991197, 37.6019942787125], [126.91329195174085, 37.60114820607678], [126.91441440761858, 37.60012980276066], [126.91496180159481, 37.60002096125846], [126.91467301022955, 37.59882863574905], [126.91566958946433, 37.599063338896336], [126.91607726486815, 37.60044101268723], [126.91622554204562, 37.59904346982983], [126.91448068262365, 37.592296361710915], [126.90939810266559, 37.59635622366733], [126.9058196660269, 37.59833356929925], [126.90455050553993, 37.59848372971615], [126.90251048073976, 37.598067865380244], [126.90141783265466, 37.59826628634213], [126.90148978572414, 37.599367517728574], [126.90022993691557, 37.60202687684434], [126.90052035610051, 37.60263894923844], [126.90026061166095, 37.60315482075152], [126.90143905723855, 37.60329153637071], [126.90208420213628, 37.603820845731164]]]}, "properties": {"name": "신사1동", "gu": "은평구", "total_spaces": 8993}}, {"type": "Feature", "geometry": {"type": "Polygon", "coordinates": [[[126.92841840256916, 37.59189474190295], [126.9278680053801, 37.59046352371116], [126.9281210884001, 37.58838494047916], [126.92607387588872, 37.58717041713255], [126.92386922060172, 37.58721037651227], [126.92358426851885, 37.586148997100715], [126.92281953425112, 37.58562225800867], [126.92264989995252, 37.58879304926846], [126.92077210142898, 37.58885597488102], [126.92087323519436, 37.589402829170666], [126.91854880143147, 37.59018591960796], [126.91725072583918, 37.59023680668678], [126.91820084359352, 37.5947595774984], [126.92036426060359, 37.597710680167125], [126.92633179763473, 37.59562068995425], [126.92605394922688, 37.594466690103246], [126.92668343971337, 37.59288220346675], [126.92741341382423, 37.59270331182284], [126.92841840256916, 37.59189474190295]]]}, "properties": {"name": "응암2동", "gu": "은평구", "total_spaces": 10058}}, {"type": "Feature", "geometry": {"type": "Polygon", "coordinates": [[[126.9160592076554, 37.59921172075707], [126.91711002870032, 37.599836689325926], [126.9195522378395, 37.600527944208324], [126.92063114268062, 37.60173319011757], [126.92242725874453, 37.60158095871964], [126.92643536858145, 37.60241951966686], [126.92722724876116, 37.60164714640836], [126.93554578723752, 37.600842330766234], [126.9385948834911, 37.597597358505965], [126.93777326077193, 37.597748958615604], [126.93295415299882, 37.59602678656717], [126.93228104456003, 37.595152720849704], [126.93037500511927, 37.59424215668693], [126.92841840256916, 37.59189474190295], [126.92741341382423, 37.59270331182284], [126.92668343971337, 37.59288220346675], [126.92605394922688, 37.594466690103246], [126.92633179763473, 37.59562068995425], [126.92036426060359, 37.597710680167125], [126.9190954206016, 37.596002155459765], [126.9175001049389, 37.59675138114144], [126.9156948708591, 37.59707837823486], [126.9160592076554, 37.59921172075707]]]}, "properties": {"name": "응암1동", "gu": "은평구", "total_spaces": 16071}}, {"type": "Feature", "geometry": {"type": "Polygon", "coordinates": [[[126.92074348934203, 37.619579176410525], [126.92254773445264, 37.61750138557827], [126.92657589677947, 37.614377609336515], [126.93136095604665, 37.60879897116882], [126.92883454793686, 37.608411709439025], [126.92707345653417, 37.60913533896828], [126.92388638622668, 37.607471537142644], [126.92288620949749, 37.60632071507027], [126.91996166289779, 37.609614353235436], [126.91728678172711, 37.61129899920946], [126.91806836466111, 37.615318493130005], [126.92074348934203, 37.619579176410525]]]}, "properties": {"name": "대조동", "gu": "은평구", "total_spaces": 9779}}, {"type": "Feature", "geometry": {"type": "Polygon", "coordinates": [[[126.90123848593831, 37.61100574210686], [126.90093686694617, 37.61276859296513], [126.90182390419791, 37.614037194747226], [126.9019792078821, 37.615953317610305], [126.90318560579729, 37.61732832418918], [126.90298883567225, 37.617842281955554], [126.90339268036, 37.618802162354676], [126.9051476371958, 37.61907221326073], [126.90524478176097, 37.61949856874536], [126.90684582775062, 37.61694361417498], [126.91014755168672, 37.61431253764215], [126.91534774575187, 37.61240834032855], [126.91728678172711, 37.61129899920946], [126.91581396333763, 37.60893933808845], [126.9152478494863, 37.60742781015012], [126.90970699783135, 37.6076055156134], [126.9094738390634, 37.605395957059976], [126.90502145153366, 37.6046885083781], [126.90171484076576, 37.6057308979457], [126.90220743174724, 37.60709207787302], [126.90182615476476, 37.60890413758199], [126.90198370737744, 37.609390519069], [126.90123848593831, 37.61100574210686]]]}, "properties": {"name": "구산동", "gu": "은평구", "total_spaces": 11062}}, {"type": "Feature", "geometry": {"type": "Polygon", "coordinates": [[[126.90524478176097, 37.61949856874536], [126.90540645683599, 37.62052919635318], [126.90595048149008, 37.6212439462486], [126.90726093905327, 37.621912006800535], [126.90724712039173, 37.62276370304805], [126.90678909833797, 37.62301814452747], [126.90643542391231, 37.624026112365314], [126.9079374524252, 37.625393422869585], [126.91134079416814, 37.622580230668476], [126.91212847007321, 37.622672054152794], [126.91273712593282, 37.62209025555425], [126.91251382179628, 37.62174574415838], [126.9201153524337, 37.61846293711964], [126.91806836466111, 37.615318493130005], [126.91728678172711, 37.61129899920946], [126.91534774575187, 37.61240834032855], [126.91014755168672, 37.61431253764215], [126.90684582775062, 37.61694361417498], [126.90524478176097, 37.61949856874536]]]}, "properties": {"name": "갈현2동", "gu": "은평구", "total_spaces": 10161}}, {"type": "Feature", "geometry": {"type": "Polygon", "coordinates": [[[126.90881081781282, 37.62905039712251], [126.91122077041318, 37.62962354265904], [126.9120816803206, 37.630407486479534], [126.91547112144376, 37.63111727488297], [126.91654413948439, 37.62958244737067], [126.91937262215349, 37.62854297535828], [126.92011209343225, 37.62599681456808], [126.91986381205147, 37.62158381452965], [126.92074348934203, 37.619579176410525], [126.9201153524337, 37.61846293711964], [126.91251382179628, 37.62174574415838], [126.91273712593282, 37.62209025555425], [126.91212847007321, 37.622672054152794], [126.91134079416814, 37.622580230668476], [126.9079374524252, 37.625393422869585], [126.90872305623625, 37.62617592418831], [126.90909067644651, 37.628040112782294], [126.90881081781282, 37.62905039712251]]]}, "properties": {"name": "갈현1동", "gu": "은평구", "total_spaces": 6935}}, {"type": "Feature", "geometry": {"type": "Polygon", "coordinates": [[[126.94090580604093, 37.625702994692745], [126.94248017272997, 37.62551993679771], [126.94356302248892, 37.62486501110885], [126.94540313302032, 37.62572971448562], [126.9461595134795, 37.6265941671589], [126.94617116098016, 37.627118148297335], [126.94692613843708, 37.627028120539414], [126.94813210674424, 37.627441714918014], [126.95139340309801, 37.626344795487675], [126.95249294360396, 37.625239023773695], [126.9531783232318, 37.6251666650734], [126.9521716148673, 37.62482303151385], [126.95171635684318, 37.62432842774889], [126.95109301602741, 37.62191776070802], [126.95181552286734, 37.621330740928876], [126.95096927705323, 37.61986122076613], [126.95068642873424, 37.61990136181985], [126.95073489780427, 37.61889678965991], [126.9493556133083, 37.61772069009563], [126.9506747831964, 37.615430803882134], [126.95098358435195, 37.612057888282706], [126.94998322717336, 37.609705049032215], [126.94588445258057, 37.61068300562716], [126.94515165052648, 37.61068293946179], [126.94369820984919, 37.61005774341776], [126.9414432638592, 37.61085145185045], [126.94063050073052, 37.61081724851635], [126.936627836541, 37.60972999581274], [126.9328420024614, 37.609477549532336], [126.93136095604665, 37.60879897116882], [126.92657589677947, 37.614377609336515], [126.92393740499783, 37.61627669223329], [126.92133112869442, 37.618870055288056], [126.92621612899991, 37.62138250303295], [126.92865731627339, 37.621208626035134], [126.92853457779208, 37.62057251464617], [126.92902636239897, 37.619904684746515], [126.9286743421402, 37.61972145638676], [126.92973094455309, 37.61916096215263], [126.93022826800738, 37.62027087700758], [126.9309428615918, 37.62090987613253], [126.9335457719676, 37.62172566474327], [126.93484679581668, 37.62135221876607], [126.93477809828144, 37.62098559371496], [126.93689304170012, 37.620022440679776], [126.93753572974565, 37.620163005924255], [126.93881499272865, 37.62098808935733], [126.93885777014007, 37.62189528624633], [126.93935775046096, 37.62254988726539], [126.93965535086305, 37.623949659239244], [126.94090580604093, 37.625702994692745]]]}, "properties": {"name": "불광1동", "gu": "은평구", "total_spaces": 13204}}, {"type": "Feature", "geometry": {"type": "Polygon", "coordinates": [[[126.93136095604665, 37.60879897116882], [126.9328420024614, 37.609477549532336], [126.936627836541, 37.60972999581274], [126.94063050073052, 37.61081724851635], [126.9414432638592, 37.61085145185045], [126.94369820984919, 37.61005774341776], [126.94515165052648, 37.61068293946179], [126.94588445258057, 37.61068300562716], [126.94998322717336, 37.609705049032215], [126.94978176501306, 37.6088006003535], [126.95037697571067, 37.60787847946129], [126.94941888735708, 37.60769476686458], [126.94881272484638, 37.60807291018503], [126.94779816039328, 37.60768277799814], [126.94709994528057, 37.60785533405565], [126.94491754773803, 37.604819968200786], [126.94241725951215, 37.60482381067814], [126.94157444451842, 37.60373150735745], [126.94149317005112, 37.6031407592605], [126.93985907867521, 37.60293466175197], [126.93971802350968, 37.601902117931196], [126.94120814536342, 37.60090758408453], [126.94091732475357, 37.599078720705045], [126.9405833083418, 37.59859933818289], [126.9385948834911, 37.597597358505965], [126.93554578723752, 37.600842330766234], [126.92722724876116, 37.60164714640836], [126.92643536858145, 37.60241951966686], [126.92242725874453, 37.60158095871964], [126.92063114268062, 37.60173319011757], [126.9223603255738, 37.60546865376303], [126.92388638622668, 37.607471537142644], [126.92707345653417, 37.60913533896828], [126.92883454793686, 37.608411709439025], [126.93136095604665, 37.60879897116882]]]}, "properties": {"name": "녹번동", "gu": "은평구", "total_spaces": 14175}}, {"type": "Feature", "geometry": {"type": "Polygon", "coordinates": [[[127.07130293942195, 37.63108437539283], [127.07400582725735, 37.6293725760646], [127.07614983539953, 37.62752592230974], [127.07735008210916, 37.625427846655], [127.07831432550388, 37.62126019243319], [127.07988984781227, 37.620059163907364], [127.08149409530938, 37.6197821624832], [127.08166317686181, 37.61918008039649], [127.08060392681583, 37.61850365199464], [127.07878665770465, 37.618135453854734], [127.07190088653442, 37.61550580069498], [127.07140317298975, 37.615628010434406], [127.07083139846507, 37.62157031316335], [127.06996827605239, 37.623748372379815], [127.06935829441444, 37.62465420902431], [127.06494030573703, 37.62861393548207], [127.06439217800333, 37.630783053439636], [127.06823004907802, 37.63150257359285], [127.06982102540947, 37.63149490608703], [127.07130293942195, 37.63108437539283]]]}, "properties": {"name": "공릉1동", "gu": "노원구", "total_spaces": 13990}}, {"type": "Feature", "geometry": {"type": "Polygon", "coordinates": [[[127.07002513718913, 37.64693894476753], [127.07185449956089, 37.64309802003546], [127.06984397318136, 37.642252283341584], [127.07028131374912, 37.6409706712926], [127.06881935326749, 37.6405666376986], [127.06935823647945, 37.639391117113114], [127.06136280664597, 37.637162426972914], [127.0605758605973, 37.63953661728774], [127.06012814448556, 37.639530646305175], [127.06084081802854, 37.64146767235615], [127.06119179291993, 37.64490077944123], [127.06387199850975, 37.646947706553526], [127.0657677154109, 37.6492757120571], [127.06859972007996, 37.6504836955831], [127.0698473988774, 37.648891913017245], [127.07002513718913, 37.64693894476753]]]}, "properties": {"name": "중계2·3동", "gu": "노원구", "total_spaces": 9428}}, {"type": "Feature", "geometry": {"type": "Polygon", "coordinates": [[[127.06023503058842, 37.65567382978402], [127.06060987771325, 37.6543221804137], [127.06701472989158, 37.655753037857586], [127.06859972007996, 37.6504836955831], [127.0657677154109, 37.6492757120571], [127.06387199850975, 37.646947706553526], [127.06132668905602, 37.645107654145164], [127.06084081802854, 37.64146767235615], [127.06012814448556, 37.639530646305175], [127.05887843932622, 37.63763188756499], [127.054936706762, 37.64076181829407], [127.05505011698592, 37.64338051234187], [127.0558925911726, 37.64597043431586], [127.05436127489699, 37.650408436294335], [127.0541816134134, 37.654493031508785], [127.05557782343072, 37.65454899250661], [127.06023503058842, 37.65567382978402]]]}, "properties": {"name": "상계6·7동", "gu": "노원구", "total_spaces": 12237}}, {"type": "Feature", "geometry": {"type": "Polygon", "coordinates": [[[127.08492597076204, 37.69084331756816], [127.08623612268609, 37.690313909004125], [127.08801044336309, 37.690440727723896], [127.08899176885387, 37.68975554889664], [127.0899253342814, 37.68989084286566], [127.09078967789848, 37.68946898864467], [127.09283495017564, 37.68967886907079], [127.09376777321187, 37.688923862854], [127.09495178283213, 37.689166755675984], [127.0957919670953, 37.68886088371061], [127.09542762951382, 37.68820290354803], [127.09592373245917, 37.68771682859389], [127.09628524918817, 37.68573834697609], [127.09583969069729, 37.685279491016836], [127.09563299915646, 37.684322093899596], [127.094673576055, 37.684001040281515], [127.09281148140673, 37.681804410151706], [127.09266456548863, 37.68015124262523], [127.09182770982618, 37.67918728440309], [127.09227021677974, 37.67748185703751], [127.09298147030991, 37.677284783325014], [127.09361084680349, 37.676622361294655], [127.09446761274609, 37.67353135685565], [127.09556160378582, 37.67280745983735], [127.09573891356375, 37.672265045861366], [127.09554397570048, 37.67160974425834], [127.09591006068172, 37.670214915880955], [127.09505536364846, 37.66866733192198], [127.09521158856803, 37.667558166962166], [127.09410099854907, 37.666265584730986], [127.09463486383628, 37.66493003515626], [127.09440907623829, 37.664364570954824], [127.0952467522602, 37.66369268330657], [127.09396040799962, 37.66257057867719], [127.08880378082911, 37.663720995424754], [127.08556607643446, 37.66293809194072], [127.0844943250153, 37.663235045665786], [127.08336579512152, 37.66279407548387], [127.08321329345989, 37.662443083066954], [127.08139492277074, 37.662719406767], [127.07878938816485, 37.66179961510287], [127.0775309446261, 37.66241027920268], [127.07585979321276, 37.66259041264554], [127.0744105134551, 37.661493255375426], [127.07348163817602, 37.66306743241377], [127.07140463223855, 37.664438723829335], [127.0708053967707, 37.66524122505104], [127.07094213056588, 37.667353081754406], [127.06909188721838, 37.66879402321895], [127.06888166245396, 37.66937470767914], [127.06650378068383, 37.67026152863576], [127.06588326287546, 37.670939850565034], [127.06645367116118, 37.67352645419521], [127.06770541885597, 37.67423640005512], [127.06905327880425, 37.67387524733444], [127.07053473064056, 37.67434683696716], [127.07362506974636, 37.6767883107001], [127.07384253195826, 37.67765902266995], [127.07342847084387, 37.67844396543498], [127.0753177315767, 37.68172599275416], [127.07543689363754, 37.68346366498718], [127.07596634215642, 37.68434093337411], [127.07558965383832, 37.6854932861016], [127.07649619841261, 37.68613887772674], [127.0773873389846, 37.68625458930201], [127.07917666543685, 37.688478256914046], [127.08193064949035, 37.688855381757776], [127.08363905087793, 37.69012682389132], [127.08413411275288, 37.690058623900896], [127.08492597076204, 37.69084331756816]]]}, "properties": {"name": "상계3·4동", "gu": "노원구", "total_spaces": 9497}}, {"type": "Feature", "geometry": {"type": "Polygon", "coordinates": [[[127.06568519012401, 37.66139611965137], [127.06521209035928, 37.659400155591676], [127.06260086362505, 37.65892852503691], [127.06257825793729, 37.65965072382617], [127.06134092562283, 37.65976792126114], [127.06171628021997, 37.6559735020319], [127.05557782343072, 37.65454899250661], [127.0541816134134, 37.654493031508785], [127.05377135292095, 37.65651843624924], [127.05243505517788, 37.6581616096285], [127.05194803453108, 37.65937644473927], [127.0514706652671, 37.66180505426885], [127.05870158640545, 37.66118432233917], [127.05803904122473, 37.664582719896174], [127.06187460606212, 37.665192355506285], [127.06344100432419, 37.66479032904041], [127.06292729553583, 37.6613894223892], [127.06568519012401, 37.66139611965137]]]}, "properties": {"name": "상계10동", "gu": "노원구", "total_spaces": 6468}}, {"type": "Feature", "geometry": {"type": "Polygon", "coordinates": [[[127.05623743046128, 37.67051957292228], [127.05822440772796, 37.67127179110452], [127.05959349929398, 37.672257126517884], [127.06270878670593, 37.67240618294724], [127.06655982128784, 37.673798376610485], [127.06583248634843, 37.67161673368877], [127.06588326287546, 37.670939850565034], [127.06650378068383, 37.67026152863576], [127.06888166245396, 37.66937470767914], [127.06909188721838, 37.66879402321895], [127.06985930008875, 37.66844755130977], [127.0701179414608, 37.667952710842314], [127.06924829811852, 37.6678538247913], [127.06876736321456, 37.66831725624994], [127.06796234555817, 37.66780641037418], [127.0667205639115, 37.667841171300815], [127.06568519012401, 37.66139611965137], [127.06292729553583, 37.6613894223892], [127.06344100432419, 37.66479032904041], [127.06187460606212, 37.665192355506285], [127.05803904122473, 37.664582719896174], [127.05825732411269, 37.6637931371654], [127.05780160623306, 37.66370185034644], [127.05623743046128, 37.67051957292228]]]}, "properties": {"name": "상계9동", "gu": "노원구", "total_spaces": 5915}}, {"type": "Feature", "geometry": {"type": "Polygon", "coordinates": [[[127.04893300956682, 37.67120296915049], [127.05623743046128, 37.67051957292228], [127.05780160623306, 37.66370185034644], [127.05802529737358, 37.66373947167759], [127.05870158640545, 37.66118432233917], [127.0514706652671, 37.66180505426885], [127.05104803454684, 37.66457375535652], [127.0490107154688, 37.66807684452728], [127.04893300956682, 37.67120296915049]]]}, "properties": {"name": "상계8동", "gu": "노원구", "total_spaces": 4773}}, {"type": "Feature", "geometry": {"type": "Polygon", "coordinates": [[[127.0657218052004, 37.66155405169866], [127.0667205639115, 37.667841171300815], [127.06796234555817, 37.66780641037418], [127.06876736321456, 37.66831725624994], [127.06924829811852, 37.6678538247913], [127.0701179414608, 37.667952710842314], [127.07094213056588, 37.667353081754406], [127.0708053967707, 37.66524122505104], [127.07140463223855, 37.664438723829335], [127.07348163817602, 37.66306743241377], [127.0744105134551, 37.661493255375426], [127.07269731591664, 37.65972388777358], [127.07238852104688, 37.659942559878374], [127.07160823710079, 37.65835900090129], [127.06899890389289, 37.66037532560498], [127.06849456058812, 37.659960883422904], [127.06664233625385, 37.66141108065264], [127.0657218052004, 37.66155405169866]]]}, "properties": {"name": "상계5동", "gu": "노원구", "total_spaces": 4612}}, {"type": "Feature", "geometry": {"type": "Polygon", "coordinates": [[[127.0657218052004, 37.66155405169866], [127.06664233625385, 37.66141108065264], [127.06849456058812, 37.659960883422904], [127.06899890389289, 37.66037532560498], [127.07160823710079, 37.65835900090129], [127.07194874427941, 37.65778667943825], [127.07215625150499, 37.655331399802954], [127.0719142462148, 37.654068490390834], [127.0706020456261, 37.65219129616935], [127.06859972007996, 37.6504836955831], [127.06701472989158, 37.655753037857586], [127.06060987771325, 37.6543221804137], [127.06023503058842, 37.65567382978402], [127.06171628021997, 37.6559735020319], [127.06134092562283, 37.65976792126114], [127.06257825793729, 37.65965072382617], [127.06260086362505, 37.65892852503691], [127.06521209035928, 37.659400155591676], [127.0657218052004, 37.66155405169866]]]}, "properties": {"name": "상계2동", "gu": "노원구", "total_spaces": 8797}}, {"type": "Feature", "geometry": {"type": "Polygon", "coordinates": [[[127.0817642632477, 37.696377459382106], [127.08428926010136, 37.69401039039624], [127.08420358495503, 37.69311652054705], [127.08513979240426, 37.690999428000495], [127.08413411275288, 37.690058623900896], [127.08363905087793, 37.69012682389132], [127.08193064949035, 37.688855381757776], [127.07917666543685, 37.688478256914046], [127.0773873389846, 37.68625458930201], [127.07649619841261, 37.68613887772674], [127.07558965383832, 37.6854932861016], [127.07596634215642, 37.68434093337411], [127.07543689363754, 37.68346366498718], [127.0753177315767, 37.68172599275416], [127.07342847084387, 37.67844396543498], [127.07384253195826, 37.67765902266995], [127.07362506974636, 37.6767883107001], [127.07153009118161, 37.67527002795897], [127.07132186706471, 37.67477123829191], [127.06905327880425, 37.67387524733444], [127.06770541885597, 37.67423640005512], [127.06270878670593, 37.67240618294724], [127.05959349929398, 37.672257126517884], [127.05822440772796, 37.67127179110452], [127.05623743046128, 37.67051957292228], [127.04893300956682, 37.67120296915049], [127.04913542715495, 37.67312026910329], [127.05202639969589, 37.6838242942408], [127.0519206022309, 37.68480189230562], [127.05077669218353, 37.687021577515175], [127.05179833709037, 37.68710533080485], [127.05482237286016, 37.68934769908893], [127.05682644987358, 37.6895680769905], [127.06038593620215, 37.6886893165794], [127.06511163272562, 37.689846861538115], [127.06570220360472, 37.690817899218736], [127.0677451371379, 37.69241965019737], [127.06826018357759, 37.69346617314941], [127.06939269615431, 37.6943659325084], [127.07043023926262, 37.69407673928911], [127.07262764512011, 37.69434938567952], [127.07409990960544, 37.695496097577674], [127.0766141422167, 37.69594557080247], [127.07734114272841, 37.69638432774312], [127.0817642632477, 37.696377459382106]]]}, "properties": {"name": "상계1동", "gu": "노원구", "total_spaces": 14640}}, {"type": "Feature", "geometry": {"type": "Polygon", "coordinates": [[[127.08880378082911, 37.663720995424754], [127.09634733149035, 37.66186339078366], [127.09670170799022, 37.66091708306615], [127.09574990049937, 37.65952133774444], [127.0884454013373, 37.656622993642685], [127.08576972198144, 37.655882475494124], [127.08540318504689, 37.65540803569186], [127.08043992819057, 37.65471770975492], [127.08053358036786, 37.65420099433036], [127.07817356633934, 37.6534330624323], [127.07817206274612, 37.65455421403479], [127.07422325151711, 37.65468651027062], [127.07212970809155, 37.65516220137703], [127.07203734850624, 37.65729587703113], [127.07160154739393, 37.65840067493432], [127.071838124869, 37.65915622625372], [127.07238852104688, 37.659942559878374], [127.07269731591664, 37.65972388777358], [127.07585979321276, 37.66259041264554], [127.0775309446261, 37.66241027920268], [127.07878938816485, 37.66179961510287], [127.08139492277074, 37.662719406767], [127.08321329345989, 37.662443083066954], [127.08336579512152, 37.66279407548387], [127.0844943250153, 37.663235045665786], [127.08556607643446, 37.66293809194072], [127.08880378082911, 37.663720995424754]]]}, "properties": {"name": "중계4동", "gu": "노원구", "total_spaces": 6281}}, {"type": "Feature", "geometry": {"type": "Polygon", "coordinates": [[[127.07212970809155, 37.65516220137703], [127.07422325151711, 37.65468651027062], [127.07817206274612, 37.65455421403479], [127.07810248024367, 37.65283452331873], [127.07675132933294, 37.65109256873136], [127.07645038044767, 37.644445247777774], [127.07502595780903, 37.64450864903067], [127.07421878468915, 37.646289421859855], [127.0707665169148, 37.64530577428166], [127.07002513718913, 37.64693894476753], [127.0698473988774, 37.648891913017245], [127.06868104540999, 37.650152822375404], [127.06859972007996, 37.6504836955831], [127.07139839848234, 37.65306392839345], [127.07212970809155, 37.65516220137703]]]}, "properties": {"name": "중계1동", "gu": "노원구", "total_spaces": 9548}}, {"type": "Feature", "geometry": {"type": "Polygon", "coordinates": [[[127.07817356633934, 37.6534330624323], [127.08053358036786, 37.65420099433036], [127.08043992819057, 37.65471770975492], [127.08540318504689, 37.65540803569186], [127.08576972198144, 37.655882475494124], [127.0865764464707, 37.65541198206819], [127.09062167117703, 37.654895440686104], [127.09126865999251, 37.655765235431], [127.09187029618279, 37.65601958306085], [127.09409054764589, 37.65285684827153], [127.09229248246965, 37.64995175570889], [127.09301414160086, 37.648059149568745], [127.09362075349541, 37.647656898717486], [127.09354220416904, 37.64684523709041], [127.09440394028199, 37.64602579992467], [127.09431239237763, 37.64487515653532], [127.09461843520052, 37.64382950140806], [127.0941335736357, 37.642589632593285], [127.09160264176467, 37.64215518153716], [127.09128418299403, 37.64144534199225], [127.09044489520404, 37.64103124664773], [127.08666644817721, 37.640721789042956], [127.08568130149808, 37.64091986609836], [127.0830570814087, 37.64007225643113], [127.0830795503282, 37.64086904238531], [127.08112627070943, 37.642802126851585], [127.08090944741366, 37.643680161946705], [127.079940317293, 37.64417719176024], [127.07912367462593, 37.64388688526938], [127.07821362847655, 37.64435120161898], [127.07708487009005, 37.64598748338526], [127.07649690846853, 37.64599658669336], [127.07675132933294, 37.65109256873136], [127.07803168992655, 37.65269576277644], [127.07817356633934, 37.6534330624323]]]}, "properties": {"name": "중계본동", "gu": "노원구", "total_spaces": 8968}}, {"type": "Feature", "geometry": {"type": "Polygon", "coordinates": [[[127.06012814448556, 37.639530646305175], [127.0605758605973, 37.63953661728774], [127.06136280664597, 37.637162426972914], [127.06697960856756, 37.63873559198715], [127.07029745693134, 37.63140312373753], [127.06823004907802, 37.63150257359285], [127.06439217800333, 37.630783053439636], [127.06386273826658, 37.632052024592504], [127.06087563212044, 37.63471342135858], [127.05887843932622, 37.63763188756499], [127.06012814448556, 37.639530646305175]]]}, "properties": {"name": "하계2동", "gu": "노원구", "total_spaces": 5316}}, {"type": "Feature", "geometry": {"type": "Polygon", "coordinates": [[[127.0707665169148, 37.64530577428166], [127.07421878468915, 37.646289421859855], [127.07502595780903, 37.64450864903067], [127.07645038044767, 37.644445247777774], [127.07649690846853, 37.64599658669336], [127.07708487009005, 37.64598748338526], [127.07821362847655, 37.64435120161898], [127.07912367462593, 37.64388688526938], [127.079940317293, 37.64417719176024], [127.08090944741366, 37.643680161946705], [127.08112627070943, 37.642802126851585], [127.08318553682942, 37.64065526861776], [127.0829652383188, 37.63978147321674], [127.08229725217596, 37.639248385041085], [127.08158428480411, 37.6375367326164], [127.08074722845865, 37.63663125215618], [127.07700606492938, 37.63564431877447], [127.07666481263452, 37.6346348783495], [127.07801532559297, 37.634320920744116], [127.07633147931392, 37.63056745519212], [127.07369723116848, 37.63094440973059], [127.07285269786406, 37.63185406679106], [127.07158532289968, 37.631515833029624], [127.07130293942195, 37.63108437539283], [127.07029745693134, 37.63140312373753], [127.06697960856756, 37.63873559198715], [127.06935823647945, 37.639391117113114], [127.06881935326749, 37.6405666376986], [127.07028131374912, 37.6409706712926], [127.06984397318136, 37.642252283341584], [127.07185449956089, 37.64309802003546], [127.0707665169148, 37.64530577428166]]]}, "properties": {"name": "하계1동", "gu": "노원구", "total_spaces": 10647}}, {"type": "Feature", "geometry": {"type": "Polygon", "coordinates": [[[127.09445211877082, 37.645759129388914], [127.09822182541113, 37.64511387289456], [127.10046083694466, 37.64573115603275], [127.10314447626722, 37.64506750229909], [127.10509554205703, 37.645351302446855], [127.10585075690281, 37.64492999384159], [127.10680377488697, 37.64504937126724], [127.10802797949287, 37.64463889148119], [127.10965073122377, 37.64254517955076], [127.11123792944257, 37.64233958679847], [127.11190712215583, 37.639820451291044], [127.11097698217014, 37.639688986846956], [127.11047903257136, 37.638988656605406], [127.11083853638844, 37.63823403735164], [127.11186010846693, 37.63783721962778], [127.11208449026215, 37.63706076140066], [127.11238430380162, 37.6352283988172], [127.1117018672605, 37.63353519997446], [127.11203737202675, 37.63261814120979], [127.11084221141535, 37.630471266361496], [127.10893166824859, 37.62943154621714], [127.10787905678878, 37.6282237805995], [127.10536975382928, 37.62713949153813], [127.1052486853706, 37.6252292409846], [127.10350739754924, 37.6229036980539], [127.1040649799952, 37.621658173653195], [127.10571035369298, 37.620833462172854], [127.10150748859888, 37.61980294198128], [127.09980337819238, 37.618108278384895], [127.09860095528391, 37.61822921665698], [127.09708820884642, 37.61704904087879], [127.09304690168486, 37.61804135189831], [127.08924350173766, 37.619764267951005], [127.08876142645607, 37.620243834084185], [127.08806666786492, 37.619859458232064], [127.08765215540812, 37.62015314313081], [127.08584986391034, 37.620262843958095], [127.08490424631293, 37.61964212119576], [127.08197537778173, 37.6191832466409], [127.08163723624973, 37.61925076864618], [127.08149409530938, 37.6197821624832], [127.07930522788904, 37.62036137902471], [127.07814726113085, 37.62161675120271], [127.07735008210916, 37.625427846655], [127.07614983539953, 37.62752592230974], [127.07400582725735, 37.6293725760646], [127.07130293942195, 37.63108437539283], [127.07158532289968, 37.631515833029624], [127.07285269786406, 37.63185406679106], [127.07369723116848, 37.63094440973059], [127.07645313296722, 37.63061524248463], [127.07801532559297, 37.634320920744116], [127.07666481263452, 37.6346348783495], [127.0771478155004, 37.63577571444027], [127.08074722845865, 37.63663125215618], [127.0830570814087, 37.64007225643113], [127.08568130149808, 37.64091986609836], [127.08666644817721, 37.640721789042956], [127.09044489520404, 37.64103124664773], [127.09128418299403, 37.64144534199225], [127.09160264176467, 37.64215518153716], [127.0941335736357, 37.642589632593285], [127.09461843520052, 37.64382950140806], [127.09431239237763, 37.64487515653532], [127.09445211877082, 37.645759129388914]]]}, "properties": {"name": "공릉2동", "gu": "노원구", "total_spaces": 19592}}, {"type": "Feature", "geometry": {"type": "Polygon", "coordinates": [[[127.05958764855573, 37.63654727048056], [127.06087563212044, 37.63471342135858], [127.06386273826658, 37.632052024592504], [127.06494030573703, 37.62861393548207], [127.06935829441444, 37.62465420902431], [127.06996827605239, 37.623748372379815], [127.07083139846507, 37.62157031316335], [127.0711674262325, 37.61807656467702], [127.07103350984049, 37.61623723544681], [127.06800698287385, 37.615568311745584], [127.06607725640114, 37.61433982568078], [127.06240643776535, 37.62335664827771], [127.06212581861887, 37.62325092761689], [127.05904283301741, 37.630199864741705], [127.058870490974, 37.63420001084636], [127.05975146230209, 37.63459094169051], [127.05861947035709, 37.636270973886255], [127.05958764855573, 37.63654727048056]]]}, "properties": {"name": "월계3동", "gu": "노원구", "total_spaces": 11409}}, {"type": "Feature", "geometry": {"type": "Polygon", "coordinates": [[[127.054936706762, 37.64076181829407], [127.05887843932622, 37.63763188756499], [127.05958764855573, 37.63654727048056], [127.05861947035709, 37.636270973886255], [127.05975146230209, 37.63459094169051], [127.058870490974, 37.63420001084636], [127.05904283301741, 37.630199864741705], [127.04998632283005, 37.624430908379864], [127.04735465846593, 37.62743925994546], [127.04516207650688, 37.62855758674519], [127.04148129879204, 37.63127872017819], [127.04402540000245, 37.63361755930879], [127.04501434061962, 37.636867195165934], [127.04551146193027, 37.63782908599635], [127.04590044669207, 37.63792410607952], [127.0465774457541, 37.63946789946833], [127.04640503345966, 37.641259783413965], [127.04761916272078, 37.64129619904432], [127.04895945454996, 37.6423444611793], [127.04958308028867, 37.64359741107532], [127.0505460467194, 37.64393122087662], [127.05026374820604, 37.645141461845064], [127.05098755488407, 37.64494914000932], [127.05124761979414, 37.6451959545246], [127.05233290190785, 37.64259617477291], [127.053375419197, 37.64123468304295], [127.05413043160969, 37.640672927517244], [127.054936706762, 37.64076181829407]]]}, "properties": {"name": "월계2동", "gu": "노원구", "total_spaces": 9199}}, {"type": "Feature", "geometry": {"type": "Polygon", "coordinates": [[[127.04998632283005, 37.624430908379864], [127.05904283301741, 37.630199864741705], [127.06460685793888, 37.61838602437889], [127.06611868096549, 37.61415059699091], [127.06242204789586, 37.614285738770725], [127.06091106335496, 37.61494704054492], [127.06092264245474, 37.61526491205856], [127.06045668321228, 37.615504187172924], [127.0606996896083, 37.61575408775802], [127.05813244328529, 37.617085420037604], [127.05420819408646, 37.62017450304417], [127.04998632283005, 37.624430908379864]]]}, "properties": {"name": "월계1동", "gu": "노원구", "total_spaces": 9014}}, {"type": "Feature", "geometry": {"type": "Polygon", "coordinates": [[[127.0450853971171, 37.6924414593328], [127.04675156139471, 37.69274209364542], [127.04775158401564, 37.69326286014541], [127.04820480951012, 37.69391363165448], [127.04897388259552, 37.69394598483999], [127.05009508661409, 37.69034840912925], [127.05014201775089, 37.68788451949583], [127.0519206022309, 37.68480189230562], [127.05186092393461, 37.68246840436377], [127.05139149746505, 37.68190324469093], [127.05049013549485, 37.67741453409055], [127.04913542715495, 37.67312026910329], [127.0488231045439, 37.66909332980452], [127.04364955373234, 37.66959504920485], [127.04605246120724, 37.68497656441714], [127.0450853971171, 37.6924414593328]]]}, "properties": {"name": "도봉2동", "gu": "도봉구", "total_spaces": 10980}}, {"type": "Feature", "geometry": {"type": "Polygon", "coordinates": [[[127.01584591511906, 37.70102529209884], [127.01930059966574, 37.70137957797035], [127.01988601788095, 37.70075106320865], [127.022089953694, 37.69960393614844], [127.02333555205944, 37.69983205141541], [127.02489704242589, 37.69943729718438], [127.02676382683698, 37.70021315264136], [127.02713854870083, 37.70071733231425], [127.02802846012001, 37.70058902928195], [127.0293008097542, 37.698818334284645], [127.02972945434998, 37.69618599717625], [127.03114442470769, 37.692939065472586], [127.03223769264481, 37.692573893328024], [127.03250040937878, 37.691704952463375], [127.03415954857225, 37.69189427163312], [127.03535576227017, 37.69241705975353], [127.03589494700765, 37.69224346727964], [127.03736628365752, 37.69309191108647], [127.0383839574792, 37.693247014546834], [127.03916581808771, 37.694065804643174], [127.03969323715978, 37.694089285548486], [127.0415767836414, 37.69535958992464], [127.04213750306552, 37.6950282921577], [127.04312277650399, 37.69515492899634], [127.04321050817127, 37.694269696213965], [127.04287332495271, 37.693868320676344], [127.04501249186073, 37.69288746592791], [127.04605246120724, 37.68497656441714], [127.04364737632272, 37.669816069824506], [127.03960330656163, 37.669963571219206], [127.03983006341709, 37.671812180604896], [127.03881397098563, 37.672114613484446], [127.03810437886466, 37.67191915577596], [127.03757561704724, 37.671357337093006], [127.03720231875205, 37.67144585851442], [127.03461686822905, 37.67293856596946], [127.03457281674436, 37.67384771543856], [127.03411750585909, 37.67435632818254], [127.03288295894585, 37.673782574809174], [127.03150599765442, 37.67443951618142], [127.03121802992766, 37.674932871128284], [127.0304743837241, 37.67463151198833], [127.03003263213955, 37.673631540723306], [127.02913492655183, 37.67383419144043], [127.02843543480206, 37.67313722598828], [127.02635288202647, 37.67341726567552], [127.02489922876246, 37.6725360178018], [127.02486441293824, 37.67220914070865], [127.02289223648012, 37.67195780536666], [127.02279738804852, 37.67162277342907], [127.02516109258468, 37.6700473109169], [127.02543930036262, 37.669427554593234], [127.02345467109218, 37.66934516343551], [127.02240242347816, 37.66967111232555], [127.02156336710723, 37.67119530922086], [127.0192225553828, 37.67119934390807], [127.01862419900043, 37.670800188762], [127.01844019993273, 37.670078592604185], [127.01663196613288, 37.672666881296436], [127.01386720051521, 37.67537208990109], [127.01312401543302, 37.67760995357751], [127.01236285793108, 37.6783693759306], [127.01198110998939, 37.679294032143886], [127.00840606820208, 37.67992581942306], [127.00810233864217, 37.68041461355028], [127.00879843133802, 37.6820152037496], [127.00796354151193, 37.68328815491337], [127.00834869736643, 37.68399173490915], [127.00829243025292, 37.684677601872274], [127.00872344014809, 37.68501403245068], [127.00897269351236, 37.686972219276306], [127.00868602600761, 37.68830482782173], [127.00808662429098, 37.68902338607052], [127.00805451604573, 37.690537579829176], [127.00839083736739, 37.69147513198052], [127.00811274591176, 37.691938302362296], [127.00895902486567, 37.69378270469882], [127.00883722023836, 37.694611322137895], [127.01194833721918, 37.69824424378499], [127.01448914390484, 37.69826820531741], [127.0149388527563, 37.698545202746594], [127.01495812549504, 37.69931130503585], [127.01584591511906, 37.70102529209884]]]}, "properties": {"name": "도봉1동", "gu": "도봉구", "total_spaces": 9084}}, {"type": "Feature", "geometry": {"type": "Polygon", "coordinates": [[[127.04458435974999, 37.662034420272505], [127.04501881384797, 37.65911228955389], [127.04829733389613, 37.65166194447963], [127.0457462911706, 37.65112346931242], [127.04166610745517, 37.65169366898401], [127.03633149798189, 37.65137326489792], [127.0417295689982, 37.66036918920785], [127.04222169853448, 37.661708656075675], [127.04458435974999, 37.662034420272505]]]}, "properties": {"name": "창5동", "gu": "도봉구", "total_spaces": 11387}}, {"type": "Feature", "geometry": {"type": "Polygon", "coordinates": [[[127.0515513535262, 37.660657123035676], [127.05243505517788, 37.6581616096285], [127.05409555194962, 37.655738667578625], [127.05436127489699, 37.650408436294335], [127.0558925911726, 37.64597043431586], [127.05505011698592, 37.64338051234187], [127.054936706762, 37.64076181829407], [127.05437135367016, 37.64064353809402], [127.05261794350086, 37.642093757113955], [127.05055228791119, 37.646423544137335], [127.04501881384797, 37.65911228955389], [127.04458435974999, 37.662034420272505], [127.04602265411624, 37.66205894479943], [127.0515513535262, 37.660657123035676]]]}, "properties": {"name": "창4동", "gu": "도봉구", "total_spaces": 14127}}, {"type": "Feature", "geometry": {"type": "Polygon", "coordinates": [[[127.04635473073616, 37.63915630247942], [127.04590044669207, 37.63792410607952], [127.04551146193027, 37.63782908599635], [127.04501434061962, 37.636867195165934], [127.04393590371336, 37.633436832767394], [127.04148129879204, 37.63127872017819], [127.03906888500659, 37.63318705265765], [127.03825255084813, 37.63439490187242], [127.03771418443722, 37.636112275844205], [127.03643998206832, 37.63688693755085], [127.04225612726088, 37.64304325202984], [127.04417552542675, 37.64417273628964], [127.04437276664143, 37.6438930805306], [127.04405086666789, 37.64289339447368], [127.04445013671915, 37.6423599842503], [127.04501916116368, 37.63967035944681], [127.04635473073616, 37.63915630247942]]]}, "properties": {"name": "창3동", "gu": "도봉구", "total_spaces": 3737}}, {"type": "Feature", "geometry": {"type": "Polygon", "coordinates": [[[127.04365222261623, 37.64391839843868], [127.04225612726088, 37.64304325202984], [127.03643998206832, 37.63688693755085], [127.03468580722327, 37.63760090529954], [127.03293568318642, 37.64128835223097], [127.03083312126107, 37.64285631153547], [127.03185540149676, 37.643868807243145], [127.03346760624277, 37.6465048639257], [127.03474252029415, 37.64609513075327], [127.03977978501086, 37.64665924896911], [127.04084432431672, 37.6448853834384], [127.04155116231534, 37.64503352529239], [127.0416620000876, 37.64439069724423], [127.04261468907403, 37.644432602547596], [127.04288569462591, 37.644029039295326], [127.04365222261623, 37.64391839843868]]]}, "properties": {"name": "창2동", "gu": "도봉구", "total_spaces": 10819}}, {"type": "Feature", "geometry": {"type": "Polygon", "coordinates": [[[127.03633149798189, 37.65137326489792], [127.04166610745517, 37.65169366898401], [127.0457462911706, 37.65112346931242], [127.04829733389613, 37.65166194447963], [127.05124761979414, 37.6451959545246], [127.05098755488407, 37.64494914000932], [127.05026374820604, 37.645141461845064], [127.0505460467194, 37.64393122087662], [127.04958308028867, 37.64359741107532], [127.04895945454996, 37.6423444611793], [127.04761916272078, 37.64129619904432], [127.04640503345966, 37.641259783413965], [127.04664388855392, 37.63985360494985], [127.04635473073616, 37.63915630247942], [127.0451941750759, 37.63955063375777], [127.04445013671915, 37.6423599842503], [127.04405086666789, 37.64289339447368], [127.04437276664143, 37.6438930805306], [127.04417552542675, 37.64417273628964], [127.0432384772206, 37.643919108566685], [127.04261468907403, 37.644432602547596], [127.0416620000876, 37.64439069724423], [127.04155116231534, 37.64503352529239], [127.04070453582237, 37.645030149283485], [127.03977978501086, 37.64665924896911], [127.03474252029415, 37.64609513075327], [127.03346760624277, 37.6465048639257], [127.03633149798189, 37.65137326489792]]]}, "properties": {"name": "창1동", "gu": "도봉구", "total_spaces": 7579}}, {"type": "Feature", "geometry": {"type": "Polygon", "coordinates": [[[127.01816097132883, 37.66877728988831], [127.01862419900043, 37.670800188762], [127.0192225553828, 37.67119934390807], [127.02156336710723, 37.67119530922086], [127.02240242347816, 37.66967111232555], [127.02345467109218, 37.66934516343551], [127.02543930036262, 37.669427554593234], [127.02629728652441, 37.66867506526815], [127.02715780438561, 37.6686399686964], [127.03052113707345, 37.66551562889902], [127.03092908300657, 37.663977115831784], [127.0304797670263, 37.663415526282776], [127.03082036340786, 37.66265862430726], [127.03147255115614, 37.66216883759864], [127.03472576334158, 37.66253990000152], [127.03491035694613, 37.660324578325195], [127.03371467321381, 37.66023875503547], [127.03212065547449, 37.65951699217931], [127.02998920229886, 37.659622264034006], [127.0277729530583, 37.65880908565533], [127.02786695315511, 37.65672612433371], [127.02607214775409, 37.65670989977488], [127.02546498925646, 37.654016954428535], [127.0209207411906, 37.65453725759457], [127.01840866748658, 37.657535074310594], [127.01851996935218, 37.65797174939888], [127.0179325539528, 37.65851129100801], [127.0180068724545, 37.659070447840186], [127.01719428684534, 37.660020241727125], [127.01751444799737, 37.66167658317295], [127.0163354054668, 37.66157594066827], [127.01601779997465, 37.662908576686775], [127.01544999042365, 37.663480763365484], [127.01575074731028, 37.66473167288568], [127.01540704310814, 37.66583878482611], [127.01565797047812, 37.66669833974921], [127.01816097132883, 37.66877728988831]]]}, "properties": {"name": "방학3동", "gu": "도봉구", "total_spaces": 7002}}, {"type": "Feature", "geometry": {"type": "Polygon", "coordinates": [[[127.02629728652441, 37.66867506526815], [127.02516109258468, 37.6700473109169], [127.02279738804852, 37.67162277342907], [127.02289223648012, 37.67195780536666], [127.02486441293824, 37.67220914070865], [127.02489922876246, 37.6725360178018], [127.02635288202647, 37.67341726567552], [127.02843543480206, 37.67313722598828], [127.02913492655183, 37.67383419144043], [127.03003263213955, 37.673631540723306], [127.0304743837241, 37.67463151198833], [127.03092684209504, 37.67490591492368], [127.03288295894585, 37.673782574809174], [127.03411750585909, 37.67435632818254], [127.03457281674436, 37.67384771543856], [127.03461686822905, 37.67293856596946], [127.03720231875205, 37.67144585851442], [127.03757561704724, 37.671357337093006], [127.03810437886466, 37.67191915577596], [127.03881397098563, 37.672114613484446], [127.0398486521891, 37.671797533766686], [127.03908820065824, 37.666974759105365], [127.035147289489, 37.66424853333725], [127.03471947266263, 37.66352477859648], [127.03472576334158, 37.66253990000152], [127.03147255115614, 37.66216883759864], [127.03082036340786, 37.66265862430726], [127.0304797670263, 37.663415526282776], [127.03092908300657, 37.663977115831784], [127.03052113707345, 37.66551562889902], [127.02789541806173, 37.66811583406739], [127.02691769241129, 37.668745040276534], [127.02629728652441, 37.66867506526815]]]}, "properties": {"name": "방학2동", "gu": "도봉구", "total_spaces": 6166}}, {"type": "Feature", "geometry": {"type": "Polygon", "coordinates": [[[127.03960330656163, 37.669963571219206], [127.04364737632272, 37.669816069824506], [127.0440474689887, 37.66953578009373], [127.0488231045439, 37.66909332980452], [127.04928777792894, 37.66737256603406], [127.05126634195116, 37.66397536083924], [127.0515513535262, 37.660657123035676], [127.04558740018282, 37.66209233159724], [127.04159354508735, 37.66163848254255], [127.03757362403731, 37.66174451777797], [127.03708477124054, 37.661160159352086], [127.03491035694613, 37.660324578325195], [127.03480511538109, 37.66376942509568], [127.03908820065824, 37.666974759105365], [127.03960330656163, 37.669963571219206]]]}, "properties": {"name": "방학1동", "gu": "도봉구", "total_spaces": 14258}}, {"type": "Feature", "geometry": {"type": "Polygon", "coordinates": [[[127.02546498925646, 37.654016954428535], [127.02607214775409, 37.65670989977488], [127.02786695315511, 37.65672612433371], [127.0277729530583, 37.65880908565533], [127.03012591590466, 37.65964531842739], [127.03212065547449, 37.65951699217931], [127.0337850834924, 37.66008247310486], [127.03415612008084, 37.65980222440231], [127.03427861938621, 37.658100193721054], [127.03292644000209, 37.658019473735095], [127.03306034809792, 37.65643822767682], [127.03441275699545, 37.65670251967381], [127.03458734100977, 37.65508550274431], [127.03417011735004, 37.65415874096813], [127.03305030058594, 37.653195565311016], [127.03329483637884, 37.65114380995111], [127.02867291921478, 37.650711932814694], [127.02805053860305, 37.653135135057504], [127.02761864270995, 37.65353109734736], [127.02546498925646, 37.654016954428535]]]}, "properties": {"name": "쌍문4동", "gu": "도봉구", "total_spaces": 4976}}, {"type": "Feature", "geometry": {"type": "Polygon", "coordinates": [[[127.03633149798189, 37.65137326489792], [127.03185540149676, 37.643868807243145], [127.03083312126107, 37.64285631153547], [127.02566437986455, 37.64585857896943], [127.0251517127496, 37.64660114350937], [127.02867291921478, 37.650711932814694], [127.03633149798189, 37.65137326489792]]]}, "properties": {"name": "쌍문3동", "gu": "도봉구", "total_spaces": 5840}}, {"type": "Feature", "geometry": {"type": "Polygon", "coordinates": [[[127.03491035694613, 37.660324578325195], [127.03708477124054, 37.661160159352086], [127.03757362403731, 37.66174451777797], [127.04222169853448, 37.661708656075675], [127.0417295689982, 37.66036918920785], [127.03633149798189, 37.65137326489792], [127.03329483637884, 37.65114380995111], [127.03305030058594, 37.653195565311016], [127.03417011735004, 37.65415874096813], [127.03458734100977, 37.65508550274431], [127.03441275699545, 37.65670251967381], [127.03306034809792, 37.65643822767682], [127.03292644000209, 37.658019473735095], [127.03427861938621, 37.658100193721054], [127.03415894940267, 37.65979321387806], [127.03371467321381, 37.66023875503547], [127.03491035694613, 37.660324578325195]]]}, "properties": {"name": "쌍문2동", "gu": "도봉구", "total_spaces": 7079}}, {"type": "Feature", "geometry": {"type": "Polygon", "coordinates": [[[127.01551319269788, 37.661497205834756], [127.01751444799737, 37.66167658317295], [127.01719428684534, 37.660020241727125], [127.0180068724545, 37.659070447840186], [127.0179325539528, 37.65851129100801], [127.01851996935218, 37.65797174939888], [127.01840866748658, 37.657535074310594], [127.0209207411906, 37.65453725759457], [127.02203652613946, 37.654213844059456], [127.02459212798189, 37.654246876985695], [127.02761864270995, 37.65353109734736], [127.02805053860305, 37.653135135057504], [127.02867291921478, 37.650711932814694], [127.0251517127496, 37.64660114350937], [127.02461727646948, 37.64740227343741], [127.02236341954826, 37.647984667328664], [127.02131358950498, 37.64896409631471], [127.01699892591242, 37.64872682730348], [127.0152012387281, 37.64931212062609], [127.01438803487407, 37.65037451878924], [127.01324478967399, 37.650439677108935], [127.01256293143757, 37.65274990023899], [127.0138896372498, 37.65901858220846], [127.01457694534373, 37.66043641627935], [127.01445236288916, 37.66193204678301], [127.01551319269788, 37.661497205834756]]]}, "properties": {"name": "쌍문1동", "gu": "도봉구", "total_spaces": 8049}}, {"type": "Feature", "geometry": {"type": "Polygon", "coordinates": [[[127.01691478631284, 37.64081373073462], [127.0171815386769, 37.63725905834236], [127.01944828639476, 37.63551309127072], [127.02178322629496, 37.63626277747328], [127.02358297066502, 37.63608986112833], [127.02325071593862, 37.635540889400026], [127.02325488226877, 37.63465089132968], [127.01319773758911, 37.63376034685141], [127.00793990195154, 37.63298140383603], [127.00764733077573, 37.63341276273862], [127.00259791873324, 37.63228275217541], [126.99319426492366, 37.63202765534268], [126.9926247614608, 37.63246346209017], [126.99126924873397, 37.63200920267588], [126.9868093192753, 37.63512217373205], [126.98560356348688, 37.635444679962376], [126.98454469868585, 37.63666366798505], [126.98538396301669, 37.6391538624176], [126.98636759235605, 37.64065102282623], [126.99151315793458, 37.638720664568304], [126.99365905115405, 37.63922790840097], [126.99486325720075, 37.63871273605444], [126.99673231903508, 37.63888626486711], [126.99885114710867, 37.63994413551894], [126.99867534645418, 37.64015079305966], [127.00036246004903, 37.64053767876363], [127.00457335597302, 37.644360039268605], [127.00734341147863, 37.64498695843294], [127.0095634904372, 37.64450142690353], [127.01025473225005, 37.64507096383688], [127.01304167941582, 37.64453971160762], [127.01522961078558, 37.644731216747715], [127.01592442401883, 37.64430683033874], [127.01691478631284, 37.64081373073462]]]}, "properties": {"name": "인수동", "gu": "강북구", "total_spaces": 10033}}, {"type": "Feature", "geometry": {"type": "Polygon", "coordinates": [[[126.99173635663968, 37.679465274389045], [126.99379926026367, 37.68024927235525], [126.99420888504847, 37.68097908495444], [126.99580935392524, 37.681929979132214], [126.99798603572611, 37.683824073673435], [127.00119361574846, 37.684442698750765], [127.00196398334627, 37.68372727154179], [127.00305320417642, 37.68429177673593], [127.00356550664401, 37.68506801124288], [127.00419063458111, 37.685173018106866], [127.00586177042767, 37.685214919892125], [127.00829243025292, 37.684677601872274], [127.00834869736643, 37.68399173490915], [127.0079665502731, 37.683258873205574], [127.00880638950126, 37.681884562496606], [127.00813739613486, 37.68025834942813], [127.00869883747073, 37.679701685412006], [127.01198110998939, 37.679294032143886], [127.01236285793108, 37.6783693759306], [127.01312401543302, 37.67760995357751], [127.01411899943932, 37.67501589786074], [127.0173855482988, 37.67174272267589], [127.01851614994004, 37.669958358154986], [127.01843969125588, 37.669398076776034], [127.01816097132883, 37.66877728988831], [127.01582765970016, 37.666863591545805], [127.01544517905181, 37.66616453846195], [127.01575074731028, 37.66473167288568], [127.01544999042365, 37.663480763365484], [127.01601779997465, 37.662908576686775], [127.01645762580347, 37.661739789883605], [127.0157827037865, 37.66144761999603], [127.01445236288916, 37.66193204678301], [127.01457694534373, 37.66043641627935], [127.0138896372498, 37.65901858220846], [127.01254712971904, 37.65245792941285], [127.01324478967399, 37.650439677108935], [127.01445690394262, 37.65033988000752], [127.01480522468914, 37.64962807050827], [127.01561851605068, 37.64910315773906], [127.01382887372257, 37.64920499933977], [127.01592442401883, 37.64430683033874], [127.01522961078558, 37.644731216747715], [127.01304167941582, 37.64453971160762], [127.01025473225005, 37.64507096383688], [127.0095634904372, 37.64450142690353], [127.00734341147863, 37.64498695843294], [127.00457335597302, 37.644360039268605], [127.00036246004903, 37.64053767876363], [126.99867534645418, 37.64015079305966], [126.99885114710867, 37.63994413551894], [126.99673231903508, 37.63888626486711], [126.99486325720075, 37.63871273605444], [126.99365905115405, 37.63922790840097], [126.99151315793458, 37.638720664568304], [126.98695624837279, 37.64055339725322], [126.98589492962505, 37.6405690285674], [126.98531120292478, 37.6416016947571], [126.98445061353017, 37.641679282647765], [126.98388398218025, 37.642169105504934], [126.98324361694175, 37.643701794755984], [126.9842024686868, 37.644472274379126], [126.98494326917341, 37.64582412698285], [126.98461693704544, 37.64754747918695], [126.98378424553631, 37.64839793458153], [126.98363126497023, 37.64990591973524], [126.98256469339705, 37.65055698963245], [126.98224367250839, 37.65130474730219], [126.9813265104666, 37.651946257302036], [126.98060145523058, 37.65381340211501], [126.9796439282433, 37.654883980907215], [126.97944816650735, 37.65582743403417], [126.97995365895203, 37.65658322007229], [126.98128642590137, 37.657420517912016], [126.98264063981291, 37.65759446157357], [126.9849962293332, 37.65930272461488], [126.98821558947826, 37.6637984283283], [126.98984195513303, 37.66390249408315], [126.9924314125706, 37.66483072472893], [126.99415560551877, 37.66627690713163], [126.99370951120045, 37.66790200857793], [126.99383878726138, 37.67139384923788], [126.99412668141116, 37.672213189351204], [126.99341363626321, 37.6738945817389], [126.99377448493205, 37.67492227709853], [126.99296941345025, 37.67565003774506], [126.9927570799146, 37.67841065521579], [126.99173635663968, 37.679465274389045]]]}, "properties": {"name": "우이동", "gu": "강북구", "total_spaces": 6749}}, {"type": "Feature", "geometry": {"type": "Polygon", "coordinates": [[[127.02108772445403, 37.61946808155793], [127.02220074396976, 37.61552807217533], [127.02202960482059, 37.61228710360804], [127.02047926821038, 37.61254780279823], [127.01925830488429, 37.61375277362726], [127.01822148976584, 37.61398295668047], [127.01764274640013, 37.61457092738353], [127.01621873541106, 37.61498415685501], [127.01501528888461, 37.61481029863098], [127.01475244644718, 37.61559221100429], [127.0130712082895, 37.61570360237185], [127.01147021519314, 37.616419183366446], [127.0107116981042, 37.61644317718385], [127.01007411695754, 37.61700493034218], [127.00982219291906, 37.617833005910384], [127.00855685788112, 37.61856344552446], [127.01262980673174, 37.62027950004111], [127.01921321417367, 37.619882828441106], [127.02108772445403, 37.61946808155793]]]}, "properties": {"name": "삼각산동", "gu": "강북구", "total_spaces": 12886}}, {"type": "Feature", "geometry": {"type": "Polygon", "coordinates": [[[127.02689465351564, 37.62445671564632], [127.0298071644868, 37.61712460892185], [127.03019431995463, 37.612327635823014], [127.0264147832187, 37.612669740309265], [127.02602814109251, 37.612226369424306], [127.02433594556754, 37.6120822700986], [127.0222351344525, 37.61126924010435], [127.02202960482059, 37.61228710360804], [127.0222162608837, 37.61532309627764], [127.02185246010109, 37.616832302523264], [127.02042616449495, 37.62158126956266], [127.01867483112106, 37.62374980155634], [127.01840410565946, 37.6248628320091], [127.0205914212596, 37.62484813942844], [127.02200518108629, 37.625180701794896], [127.02286722740477, 37.62295315832603], [127.0258556120615, 37.6236705481753], [127.02626476458839, 37.623500966278286], [127.02618854364587, 37.624227397116215], [127.02689465351564, 37.62445671564632]]]}, "properties": {"name": "송천동", "gu": "강북구", "total_spaces": 7145}}, {"type": "Feature", "geometry": {"type": "Polygon", "coordinates": [[[127.0325923915347, 37.625508091196245], [127.03321557918231, 37.62462383932609], [127.03383095357248, 37.622487787365785], [127.03431997478728, 37.62207629881215], [127.03447351892127, 37.621086585781114], [127.0366810089071, 37.62018158986482], [127.03676076431466, 37.61966913353937], [127.03752257516518, 37.61981869156593], [127.03879456326884, 37.619468603672516], [127.03848869985825, 37.61760845672371], [127.03865187802649, 37.61654778225717], [127.03986564247394, 37.61562980142153], [127.03681790735057, 37.612507163189996], [127.03041110925595, 37.609138952369584], [127.0298071644868, 37.61712460892185], [127.02689465351564, 37.62445671564632], [127.02934822579488, 37.625103178503274], [127.02983707441392, 37.62552624100565], [127.03039802679491, 37.624730990661995], [127.0310066675026, 37.625505119404615], [127.0325923915347, 37.625508091196245]]]}, "properties": {"name": "송중동", "gu": "강북구", "total_spaces": 9367}}, {"type": "Feature", "geometry": {"type": "Polygon", "coordinates": [[[127.02749177412333, 37.63496312471209], [127.02697554457278, 37.633811674602576], [127.02764366100061, 37.633456205307965], [127.02896485009684, 37.63376674289468], [127.02901086553751, 37.63278100567329], [127.0298170064707, 37.63141892991369], [127.02976036692624, 37.63096225997309], [127.03240706783279, 37.62762994602797], [127.03223396015902, 37.627202307675425], [127.03278389859241, 37.62591995713494], [127.03243358504383, 37.625412685395155], [127.0323505114492, 37.625691729194166], [127.0310066675026, 37.625505119404615], [127.03039802679491, 37.624730990661995], [127.02983707441392, 37.62552624100565], [127.02909880571539, 37.625017644003805], [127.02624821893272, 37.62431213302347], [127.02626476458839, 37.623500966278286], [127.0258556120615, 37.6236705481753], [127.02286722740477, 37.62295315832603], [127.02196785531648, 37.625255883744884], [127.02186092308716, 37.62645983594211], [127.02131128118262, 37.626912953041945], [127.02157885388888, 37.62737465970229], [127.02132962736322, 37.6280135523053], [127.02083081152213, 37.627938459545504], [127.02043314611475, 37.628879765453775], [127.02287894763793, 37.6305120906368], [127.02433443554516, 37.63088769524346], [127.02343254914337, 37.6332385752223], [127.02325488226877, 37.63465089132968], [127.02749177412333, 37.63496312471209]]]}, "properties": {"name": "미아동", "gu": "강북구", "total_spaces": 7550}}, {"type": "Feature", "geometry": {"type": "Polygon", "coordinates": [[[127.02258824826414, 37.63033645205098], [127.02043314611475, 37.628879765453775], [127.02083081152213, 37.627938459545504], [127.02132962736322, 37.6280135523053], [127.02157885388888, 37.62737465970229], [127.02131128118262, 37.626912953041945], [127.02186092308716, 37.62645983594211], [127.02200518108629, 37.625180701794896], [127.0205914212596, 37.62484813942844], [127.01840410565946, 37.6248628320091], [127.01867483112106, 37.62374980155634], [127.02030269102066, 37.621837505476755], [127.02108772445403, 37.61946808155793], [127.01921321417367, 37.619882828441106], [127.01262980673174, 37.62027950004111], [127.00850252167551, 37.61853191443318], [127.0073104250981, 37.62144496090106], [127.00792567538109, 37.62396908058361], [127.00450156609604, 37.62443800773748], [127.00647316145769, 37.62512550149729], [127.00920686923206, 37.62504229605239], [127.01140612412544, 37.62558215689127], [127.01199172624679, 37.62624488934868], [127.01341260126333, 37.626872624659505], [127.01556247242256, 37.62696361256779], [127.01612572159578, 37.628028388931405], [127.01758509756559, 37.62875883694725], [127.01776363719728, 37.62930165230047], [127.02258824826414, 37.63033645205098]]]}, "properties": {"name": "삼양동", "gu": "강북구", "total_spaces": 8159}}, {"type": "Feature", "geometry": {"type": "Polygon", "coordinates": [[[127.0251517127496, 37.64660114350937], [127.02566437986455, 37.64585857896943], [127.03083312126107, 37.64285631153547], [127.02358297066502, 37.63608986112833], [127.02178322629496, 37.63626277747328], [127.01944828639476, 37.63551309127072], [127.0171815386769, 37.63725905834236], [127.01691478631284, 37.64081373073462], [127.02054409688046, 37.64125439861443], [127.02352233563963, 37.6435784011121], [127.02479601004393, 37.64372006055463], [127.02367177200644, 37.64481834215698], [127.0251517127496, 37.64660114350937]]]}, "properties": {"name": "수유3동", "gu": "강북구", "total_spaces": 7356}}, {"type": "Feature", "geometry": {"type": "Polygon", "coordinates": [[[127.01382887372257, 37.64920499933977], [127.01778607843835, 37.64861494409175], [127.02113955971909, 37.64901621304695], [127.02236341954826, 37.647984667328664], [127.02461727646948, 37.64740227343741], [127.0251517127496, 37.64660114350937], [127.02367177200644, 37.64481834215698], [127.02479601004393, 37.64372006055463], [127.02352233563963, 37.6435784011121], [127.02054409688046, 37.64125439861443], [127.01691478631284, 37.64081373073462], [127.01573351065656, 37.64491219708666], [127.01382887372257, 37.64920499933977]]]}, "properties": {"name": "수유2동", "gu": "강북구", "total_spaces": 7202}}, {"type": "Feature", "geometry": {"type": "Polygon", "coordinates": [[[126.99319426492366, 37.63202765534268], [127.00259791873324, 37.63228275217541], [127.00764733077573, 37.63341276273862], [127.00793990195154, 37.63298140383603], [127.01319773758911, 37.63376034685141], [127.02325488226877, 37.63465089132968], [127.02343254914337, 37.6332385752223], [127.02433443554516, 37.63088769524346], [127.01776363719728, 37.62930165230047], [127.01758509756559, 37.62875883694725], [127.01612572159578, 37.628028388931405], [127.01556247242256, 37.62696361256779], [127.01341260126333, 37.626872624659505], [127.01199172624679, 37.62624488934868], [127.01140612412544, 37.62558215689127], [127.00920686923206, 37.62504229605239], [127.00647316145769, 37.62512550149729], [127.00450156609604, 37.62443800773748], [127.00235781297329, 37.62559495645253], [126.99999948846576, 37.625774300836056], [126.99657169507012, 37.62908699461595], [126.9949224492655, 37.629976630520765], [126.9941018442592, 37.62991914438417], [126.99319426492366, 37.63202765534268]]]}, "properties": {"name": "수유1동", "gu": "강북구", "total_spaces": 6123}}, {"type": "Feature", "geometry": {"type": "Polygon", "coordinates": [[[127.0419668610661, 37.630988833829065], [127.04516207650688, 37.62855758674519], [127.04754537092342, 37.62728348526341], [127.04998632283005, 37.624430908379864], [127.04623827777654, 37.622075481495806], [127.04396079033432, 37.61867653008576], [127.0401944472115, 37.61594531900446], [127.03865187802649, 37.61654778225717], [127.03848869985825, 37.61760845672371], [127.03879456326884, 37.619468603672516], [127.03671071012143, 37.6197375666687], [127.03757643333724, 37.621398487549946], [127.03767364300087, 37.623315292560264], [127.03673935232234, 37.62642902245362], [127.0419668610661, 37.630988833829065]]]}, "properties": {"name": "번3동", "gu": "강북구", "total_spaces": 4843}}, {"type": "Feature", "geometry": {"type": "Polygon", "coordinates": [[[127.0384792506463, 37.633913652472806], [127.03996870181452, 37.6322429881171], [127.0419668610661, 37.630988833829065], [127.03673935232234, 37.62642902245362], [127.03767364300087, 37.623315292560264], [127.03757643333724, 37.621398487549946], [127.036825498826, 37.6199554569923], [127.03566625804942, 37.62074753447418], [127.03447351892127, 37.621086585781114], [127.03431997478728, 37.62207629881215], [127.03383095357248, 37.622487787365785], [127.03321557918231, 37.62462383932609], [127.0325923915347, 37.625508091196245], [127.03279265326807, 37.62611507315648], [127.03223396015902, 37.627202307675425], [127.03240706783279, 37.62762994602797], [127.02976036692624, 37.63096225997309], [127.0298170064707, 37.63141892991369], [127.02901086553751, 37.63278100567329], [127.02896485009684, 37.63376674289468], [127.02764366100061, 37.633456205307965], [127.02694405465306, 37.63386799252652], [127.02749177412333, 37.63496312471209], [127.03381176505323, 37.635410645610435], [127.03578726831887, 37.634522625147895], [127.0384792506463, 37.633913652472806]]]}, "properties": {"name": "번2동", "gu": "강북구", "total_spaces": 4353}}, {"type": "Feature", "geometry": {"type": "Polygon", "coordinates": [[[127.03083312126107, 37.64285631153547], [127.03293568318642, 37.64128835223097], [127.03468580722327, 37.63760090529954], [127.03757053136512, 37.63629758337589], [127.0384792506463, 37.633913652472806], [127.03578726831887, 37.634522625147895], [127.03404631521732, 37.63540382385503], [127.02325488226877, 37.63465089132968], [127.02343777199427, 37.6359538968466], [127.03083312126107, 37.64285631153547]]]}, "properties": {"name": "번1동", "gu": "강북구", "total_spaces": 6657}}, {"type": "Feature", "geometry": {"type": "Polygon", "coordinates": [[[127.07118707039898, 37.61636863177054], [127.07171786449614, 37.60681171968491], [127.07054316245095, 37.606910957443915], [127.07046824853778, 37.609335487436105], [127.06858822022716, 37.6093224929274], [127.0687344833572, 37.60687117558016], [127.06736912299975, 37.60648480445013], [127.06620468377842, 37.605562504605274], [127.06542323139759, 37.6055167549479], [127.06497301948205, 37.60587429367393], [127.06370325619271, 37.60528285511947], [127.06233454798256, 37.60528103428567], [127.06106737377523, 37.60368102853856], [127.06012359282856, 37.60306686174527], [127.0599504615589, 37.60228647117404], [127.06055600369008, 37.6018945238197], [127.05916049988953, 37.601023794021394], [127.05732929495369, 37.60118600637723], [127.05737750776755, 37.60153652229925], [127.05542849263995, 37.6010311886963], [127.05508032042418, 37.60134106014948], [127.05428006919298, 37.60066089674667], [127.05202998968763, 37.59995263832934], [127.05132742630656, 37.60162651315966], [127.05223915606626, 37.60285906376796], [127.05215920786131, 37.60473145281455], [127.05060693744232, 37.606766921102746], [127.05097055391624, 37.607267377564995], [127.05072034675479, 37.607545941935086], [127.06066814909944, 37.61280001185987], [127.06285739190747, 37.61406420983252], [127.06289266183376, 37.61434377718792], [127.06601618841096, 37.614119963379295], [127.06620235168224, 37.614517137826155], [127.06800698287385, 37.615568311745584], [127.07118707039898, 37.61636863177054]]]}, "properties": {"name": "석관동", "gu": "성북구", "total_spaces": 10041}}, {"type": "Feature", "geometry": {"type": "Polygon", "coordinates": [[[127.02904278281767, 37.602678672080565], [127.03039432542046, 37.60417369912792], [127.0342520940643, 37.602884286894636], [127.03852262459539, 37.60249419487356], [127.03848578324164, 37.602061453023396], [127.04036702008894, 37.60067615039805], [127.04079232785581, 37.5995647030379], [127.04075390245815, 37.59580029331416], [127.03906285497877, 37.591270018300584], [127.0363507105566, 37.59124353864719], [127.03636414954292, 37.591608715029274], [127.03593429440798, 37.591726532253254], [127.03592692505131, 37.5922437558639], [127.03554049741655, 37.59255189195333], [127.03203001391437, 37.591145626185416], [127.03022904644071, 37.59125222520863], [127.02850276250467, 37.592421378431844], [127.0283258263925, 37.59286796918664], [127.02727109761722, 37.59307345951767], [127.02657784796075, 37.594437192190654], [127.02595776341532, 37.59454290628705], [127.02499321853035, 37.59412893084848], [127.02570187018051, 37.59490250798849], [127.02630352352556, 37.59896103383714], [127.02678202115736, 37.60020231863029], [127.0276785973085, 37.60130554625602], [127.02905316690946, 37.602047700001435], [127.02904278281767, 37.602678672080565]]]}, "properties": {"name": "종암동", "gu": "성북구", "total_spaces": 13280}}, {"type": "Feature", "geometry": {"type": "Polygon", "coordinates": [[[127.01972255502378, 37.597288373484204], [127.0201107976258, 37.59680318949142], [127.02121547779616, 37.597212113302945], [127.02145124253968, 37.596897574059604], [127.0219710858757, 37.59698195236924], [127.02203749689231, 37.59656410957403], [127.02253901094012, 37.59627908516608], [127.02257439071782, 37.59563008882626], [127.02499321853035, 37.59412893084848], [127.02378816360715, 37.59224835936385], [127.02372992899508, 37.590962496286735], [127.02416818242571, 37.590486580416204], [127.02219111497119, 37.58968534819573], [127.0221136353948, 37.58907325504895], [127.01966136994244, 37.58940702186644], [127.01896420065749, 37.58882824405912], [127.01699337558003, 37.59035371749595], [127.01646768596518, 37.592623985094654], [127.01441235374804, 37.59230916444886], [127.01326159272212, 37.59180529626744], [127.01154489418424, 37.593965846393324], [127.01367769005172, 37.594984321277984], [127.01266982193984, 37.5966802416532], [127.01311573986408, 37.59703918444626], [127.01278161255699, 37.597663148072876], [127.01288714643384, 37.598205699078115], [127.01553694773311, 37.59848134038064], [127.01528525374638, 37.59796978022182], [127.01608582270667, 37.59680234702974], [127.01701989453831, 37.59709026133921], [127.01942896723418, 37.597040366288915], [127.01972255502378, 37.597288373484204]]]}, "properties": {"name": "동선동", "gu": "성북구", "total_spaces": 6862}}, {"type": "Feature", "geometry": {"type": "Polygon", "coordinates": [[[127.00610028032202, 37.588443991485484], [127.01441235374804, 37.59230916444886], [127.01646768596518, 37.592623985094654], [127.01699337558003, 37.59035371749595], [127.01896420065749, 37.58882824405912], [127.01633242889743, 37.58681208602991], [127.01544755116498, 37.5849482798912], [127.01468574131778, 37.58454404997221], [127.01466069598555, 37.58295550203225], [127.01511401338513, 37.582573094750956], [127.01473769065034, 37.58220654877342], [127.01280108473743, 37.581317307433224], [127.01138293976257, 37.5813700858275], [127.0102947352156, 37.58022535597183], [127.00884142503578, 37.5804526725692], [127.00692689296966, 37.58234203132799], [127.00737062467272, 37.58333534725873], [127.00686359943525, 37.585307122404174], [127.00644436250268, 37.58564219466642], [127.00652753962369, 37.586128160250766], [127.00593336363639, 37.58690978884837], [127.00429981718861, 37.58708665700944], [127.00419494240782, 37.58795047909333], [127.00573920089924, 37.58833419737785], [127.00578468315949, 37.58862279255111], [127.00610028032202, 37.588443991485484]]]}, "properties": {"name": "삼선동", "gu": "성북구", "total_spaces": 15531}}, {"type": "Feature", "geometry": {"type": "Polygon", "coordinates": [[[126.98637476220196, 37.60007960207715], [126.98947041997533, 37.602526691127395], [126.99392547575619, 37.602748647357835], [126.99541924162294, 37.60267383981026], [126.99885358371863, 37.60147284431039], [127.00064457641587, 37.60165278625087], [127.00179274310561, 37.60029990654428], [127.0020891081497, 37.59949324378696], [127.00292582780403, 37.598896335211386], [127.00282495149824, 37.597549647359976], [127.00442384702168, 37.596660460433185], [127.00553551703366, 37.597079948458806], [127.00624992137192, 37.596438252532344], [127.0069482708534, 37.59659223441913], [127.00785073590981, 37.59598993800179], [127.0084192544909, 37.594609711110856], [127.00842265540432, 37.59312027119583], [127.00723152770917, 37.59187275281708], [127.00748874731555, 37.591631445137665], [127.00953112930625, 37.592063796813086], [127.01154489418424, 37.593965846393324], [127.01326159272212, 37.59180529626744], [127.00610028032202, 37.588443991485484], [127.00578468315949, 37.58862279255111], [127.00573920089924, 37.58833419737785], [127.00419494240782, 37.58795047909333], [127.00243046762726, 37.589057309847064], [127.00150964359283, 37.59020156428561], [127.00191195179718, 37.591248676917814], [127.00155971121599, 37.591918784917866], [127.0007860428414, 37.59244501395577], [126.99853226379771, 37.592506358007064], [126.99648728281794, 37.59202566958337], [126.9955945360832, 37.59223144681626], [126.9943772511553, 37.59124592747706], [126.99237535595672, 37.59193250862996], [126.99145386463627, 37.59137072602403], [126.98921518776444, 37.59119228786045], [126.98907503627167, 37.591394431613566], [126.98947586553666, 37.59179484825216], [126.98647979488139, 37.59250628236081], [126.98386814458945, 37.59385035839983], [126.98201152781185, 37.59584321205355], [126.98156691001162, 37.59716505005236], [126.98156655864933, 37.599143553772905], [126.98490862357457, 37.59943886195681], [126.98637476220196, 37.60007960207715]]]}, "properties": {"name": "성북동", "gu": "성북구", "total_spaces": 6222}}, {"type": "Feature", "geometry": {"type": "Polygon", "coordinates": [[[127.04998632283005, 37.624430908379864], [127.05420819408646, 37.62017450304417], [127.05813244328529, 37.617085420037604], [127.0606996896083, 37.61575408775802], [127.06045668321228, 37.615504187172924], [127.06092264245474, 37.61526491205856], [127.06091106335496, 37.61494704054492], [127.06201420213011, 37.61437548352523], [127.06289266183376, 37.61434377718792], [127.06285739190747, 37.61406420983252], [127.06066814909944, 37.61280001185987], [127.06047741738321, 37.61307406191774], [127.05822493205783, 37.6123310114074], [127.05503947952731, 37.615217046484254], [127.05464147393724, 37.61497874790357], [127.05402855168565, 37.615388968537495], [127.05279000658525, 37.61681503370006], [127.0503851386452, 37.617469546504374], [127.05179751429365, 37.61838541939507], [127.04933243772423, 37.620460387939936], [127.0472694089671, 37.61917026994882], [127.0467303636267, 37.61836607109202], [127.04472886423963, 37.61954907611677], [127.04623827777654, 37.622075481495806], [127.04998632283005, 37.624430908379864]]]}, "properties": {"name": "장위3동", "gu": "성북구", "total_spaces": 7329}}, {"type": "Feature", "geometry": {"type": "Polygon", "coordinates": [[[127.0503851386452, 37.617469546504374], [127.05279000658525, 37.61681503370006], [127.05402855168565, 37.615388968537495], [127.05464147393724, 37.61497874790357], [127.05503947952731, 37.615217046484254], [127.05822493205783, 37.6123310114074], [127.06047741738321, 37.61307406191774], [127.06066814909944, 37.61280001185987], [127.0517693595293, 37.608105516663294], [127.05241824683804, 37.60912644537347], [127.05156267744776, 37.60995909321791], [127.0503175997563, 37.60917576037789], [127.04998378045921, 37.60851536553325], [127.04934034506103, 37.60848719074798], [127.04837253630555, 37.60787716356903], [127.04736085185769, 37.60783279329772], [127.0454443450777, 37.60951103796081], [127.04567541578328, 37.611241399770904], [127.04544083981094, 37.61137438208444], [127.04759891935946, 37.611662154885], [127.04776223862604, 37.61134505812403], [127.04881524354768, 37.612290952972685], [127.04906004759621, 37.61349648026052], [127.0483928921214, 37.61493606447365], [127.04840120581797, 37.61577538124237], [127.0503851386452, 37.617469546504374]]]}, "properties": {"name": "장위2동", "gu": "성북구", "total_spaces": 3388}}, {"type": "Feature", "geometry": {"type": "Polygon", "coordinates": [[[127.04472886423963, 37.61954907611677], [127.0467303636267, 37.61836607109202], [127.0472694089671, 37.61917026994882], [127.04933243772423, 37.620460387939936], [127.05179751429365, 37.61838541939507], [127.0484634055056, 37.61590515407559], [127.0483928921214, 37.61493606447365], [127.04906004759621, 37.61349648026052], [127.04881524354768, 37.612290952972685], [127.04798780023661, 37.61152066093415], [127.04603748650605, 37.611542529465986], [127.04464040279248, 37.61071330042208], [127.04359584220238, 37.61143052094981], [127.0420946385062, 37.61140317248354], [127.04198484958398, 37.610945398893215], [127.04088400365806, 37.61102573331823], [127.040515413315, 37.61107259410273], [127.04071575846022, 37.61212695771179], [127.03923807890997, 37.61175043476686], [127.03710345209596, 37.612710924485796], [127.03986564247394, 37.61562980142153], [127.03918092202501, 37.61596732664209], [127.03911862162593, 37.6163085930075], [127.0401944472115, 37.61594531900446], [127.04396079033432, 37.61867653008576], [127.04472886423963, 37.61954907611677]]]}, "properties": {"name": "장위1동", "gu": "성북구", "total_spaces": 4861}}, {"type": "Feature", "geometry": {"type": "Polygon", "coordinates": [[[127.0435986717284, 37.61142714126012], [127.04464040279248, 37.61071330042208], [127.04567541578328, 37.611241399770904], [127.04540422135709, 37.60958960724247], [127.04736085185769, 37.60783279329772], [127.04837253630555, 37.60787716356903], [127.04934034506103, 37.60848719074798], [127.04998378045921, 37.60851536553325], [127.0503175997563, 37.60917576037789], [127.05156267744776, 37.60995909321791], [127.05189603917543, 37.60964839423414], [127.05241855087272, 37.60905324046247], [127.0517693595293, 37.608105516663294], [127.05072034675479, 37.607545941935086], [127.05097055391624, 37.607267377564995], [127.050567359804, 37.60685816201067], [127.05215920786131, 37.60473145281455], [127.05223915606626, 37.60285906376796], [127.05132742630656, 37.60162651315966], [127.05027340159441, 37.60110522771309], [127.04894699822555, 37.598220368905594], [127.04815799275221, 37.59755592630436], [127.04764747021025, 37.59628771067287], [127.04696900829802, 37.59609369920642], [127.04610876693923, 37.596657986902], [127.04402522409552, 37.596307653437435], [127.04324937254785, 37.597222710421384], [127.04217710711883, 37.59645246191016], [127.04196611280506, 37.596930618951056], [127.04106326464866, 37.594973255658395], [127.04074147877003, 37.59505219913015], [127.04059379620583, 37.59616355558118], [127.04080576660776, 37.59921218879759], [127.04058179636924, 37.60028499646558], [127.0396485091007, 37.60144390973684], [127.03848578324164, 37.602061453023396], [127.03852262459539, 37.60249419487356], [127.03721610138672, 37.60365855449321], [127.03766070878144, 37.60390478166454], [127.0368767593817, 37.60598713355809], [127.03832362665214, 37.605495937369696], [127.03934131542279, 37.60454113723005], [127.0399449135625, 37.60494019018591], [127.0404020726434, 37.606151861911876], [127.04123791649018, 37.60700582746129], [127.0419637480728, 37.607597976775935], [127.04293081828334, 37.607615097954145], [127.04288586032133, 37.60919239540451], [127.04220244725191, 37.60919770097923], [127.04304863855346, 37.60978557849205], [127.0430766557449, 37.61052493679569], [127.0435986717284, 37.61142714126012]]]}, "properties": {"name": "월곡2동", "gu": "성북구", "total_spaces": 8784}}, {"type": "Feature", "geometry": {"type": "Polygon", "coordinates": [[[127.0435986717284, 37.61142714126012], [127.0430766557449, 37.61052493679569], [127.04304863855346, 37.60978557849205], [127.04220244725191, 37.60919770097923], [127.04288586032133, 37.60919239540451], [127.04293081828334, 37.607615097954145], [127.0419637480728, 37.607597976775935], [127.04123791649018, 37.60700582746129], [127.0404020726434, 37.606151861911876], [127.0399449135625, 37.60494019018591], [127.03934131542279, 37.60454113723005], [127.03832362665214, 37.605495937369696], [127.0368767593817, 37.60598713355809], [127.03766070878144, 37.60390478166454], [127.03721610138672, 37.60365855449321], [127.03852262459539, 37.60249419487356], [127.0342520940643, 37.602884286894636], [127.03217535792238, 37.60345499777401], [127.03041110925595, 37.609138952369584], [127.03710345209596, 37.612710924485796], [127.03923807890997, 37.61175043476686], [127.04071575846022, 37.61212695771179], [127.040515413315, 37.61107259410273], [127.04198484958398, 37.610945398893215], [127.0420946385062, 37.61140317248354], [127.0435986717284, 37.61142714126012]]]}, "properties": {"name": "월곡1동", "gu": "성북구", "total_spaces": 9700}}, {"type": "Feature", "geometry": {"type": "Polygon", "coordinates": [[[127.0222351344525, 37.61126924010435], [127.02433594556754, 37.6120822700986], [127.02602814109251, 37.612226369424306], [127.0264147832187, 37.612669740309265], [127.03019431995463, 37.612327635823014], [127.03021015892173, 37.60979502883933], [127.03217535792238, 37.60345499777401], [127.03039432542046, 37.60417369912792], [127.0282199345231, 37.604490399659234], [127.02700566805476, 37.604344821530226], [127.02596660418169, 37.6031791132806], [127.02421592728048, 37.60555946501611], [127.0222351344525, 37.61126924010435]]]}, "properties": {"name": "길음2동", "gu": "성북구", "total_spaces": 11490}}, {"type": "Feature", "geometry": {"type": "Polygon", "coordinates": [[[127.01525331634092, 37.61480801872006], [127.01621873541106, 37.61498415685501], [127.01764274640013, 37.61457092738353], [127.01822148976584, 37.61398295668047], [127.01925830488429, 37.61375277362726], [127.02047926821038, 37.61254780279823], [127.02202960482059, 37.61228710360804], [127.02421592728048, 37.60555946501611], [127.02596660418169, 37.6031791132806], [127.02552227872363, 37.602575545914384], [127.02215111287182, 37.60114925136494], [127.02054457463656, 37.60214764161191], [127.01948739936283, 37.602378684179854], [127.01953778057808, 37.602915324480726], [127.01898416900151, 37.603115876392906], [127.01851739223176, 37.60390824631957], [127.01777225438632, 37.60383542798245], [127.01759778414046, 37.60465253058702], [127.01824046613538, 37.604677781427476], [127.0182334597576, 37.60499763125474], [127.018526103197, 37.60486384984387], [127.01964368483134, 37.6054811381486], [127.01910440503654, 37.60575601939285], [127.01936110204558, 37.60625067654717], [127.01904195598809, 37.60657282556344], [127.01794144068849, 37.606366602537484], [127.01740641081294, 37.605883242377644], [127.01677422559774, 37.606184873341434], [127.01703363452116, 37.607024160911344], [127.01606552441713, 37.607049624320055], [127.01648903848918, 37.607364633603495], [127.0166991327061, 37.60847619351091], [127.01603701716547, 37.60969035002999], [127.01523742045259, 37.61016261647567], [127.01440785663667, 37.61239432889161], [127.01443265858077, 37.61357179622595], [127.01525331634092, 37.61480801872006]]]}, "properties": {"name": "길음1동", "gu": "성북구", "total_spaces": 13695}}, {"type": "Feature", "geometry": {"type": "Polygon", "coordinates": [[[126.98462544409938, 37.6365648535794], [126.98560356348688, 37.635444679962376], [126.9868093192753, 37.63512217373205], [126.99126924873397, 37.63200920267588], [126.99290993934106, 37.632394783643626], [126.9941018442592, 37.62991914438417], [126.9949224492655, 37.629976630520765], [126.99657169507012, 37.62908699461595], [126.99999948846576, 37.625774300836056], [127.00235781297329, 37.62559495645253], [127.0044725390916, 37.624443358033695], [127.00792567538109, 37.62396908058361], [127.0073104250981, 37.62144496090106], [127.00850252167551, 37.61853191443318], [127.00982219291906, 37.617833005910384], [127.01007411695754, 37.61700493034218], [127.0107116981042, 37.61644317718385], [127.01147021519314, 37.616419183366446], [127.0130712082895, 37.61570360237185], [127.01475244644718, 37.61559221100429], [127.01525331634092, 37.61480801872006], [127.01480709320538, 37.61438235621519], [127.01473813821657, 37.6137432304075], [127.01389107643878, 37.61323623869703], [127.01391572639238, 37.61247913017545], [127.0129595227904, 37.610986975995836], [127.01231955794329, 37.610534574529886], [127.01194653465551, 37.61062892960103], [127.01217797133761, 37.610416896656986], [127.01164573744127, 37.60961140944224], [127.01110741664341, 37.609547259438536], [127.01161650123612, 37.60933182599327], [127.01136626978459, 37.60924963253126], [127.01154523997945, 37.60841114106876], [127.01015535412341, 37.607859962503554], [127.0099731415793, 37.60832003969906], [127.00899867338136, 37.60866078931762], [127.00864438435832, 37.61031214216809], [127.00802384004544, 37.611007060165164], [127.00799952366565, 37.61221240594589], [127.00594925848603, 37.6133204262876], [127.00575505664315, 37.61525979541717], [127.00291836827758, 37.61629007852682], [127.00082137665854, 37.61672959445551], [126.99970872497546, 37.616631319400284], [126.99756064184513, 37.615495467816], [126.99545659003567, 37.61341017019986], [126.99430293910986, 37.613301424415624], [126.99440462077601, 37.614092886326574], [126.99312414440703, 37.61492339417065], [126.99263474141154, 37.61702911968255], [126.9921979104369, 37.617430585520324], [126.99352676922001, 37.618117962309285], [126.99148951036805, 37.61972830931337], [126.98733384851074, 37.621061333661245], [126.9870426237508, 37.62147800158821], [126.98804179948225, 37.62202997020749], [126.98839546162559, 37.622825687966774], [126.98730953840756, 37.623251275160385], [126.9864948782062, 37.62307323073102], [126.98560714563594, 37.62362580914116], [126.9852387529133, 37.62394532512876], [126.98503503231848, 37.62474885804647], [126.98525747746103, 37.624926832373504], [126.98386594360048, 37.62562601771279], [126.98120297510911, 37.62834879892517], [126.98013563680745, 37.62835311521711], [126.980508210826, 37.62905453794746], [126.9800923608107, 37.62927238742927], [126.97821334213644, 37.62843581018916], [126.97589567350924, 37.628861605312714], [126.97645315235303, 37.62965402333634], [126.97623408804624, 37.63101163885491], [126.97507471161043, 37.631386135475765], [126.97655153155749, 37.63241019398253], [126.97730808900269, 37.63350419560107], [126.97904239130274, 37.6338609882252], [126.980807713362, 37.63476566806886], [126.98154625107843, 37.6347227173914], [126.98226752958817, 37.63570490325009], [126.98359483705823, 37.636454331730455], [126.9841250577201, 37.63630574976097], [126.98462544409938, 37.6365648535794]]]}, "properties": {"name": "정릉4동", "gu": "성북구", "total_spaces": 8980}}, {"type": "Feature", "geometry": {"type": "Polygon", "coordinates": [[[126.98013563680745, 37.62835311521711], [126.98120297510911, 37.62834879892517], [126.98386594360048, 37.62562601771279], [126.98486977609448, 37.62528238365395], [126.98525747746103, 37.624926832373504], [126.98503503231848, 37.62474885804647], [126.9852387529133, 37.62394532512876], [126.98560714563594, 37.62362580914116], [126.9864948782062, 37.62307323073102], [126.98730953840756, 37.623251275160385], [126.98839546162559, 37.622825687966774], [126.98804179948225, 37.62202997020749], [126.9870426237508, 37.62147800158821], [126.98733384851074, 37.621061333661245], [126.99148951036805, 37.61972830931337], [126.99352676922001, 37.618117962309285], [126.9921979104369, 37.617430585520324], [126.99263474141154, 37.61702911968255], [126.99312414440703, 37.61492339417065], [126.99440462077601, 37.614092886326574], [126.99430293910986, 37.613301424415624], [126.99545659003567, 37.61341017019986], [126.99756064184513, 37.615495467816], [126.99970872497546, 37.616631319400284], [127.00251539545368, 37.616388627395224], [127.00575505664315, 37.61525979541717], [127.00594925848603, 37.6133204262876], [127.00799952366565, 37.61221240594589], [127.00802384004544, 37.611007060165164], [127.00864438435832, 37.61031214216809], [127.00925322098833, 37.6077459945036], [127.00935144182141, 37.60615772514219], [127.00796200053853, 37.605984088479964], [127.00713005349745, 37.607034056989136], [127.00537328729415, 37.60767100924851], [127.00418984513003, 37.60868126816108], [127.00352587813389, 37.60789770843549], [127.00527852374206, 37.60583526077652], [127.00530199795946, 37.60464455523876], [127.00296292962157, 37.605236439974966], [127.00272385782554, 37.604446675061354], [127.00201340969583, 37.60406404406739], [127.00072187303034, 37.604153296004945], [126.9990681537391, 37.603276222782895], [126.999559397049, 37.60160744250132], [126.99885358371863, 37.60147284431039], [126.99541924162294, 37.60267383981026], [126.99392547575619, 37.602748647357835], [126.98947041997533, 37.602526691127395], [126.98774121798424, 37.60121557154006], [126.98590068699426, 37.60713592508549], [126.98627154177083, 37.60993859089521], [126.98695961852435, 37.61057471462526], [126.98683931017763, 37.613143060245086], [126.9870680512621, 37.61355190875111], [126.98669707569489, 37.61468372037144], [126.98280584044896, 37.616693762777906], [126.98293687566871, 37.6178253589461], [126.98201918199688, 37.61871267671492], [126.9818006301352, 37.619305316593035], [126.98208452719321, 37.6199228167851], [126.98148324021297, 37.620845376288294], [126.98137362273955, 37.621733667680935], [126.98087016183919, 37.62275225109997], [126.97920855559238, 37.624571364555905], [126.9796891382691, 37.62625093645187], [126.97943776724567, 37.62695646906749], [126.97966650869844, 37.62797461807448], [126.98013563680745, 37.62835311521711]]]}, "properties": {"name": "정릉3동", "gu": "성북구", "total_spaces": 6039}}, {"type": "Feature", "geometry": {"type": "Polygon", "coordinates": [[[127.00899867338136, 37.60866078931762], [127.0099731415793, 37.60832003969906], [127.01015535412341, 37.607859962503554], [127.01154523997945, 37.60841114106876], [127.01136626978459, 37.60924963253126], [127.01161650123612, 37.60933182599327], [127.01110741664341, 37.609547259438536], [127.0116149412125, 37.609573120349346], [127.01217797133761, 37.610416896656986], [127.01194653465551, 37.61062892960103], [127.01231955794329, 37.610534574529886], [127.01295191233265, 37.610980219370546], [127.01319639498588, 37.61159624163576], [127.0135736710822, 37.61151680470333], [127.01542964628732, 37.60945813877701], [127.01536023076171, 37.60824773390759], [127.01584268270132, 37.60767724201937], [127.01483936616559, 37.60581091827608], [127.0148161075116, 37.603383898822436], [127.01331171395634, 37.603356184551274], [127.01362172418342, 37.60227694453466], [127.01437557157391, 37.60166391478349], [127.01429464019525, 37.601259044264914], [127.01408152910051, 37.60081308044341], [127.01298450364798, 37.60195209113554], [127.01133582799133, 37.60113290821463], [127.01129760217813, 37.59972906675783], [127.01198995639777, 37.59973632786281], [127.01190901075275, 37.59912085068233], [127.01222495317899, 37.59867483559219], [127.01119627177826, 37.598782197764535], [127.01068294536097, 37.598459010866726], [127.00931780371799, 37.599211430225836], [127.00672389659053, 37.59873095468644], [127.00573353370037, 37.597639396177904], [127.00592049379013, 37.59667589978157], [127.00553551703366, 37.597079948458806], [127.00442384702168, 37.596660460433185], [127.00282495149824, 37.597549647359976], [127.00292582780403, 37.598896335211386], [127.0020891081497, 37.59949324378696], [127.00094360826495, 37.60150074718452], [126.999559397049, 37.60160744250132], [126.9990681537391, 37.603276222782895], [127.0008117619242, 37.60418060761788], [127.00201340969583, 37.60406404406739], [127.00272385782554, 37.604446675061354], [127.00296292962157, 37.605236439974966], [127.00530199795946, 37.60464455523876], [127.00527852374206, 37.60583526077652], [127.00352587813389, 37.60789770843549], [127.00418984513003, 37.60868126816108], [127.00537328729415, 37.60767100924851], [127.00713005349745, 37.607034056989136], [127.00796200053853, 37.605984088479964], [127.00935144182141, 37.60615772514219], [127.00899867338136, 37.60866078931762]]]}, "properties": {"name": "정릉2동", "gu": "성북구", "total_spaces": 8103}}, {"type": "Feature", "geometry": {"type": "Polygon", "coordinates": [[[127.0134158341379, 37.611613957796834], [127.01391572639238, 37.61247913017545], [127.01389107643878, 37.61323623869703], [127.01435852304255, 37.61365711597945], [127.0145943259587, 37.613099326342656], [127.01440785663667, 37.61239432889161], [127.0151829333946, 37.610255818101905], [127.01603701716547, 37.60969035002999], [127.0166991327061, 37.60847619351091], [127.01648903848918, 37.607364633603495], [127.01606552441713, 37.607049624320055], [127.01703363452116, 37.607024160911344], [127.01677422559774, 37.606184873341434], [127.01740641081294, 37.605883242377644], [127.01794144068849, 37.606366602537484], [127.01904195598809, 37.60657282556344], [127.01936110204558, 37.60625067654717], [127.01910440503654, 37.60575601939285], [127.01964368483134, 37.6054811381486], [127.018526103197, 37.60486384984387], [127.0182334597576, 37.60499763125474], [127.01824046613538, 37.604677781427476], [127.01759778414046, 37.60465253058702], [127.01777225438632, 37.60383542798245], [127.01851739223176, 37.60390824631957], [127.01898416900151, 37.603115876392906], [127.01953778057808, 37.602915324480726], [127.01948739936283, 37.602378684179854], [127.02163933766184, 37.601566325982674], [127.02145687701127, 37.60011098744524], [127.02079659002511, 37.60028172085001], [127.02021547116227, 37.59935661699427], [127.01941956733391, 37.59916190269742], [127.01878314951644, 37.598476405318], [127.01831538022716, 37.59866962116488], [127.01833919416572, 37.59913503208715], [127.01750849293828, 37.59918104138432], [127.0171632148716, 37.59881252907408], [127.01568338872764, 37.600031014509455], [127.01487271698248, 37.600340822031576], [127.01408637746664, 37.600183236286064], [127.01392456165327, 37.60067851266919], [127.01437557157391, 37.60166391478349], [127.01362172418342, 37.60227694453466], [127.01331171395634, 37.603356184551274], [127.0148161075116, 37.603383898822436], [127.01483936616559, 37.60581091827608], [127.01584268270132, 37.60767724201937], [127.01536023076171, 37.60824773390759], [127.01542964628732, 37.60945813877701], [127.0134158341379, 37.611613957796834]]]}, "properties": {"name": "정릉1동", "gu": "성북구", "total_spaces": 6292}}, {"type": "Feature", "geometry": {"type": "Polygon", "coordinates": [[[127.01877557812627, 37.58867425964153], [127.02014051887681, 37.58755992770172], [127.02191825718936, 37.58298938423047], [127.0238335297463, 37.5794605502962], [127.02447219399323, 37.579197170841674], [127.02315979149503, 37.57834457854967], [127.02287361293594, 37.57780600952332], [127.02250878112095, 37.578096361625526], [127.02273420765043, 37.578358733713436], [127.02185256771362, 37.57886344138833], [127.01919429026745, 37.57805044726777], [127.01872364720892, 37.57749415744702], [127.01809202760994, 37.57764459998164], [127.01823403707786, 37.579098828814125], [127.01756040840755, 37.57973805959901], [127.01678635400512, 37.58153647469908], [127.01473769065034, 37.58220654877342], [127.01511401338513, 37.582573094750956], [127.01466069598555, 37.58295550203225], [127.01468574131778, 37.58454404997221], [127.01544755116498, 37.5849482798912], [127.01633242889743, 37.58681208602991], [127.01877557812627, 37.58867425964153]]]}, "properties": {"name": "보문동", "gu": "성북구", "total_spaces": 3714}}, {"type": "Feature", "geometry": {"type": "Polygon", "coordinates": [[[127.03636414954292, 37.591608715029274], [127.03638866246315, 37.58992330315572], [127.02949908117334, 37.58272485557345], [127.02447219399323, 37.579197170841674], [127.0238335297463, 37.5794605502962], [127.02191825718936, 37.58298938423047], [127.02014051887681, 37.58755992770172], [127.01877557812627, 37.58867425964153], [127.01966136994244, 37.58940702186644], [127.0221136353948, 37.58907325504895], [127.02219111497119, 37.58968534819573], [127.02404623264657, 37.59030246497311], [127.02370754392275, 37.591242931996995], [127.02388200958649, 37.59251216115898], [127.02499321853035, 37.59412893084848], [127.02595776341532, 37.59454290628705], [127.02657784796075, 37.594437192190654], [127.02727109761722, 37.59307345951767], [127.0283258263925, 37.59286796918664], [127.02850276250467, 37.592421378431844], [127.03022904644071, 37.59125222520863], [127.03203001391437, 37.591145626185416], [127.03554049741655, 37.59255189195333], [127.03592692505131, 37.5922437558639], [127.03593429440798, 37.591726532253254], [127.03636414954292, 37.591608715029274]]]}, "properties": {"name": "안암동", "gu": "성북구", "total_spaces": 10473}}, {"type": "Feature", "geometry": {"type": "Polygon", "coordinates": [[[127.01408152910051, 37.60081308044341], [127.01408637746664, 37.600183236286064], [127.01487271698248, 37.600340822031576], [127.01568338872764, 37.600031014509455], [127.0171632148716, 37.59881252907408], [127.01750849293828, 37.59918104138432], [127.01833919416572, 37.59913503208715], [127.01895312989197, 37.59749121098399], [127.01972255502378, 37.597288373484204], [127.01942896723418, 37.597040366288915], [127.01701989453831, 37.59709026133921], [127.01608582270667, 37.59680234702974], [127.01528525374638, 37.59796978022182], [127.01553694773311, 37.59848134038064], [127.01288714643384, 37.598205699078115], [127.01278161255699, 37.597663148072876], [127.01311573986408, 37.59703918444626], [127.01266982193984, 37.5966802416532], [127.01367769005172, 37.594984321277984], [127.01139486070507, 37.59394502377846], [127.00953112930625, 37.592063796813086], [127.00748874731555, 37.591631445137665], [127.00723152770917, 37.59187275281708], [127.00842265540432, 37.59312027119583], [127.0084192544909, 37.594609711110856], [127.00785073590981, 37.59598993800179], [127.00724638897205, 37.5964922674287], [127.00592049379013, 37.59667589978157], [127.00573353370037, 37.597639396177904], [127.00672389659053, 37.59873095468644], [127.00931780371799, 37.599211430225836], [127.01068294536097, 37.598459010866726], [127.01119627177826, 37.598782197764535], [127.01222495317899, 37.59867483559219], [127.01190901075275, 37.59912085068233], [127.01198995639777, 37.59973632786281], [127.01129760217813, 37.59972906675783], [127.01132184662889, 37.60110925856729], [127.01261097366441, 37.60191467971724], [127.01324194462123, 37.60189124949038], [127.01408152910051, 37.60081308044341]]]}, "properties": {"name": "돈암2동", "gu": "성북구", "total_spaces": 9933}}, {"type": "Feature", "geometry": {"type": "Polygon", "coordinates": [[[127.02498034815505, 37.60216204736599], [127.02733800296727, 37.604423866843774], [127.02864141539783, 37.604465244979195], [127.03021978811708, 37.603998331621995], [127.02904278281767, 37.602678672080565], [127.02905316690946, 37.602047700001435], [127.0276785973085, 37.60130554625602], [127.02678202115736, 37.60020231863029], [127.02630352352556, 37.59896103383714], [127.02570187018051, 37.59490250798849], [127.02499321853035, 37.59412893084848], [127.02257439071782, 37.59563008882626], [127.02253901094012, 37.59627908516608], [127.02203749689231, 37.59656410957403], [127.0219710858757, 37.59698195236924], [127.02145124253968, 37.596897574059604], [127.02121547779616, 37.597212113302945], [127.0201107976258, 37.59680318949142], [127.01960209602203, 37.59741621907372], [127.01895312989197, 37.59749121098399], [127.01859252225185, 37.598171506395786], [127.01941956733391, 37.59916190269742], [127.02021547116227, 37.59935661699427], [127.02079659002511, 37.60028172085001], [127.02145687701127, 37.60011098744524], [127.02163933766184, 37.601566325982674], [127.02215111287182, 37.60114925136494], [127.02498034815505, 37.60216204736599]]]}, "properties": {"name": "돈암1동", "gu": "성북구", "total_spaces": 5839}}, {"type": "Feature", "geometry": {"type": "Polygon", "coordinates": [[[127.11661509862245, 37.608821705079464], [127.1183171397446, 37.607613843780214], [127.11827577024314, 37.60627958688635], [127.11790332656811, 37.60573767618925], [127.11801122703973, 37.60457755523697], [127.11727239672767, 37.603959983049386], [127.11690181514695, 37.60289296330113], [127.11383185573871, 37.59996378876231], [127.11405282283087, 37.59900572069967], [127.11499314155316, 37.59789773735256], [127.11836803722373, 37.59501326840001], [127.11782383826807, 37.59400526714567], [127.11335869460757, 37.593322581973375], [127.11239991639717, 37.591863892229924], [127.11000400416039, 37.593387092319176], [127.10837157759937, 37.5940260274807], [127.10808287570184, 37.594548014451064], [127.10643492538908, 37.594745173125084], [127.10484673915303, 37.594538221548405], [127.10305964808337, 37.594944652007506], [127.10109377082817, 37.594500902852246], [127.1001141071086, 37.59541368978844], [127.10019040436015, 37.595713484686904], [127.09319897612814, 37.59414606043509], [127.09278899737494, 37.59816363923546], [127.09525845368844, 37.59873073119699], [127.09551929110421, 37.599462854193845], [127.10046537939652, 37.600546748618484], [127.10081106038365, 37.60276738094221], [127.10159775782125, 37.60329970402906], [127.10318959670556, 37.60593033819719], [127.10363574039329, 37.60700212167166], [127.10379974359012, 37.60878733145793], [127.10327564640187, 37.609735222964844], [127.10208467310234, 37.609055439559086], [127.10109845415332, 37.60929982237737], [127.10134451284287, 37.61320339766308], [127.10286373934132, 37.61303739226868], [127.10368095487682, 37.61327910789172], [127.10507515268235, 37.613051521309075], [127.10588029704002, 37.612374794731075], [127.11010303943367, 37.612108292851914], [127.11174501058007, 37.61132404334391], [127.11223812399082, 37.610192005539986], [127.11311708527825, 37.60947743144724], [127.11661509862245, 37.608821705079464]]]}, "properties": {"name": "망우본동", "gu": "중랑구", "total_spaces": 14911}}, {"type": "Feature", "geometry": {"type": "Polygon", "coordinates": [[[127.11014340965058, 37.58741597110348], [127.10932814365641, 37.58466420886406], [127.1072470982644, 37.585301848820905], [127.10658030487792, 37.58463824901724], [127.10234803651483, 37.58417680604874], [127.10119839897578, 37.58380443651051], [127.10117814282845, 37.58333903824727], [127.09975055328407, 37.583051356274154], [127.09880130569744, 37.58330976792625], [127.09726957887742, 37.5826431645945], [127.09990455230366, 37.58272293136557], [127.10276861906287, 37.58176264916086], [127.10267826225517, 37.57891279505827], [127.10187357999278, 37.57889658834101], [127.10092935049859, 37.579691099791035], [127.09977991144652, 37.57954649652485], [127.09645830042727, 37.580945742988874], [127.09399239759433, 37.5804955179547], [127.09323011814865, 37.58073853417108], [127.0932690069853, 37.58100457639642], [127.09261628838875, 37.58101606264845], [127.09143335100586, 37.58052621369955], [127.09012569255809, 37.580459628464745], [127.08339008138854, 37.58114698880693], [127.08391949314682, 37.58256623646057], [127.08352971858146, 37.58443520854328], [127.0936982771922, 37.583692276874054], [127.09488113482934, 37.58590777148786], [127.0936257769387, 37.58974554587559], [127.09756879138855, 37.590554415747654], [127.10284519196439, 37.588663849452104], [127.10321363174138, 37.589006469943655], [127.1049245192057, 37.58809611521698], [127.10817511316084, 37.58826694414018], [127.11014340965058, 37.58741597110348]]]}, "properties": {"name": "면목3·8동", "gu": "중랑구", "total_spaces": 6927}}, {"type": "Feature", "geometry": {"type": "Polygon", "coordinates": [[[127.09319897612814, 37.59414606043509], [127.0936257769387, 37.58974554587559], [127.09488113482934, 37.58590777148786], [127.0936982771922, 37.583692276874054], [127.08352971858146, 37.58443520854328], [127.08362089609813, 37.586113230529996], [127.08449669353827, 37.58877193197687], [127.08676818256002, 37.592766179974], [127.09319897612814, 37.59414606043509]]]}, "properties": {"name": "면목본동", "gu": "중랑구", "total_spaces": 8060}}, {"type": "Feature", "geometry": {"type": "Polygon", "coordinates": [[[127.09049401681412, 37.61749060905244], [127.09586596215972, 37.61519710138725], [127.0963981238947, 37.61199565821043], [127.09601261184312, 37.609833612111586], [127.09514065547688, 37.60751737609808], [127.09552642820064, 37.604151056283435], [127.09667062661616, 37.60100148646114], [127.09580189373527, 37.6006130715739], [127.09510438741017, 37.60088448468106], [127.09489419900478, 37.60245433219236], [127.09391878865503, 37.60265951027117], [127.09404698225292, 37.60458666782385], [127.09380456589949, 37.605018484481306], [127.08796009901656, 37.609900319247544], [127.08597894660436, 37.60936257241354], [127.08590393081201, 37.6098457774958], [127.08540275605456, 37.609825862677695], [127.08504497354642, 37.61048721167106], [127.08476227693158, 37.61167839626027], [127.0856028226441, 37.61321678899001], [127.08466258136994, 37.61495888244961], [127.08875123390077, 37.615003514221115], [127.09049401681412, 37.61749060905244]]]}, "properties": {"name": "신내2동", "gu": "중랑구", "total_spaces": 6922}}, {"type": "Feature", "geometry": {"type": "Polygon", "coordinates": [[[127.10571035369298, 37.620833462172854], [127.10880442075201, 37.62045509391944], [127.11097930869997, 37.62075633269102], [127.11394519453894, 37.619428540916495], [127.11536955277266, 37.61954261344684], [127.11571184575983, 37.61919991034042], [127.11558572410523, 37.61866451230094], [127.11695411240966, 37.61795675701429], [127.11716984287781, 37.61692323406931], [127.11666219320912, 37.6161835187486], [127.11661969986152, 37.61467835953485], [127.11700345942131, 37.61427507732349], [127.11722294375723, 37.61235915172851], [127.11758665823312, 37.61170699108765], [127.11679657833847, 37.61014625229933], [127.11661509862245, 37.608821705079464], [127.11311708527825, 37.60947743144724], [127.11223812399082, 37.610192005539986], [127.11174501058007, 37.61132404334391], [127.11010303943367, 37.612108292851914], [127.10588029704002, 37.612374794731075], [127.10507515268235, 37.613051521309075], [127.10368095487682, 37.61327910789172], [127.10286373934132, 37.61303739226868], [127.10134451284287, 37.61320339766308], [127.10109845415332, 37.60929982237737], [127.10208467310234, 37.609055439559086], [127.10327564640187, 37.609735222964844], [127.10379974359012, 37.60878733145793], [127.10363574039329, 37.60700212167166], [127.10318959670556, 37.60593033819719], [127.10159775782125, 37.60329970402906], [127.10081106038365, 37.60276738094221], [127.10046537939652, 37.600546748618484], [127.09551929110421, 37.599462854193845], [127.09580189373527, 37.6006130715739], [127.09667062661616, 37.60100148646114], [127.09552642820064, 37.604151056283435], [127.09514065547688, 37.60751737609808], [127.09601261184312, 37.609833612111586], [127.0963981238947, 37.61199565821043], [127.09586596215972, 37.61519710138725], [127.09049401681412, 37.61749060905244], [127.09033592024798, 37.61789110130765], [127.08933052306166, 37.61836317902066], [127.08954299380996, 37.619643820412406], [127.09304690168486, 37.61804135189831], [127.09708820884642, 37.61704904087879], [127.09860095528391, 37.61822921665698], [127.09980337819238, 37.618108278384895], [127.10150748859888, 37.61980294198128], [127.10571035369298, 37.620833462172854]]]}, "properties": {"name": "신내1동", "gu": "중랑구", "total_spaces": 17279}}, {"type": "Feature", "geometry": {"type": "Polygon", "coordinates": [[[127.09319897612814, 37.59414606043509], [127.10019040436015, 37.595713484686904], [127.1001141071086, 37.59541368978844], [127.10109377082817, 37.594500902852246], [127.10305964808337, 37.594944652007506], [127.10484673915303, 37.594538221548405], [127.10643492538908, 37.594745173125084], [127.10808287570184, 37.594548014451064], [127.10837157759937, 37.5940260274807], [127.11000400416039, 37.593387092319176], [127.11239991639717, 37.591863892229924], [127.11052760694619, 37.58920435330708], [127.11014340965058, 37.58741597110348], [127.10817511316084, 37.58826694414018], [127.1049245192057, 37.58809611521698], [127.10321363174138, 37.589006469943655], [127.10284519196439, 37.588663849452104], [127.09756879138855, 37.590554415747654], [127.0936257769387, 37.58974554587559], [127.09319897612814, 37.59414606043509]]]}, "properties": {"name": "망우3동", "gu": "중랑구", "total_spaces": 3952}}, {"type": "Feature", "geometry": {"type": "Polygon", "coordinates": [[[127.07140317298975, 37.615628010434406], [127.07190088653442, 37.61550580069498], [127.07584932629207, 37.61707840681187], [127.07746466561916, 37.612094109014286], [127.07873541070413, 37.605372241424696], [127.07231640171393, 37.60465632503533], [127.07200536495814, 37.60507208936275], [127.07170077035929, 37.60632153921351], [127.07140317298975, 37.615628010434406]]]}, "properties": {"name": "묵2동", "gu": "중랑구", "total_spaces": 6191}}, {"type": "Feature", "geometry": {"type": "Polygon", "coordinates": [[[127.08163723624973, 37.61925076864618], [127.08490424631293, 37.61964212119576], [127.08584986391034, 37.620262843958095], [127.08765215540812, 37.62015314313081], [127.08806666786492, 37.619859458232064], [127.08876142645607, 37.620243834084185], [127.08954299380996, 37.619643820412406], [127.08933052306166, 37.61836317902066], [127.0905450916997, 37.617578697682724], [127.08875123390077, 37.615003514221115], [127.08466258136994, 37.61495888244961], [127.0856028226441, 37.61321678899001], [127.0847702475285, 37.61152606847453], [127.08540275605456, 37.609825862677695], [127.08598949967346, 37.60961849997307], [127.08515438873836, 37.608005492620464], [127.08325022820065, 37.60660974131224], [127.08180376193644, 37.60672504621024], [127.08048459011756, 37.60556676621441], [127.07873541070413, 37.605372241424696], [127.07746466561916, 37.612094109014286], [127.07584932629207, 37.61707840681187], [127.08060392681583, 37.61850365199464], [127.08163723624973, 37.61925076864618]]]}, "properties": {"name": "묵1동", "gu": "중랑구", "total_spaces": 14924}}, {"type": "Feature", "geometry": {"type": "Polygon", "coordinates": [[[127.07231640171393, 37.60465632503533], [127.07873541070413, 37.605372241424696], [127.08033321358099, 37.59710016141277], [127.08028128271208, 37.59500005917009], [127.0703550323263, 37.59247534426427], [127.06950432600941, 37.59550201784331], [127.06950047628574, 37.59691037039519], [127.07005259119457, 37.59816973883557], [127.07246414909092, 37.60111115063851], [127.07272056971111, 37.60244726656975], [127.07231640171393, 37.60465632503533]]]}, "properties": {"name": "중화2동", "gu": "중랑구", "total_spaces": 6762}}, {"type": "Feature", "geometry": {"type": "Polygon", "coordinates": [[[127.08597894660436, 37.60936257241354], [127.08649781433675, 37.60938247204996], [127.08609785727747, 37.60873208158379], [127.08695613164332, 37.60628135550005], [127.0870743519274, 37.604750444628834], [127.08698618678619, 37.60393793493169], [127.08584025449228, 37.60281731733829], [127.08588184699622, 37.602356660183716], [127.08698853043988, 37.601965062695186], [127.08652982742082, 37.60065981336081], [127.08622916900929, 37.600625116428304], [127.08606409343548, 37.600006935130466], [127.085125048081, 37.5996556574602], [127.08441364251662, 37.598589620245], [127.08288957890345, 37.598793683555925], [127.08327774081303, 37.597632272915604], [127.08309684592344, 37.596432963625105], [127.08032607970895, 37.5958720127371], [127.08033321358099, 37.59710016141277], [127.07873541070413, 37.605372241424696], [127.08048459011756, 37.60556676621441], [127.08180376193644, 37.60672504621024], [127.08325022820065, 37.60660974131224], [127.08515438873836, 37.608005492620464], [127.08597894660436, 37.60936257241354]]]}, "properties": {"name": "중화1동", "gu": "중랑구", "total_spaces": 5911}}, {"type": "Feature", "geometry": {"type": "Polygon", "coordinates": [[[127.09278899737494, 37.59816363923546], [127.09319897612814, 37.59414606043509], [127.080111630921, 37.59131739918132], [127.08015215894655, 37.592171618076485], [127.07910164579582, 37.59203040815624], [127.07865376822566, 37.592964909817454], [127.07072016168374, 37.59091164109239], [127.0703550323263, 37.59247534426427], [127.09278899737494, 37.59816363923546]]]}, "properties": {"name": "상봉2동", "gu": "중랑구", "total_spaces": 7358}}, {"type": "Feature", "geometry": {"type": "Polygon", "coordinates": [[[127.08649781433675, 37.60938247204996], [127.08796009901656, 37.609900319247544], [127.09380456589949, 37.605018484481306], [127.09404698225292, 37.60458666782385], [127.09391878865503, 37.60265951027117], [127.09489419900478, 37.60245433219236], [127.09510438741017, 37.60088448468106], [127.09580189373527, 37.6006130715739], [127.09525845368844, 37.59873073119699], [127.08028128271208, 37.59500005917009], [127.08032607970895, 37.5958720127371], [127.08309684592344, 37.596432963625105], [127.08327774081303, 37.597632272915604], [127.08288957890345, 37.598793683555925], [127.08441364251662, 37.598589620245], [127.085125048081, 37.5996556574602], [127.08606409343548, 37.600006935130466], [127.08622916900929, 37.600625116428304], [127.08652982742082, 37.60065981336081], [127.08698853043988, 37.601965062695186], [127.08588184699622, 37.602356660183716], [127.08584025449228, 37.60281731733829], [127.08709160708752, 37.604212095102014], [127.08695613164332, 37.60628135550005], [127.08609785727747, 37.60873208158379], [127.08649781433675, 37.60938247204996]]]}, "properties": {"name": "상봉1동", "gu": "중랑구", "total_spaces": 9691}}, {"type": "Feature", "geometry": {"type": "Polygon", "coordinates": [[[127.08339008138854, 37.58114698880693], [127.09012569255809, 37.580459628464745], [127.09143335100586, 37.58052621369955], [127.09261628838875, 37.58101606264845], [127.0932690069853, 37.58100457639642], [127.09323011814865, 37.58073853417108], [127.09399239759433, 37.5804955179547], [127.09645830042727, 37.580945742988874], [127.09977991144652, 37.57954649652485], [127.10092935049859, 37.579691099791035], [127.10187357999278, 37.57889658834101], [127.10267826225517, 37.57891279505827], [127.10267160039916, 37.57830322719819], [127.1010524966588, 37.575727781723934], [127.10125526541182, 37.574980354632004], [127.10076212548812, 37.573377857967266], [127.09948769645155, 37.57252946036683], [127.0984432089347, 37.5724855546659], [127.09810644085681, 37.57207193959992], [127.09576539270746, 37.571104143861575], [127.0954528822536, 37.571962583483774], [127.09311483497551, 37.57355888651432], [127.09190365181985, 37.57477502632068], [127.09079748035926, 37.57538516043801], [127.0890994983584, 37.57513134035034], [127.08834091317168, 37.57547596504627], [127.08895541063599, 37.576248670875415], [127.08876436532204, 37.57699494185061], [127.08805357738414, 37.57662634199917], [127.08762743372539, 37.57690314388654], [127.08067679964869, 37.57637164023714], [127.08057580543684, 37.577213004290016], [127.07966910923035, 37.576712715667526], [127.07961020091916, 37.5773839897527], [127.08189102303096, 37.57910700353252], [127.08339008138854, 37.58114698880693]]]}, "properties": {"name": "면목7동", "gu": "중랑구", "total_spaces": 6767}}, {"type": "Feature", "geometry": {"type": "Polygon", "coordinates": [[[127.07367565952711, 37.58535445400586], [127.07649070775807, 37.58588062089627], [127.08408604121325, 37.58761220176319], [127.08346428705998, 37.58526190817482], [127.08391949314682, 37.58256623646057], [127.08339008138854, 37.58114698880693], [127.08189102303096, 37.57910700353252], [127.07961020091916, 37.5773839897527], [127.07831815587986, 37.576783428699834], [127.07784727869266, 37.57971334813114], [127.07722927409333, 37.5809821657522], [127.07367565952711, 37.58535445400586]]]}, "properties": {"name": "면목5동", "gu": "중랑구", "total_spaces": 6944}}, {"type": "Feature", "geometry": {"type": "Polygon", "coordinates": [[[127.07961020091916, 37.5773839897527], [127.07966910923035, 37.576712715667526], [127.08057580543684, 37.577213004290016], [127.08067679964869, 37.57637164023714], [127.08762743372539, 37.57690314388654], [127.08805357738414, 37.57662634199917], [127.08876436532204, 37.57699494185061], [127.08895541063599, 37.576248670875415], [127.08834091317168, 37.57547596504627], [127.0890994983584, 37.57513134035034], [127.09079748035926, 37.57538516043801], [127.09190365181985, 37.57477502632068], [127.09311483497551, 37.57355888651432], [127.0954528822536, 37.571962583483774], [127.09576539270746, 37.571104143861575], [127.09418834588833, 37.57046540948838], [127.09263166935972, 37.57041059090572], [127.09180354104397, 37.56964820310655], [127.09072104089653, 37.56957807314765], [127.08910908628475, 37.57017843689681], [127.0883990124926, 37.57006577497138], [127.08815846826829, 37.57082418918453], [127.08614711868073, 37.57082058000204], [127.0785759309308, 37.57186077379009], [127.07831815587986, 37.576783428699834], [127.07961020091916, 37.5773839897527]]]}, "properties": {"name": "면목4동", "gu": "중랑구", "total_spaces": 4711}}, {"type": "Feature", "geometry": {"type": "Polygon", "coordinates": [[[127.08676818256002, 37.592766179974], [127.0850435754844, 37.59008416849518], [127.08408604121325, 37.58761220176319], [127.07525321329241, 37.585648551923036], [127.07367565952711, 37.58535445400586], [127.07162549014377, 37.5879474298315], [127.0708815400432, 37.58980136427364], [127.07072016168374, 37.59091164109239], [127.07865376822566, 37.592964909817454], [127.07910164579582, 37.59203040815624], [127.08015215894655, 37.592171618076485], [127.080111630921, 37.59131739918132], [127.08676818256002, 37.592766179974]]]}, "properties": {"name": "면목2동", "gu": "중랑구", "total_spaces": 6378}}, {"type": "Feature", "geometry": {"type": "Polygon", "coordinates": [[[127.07171786449614, 37.60681171968491], [127.07270090456308, 37.60279303058781], [127.07265348534706, 37.60167978220684], [127.07198513833629, 37.6003242035863], [127.0698298015413, 37.59774865817178], [127.06819364091069, 37.59786756626311], [127.06766718122765, 37.599169220473385], [127.06630632174286, 37.59890756385818], [127.06629026707995, 37.59936932665346], [127.06570354781786, 37.59895716570228], [127.06585986540613, 37.59946585464621], [127.06502325063191, 37.59918559509463], [127.06505976777724, 37.60009838415992], [127.06463064548213, 37.60045957078904], [127.06308953543693, 37.60005832098599], [127.06198383736064, 37.60025710889209], [127.06204235134393, 37.60259512991679], [127.0607733779154, 37.603569398330514], [127.06233454798256, 37.60528103428567], [127.06370325619271, 37.60528285511947], [127.06497301948205, 37.60587429367393], [127.06542323139759, 37.6055167549479], [127.06620468377842, 37.605562504605274], [127.06736912299975, 37.60648480445013], [127.0687344833572, 37.60687117558016], [127.06858822022716, 37.6093224929274], [127.07046824853778, 37.609335487436105], [127.07054316245095, 37.606910957443915], [127.07171786449614, 37.60681171968491]]]}, "properties": {"name": "이문2동", "gu": "동대문구", "total_spaces": 6478}}, {"type": "Feature", "geometry": {"type": "Polygon", "coordinates": [[[127.05202998968763, 37.59995263832934], [127.05428006919298, 37.60066089674667], [127.05508032042418, 37.60134106014948], [127.05542849263995, 37.6010311886963], [127.05737750776755, 37.60153652229925], [127.05732929495369, 37.60118600637723], [127.05916049988953, 37.601023794021394], [127.06055600369008, 37.6018945238197], [127.0599504615589, 37.60228647117404], [127.06012359282856, 37.60306686174527], [127.0607733779154, 37.603569398330514], [127.06204235134393, 37.60259512991679], [127.06198383736064, 37.60025710889209], [127.06308953543693, 37.60005832098599], [127.06463064548213, 37.60045957078904], [127.06505976777724, 37.60009838415992], [127.06502325063191, 37.59918559509463], [127.06585986540613, 37.59946585464621], [127.06570354781786, 37.59895716570228], [127.06629026707995, 37.59936932665346], [127.06630632174286, 37.59890756385818], [127.06766718122765, 37.599169220473385], [127.06819364091069, 37.59786756626311], [127.0698298015413, 37.59774865817178], [127.06941951080563, 37.59620680498787], [127.06962619492556, 37.59488280266269], [127.06855774133885, 37.594880035623774], [127.06786867130617, 37.59454171126729], [127.06691678905763, 37.59511493046403], [127.06492996820172, 37.59538828061433], [127.06443376312873, 37.594634816686124], [127.06296660466575, 37.59515900498397], [127.06130053112211, 37.59277225240615], [127.06065747038069, 37.59305159992609], [127.05971761021307, 37.59275164507853], [127.05900229228365, 37.59294289165489], [127.05843617925991, 37.592521392658846], [127.05784423076022, 37.59278859323324], [127.05690272924208, 37.591447698054665], [127.05605356471399, 37.591256352625294], [127.05670001993481, 37.59221757166023], [127.05602918824549, 37.59252140248993], [127.05579169014032, 37.593640421873644], [127.05504874650607, 37.593574595093884], [127.05461456895368, 37.594306559317765], [127.05460178202775, 37.59573293546399], [127.05587463718236, 37.59505943376191], [127.05565016043232, 37.59755976713229], [127.05534779977684, 37.597581022211486], [127.05526599806683, 37.59823652506865], [127.05424555613841, 37.59813928490425], [127.0541351115116, 37.59883844109693], [127.05328452652057, 37.599006343807815], [127.05202998968763, 37.59995263832934]]]}, "properties": {"name": "이문1동", "gu": "동대문구", "total_spaces": 7123}}, {"type": "Feature", "geometry": {"type": "Polygon", "coordinates": [[[127.07722927409333, 37.5809821657522], [127.07818675739657, 37.578015613377055], [127.0785759309308, 37.57186077379009], [127.07444735121483, 37.57215790654027], [127.07434190051073, 37.57139494779565], [127.07244102909995, 37.56779384273242], [127.06877690001149, 37.56768477117116], [127.07141367561755, 37.571803569867036], [127.07094464198227, 37.57240441110474], [127.06631444181758, 37.57276039909996], [127.06765436168044, 37.57628307903944], [127.06701061435108, 37.576599346430235], [127.06834284558443, 37.58011385528668], [127.06840499105022, 37.582352770622826], [127.07500049877254, 37.58105058492537], [127.07722927409333, 37.5809821657522]]]}, "properties": {"name": "장안2동", "gu": "동대문구", "total_spaces": 15974}}, {"type": "Feature", "geometry": {"type": "Polygon", "coordinates": [[[127.06631444181758, 37.57276039909996], [127.07094464198227, 37.57240441110474], [127.07141367561755, 37.571803569867036], [127.06877690001149, 37.56768477117116], [127.07244102909995, 37.56779384273242], [127.07434190051073, 37.57139494779565], [127.07444735121483, 37.57215790654027], [127.0785759309308, 37.57186077379009], [127.0721017506745, 37.56004554259046], [127.07076619235093, 37.56057369373025], [127.05940913333338, 37.56222636594574], [127.05777459346595, 37.56301918171204], [127.06106789444435, 37.56546825613572], [127.06631444181758, 37.57276039909996]]]}, "properties": {"name": "장안1동", "gu": "동대문구", "total_spaces": 19543}}, {"type": "Feature", "geometry": {"type": "Polygon", "coordinates": [[[127.06454946992663, 37.57658801595282], [127.06766733277357, 37.5763495195554], [127.06691574127926, 37.573896156296406], [127.06517944258553, 37.570882738997135], [127.06106789444435, 37.56546825613572], [127.05777459346595, 37.56301918171204], [127.05683748800062, 37.563766037489906], [127.05713006711827, 37.56552113871028], [127.0569116196639, 37.56571861420845], [127.05870322904586, 37.56694901711251], [127.05699344190026, 37.568019756438446], [127.05763228670361, 37.57535574641069], [127.05908967483415, 37.575232848346104], [127.06389179342399, 37.576128298817316], [127.06454946992663, 37.57658801595282]]]}, "properties": {"name": "답십리2동", "gu": "동대문구", "total_spaces": 9275}}, {"type": "Feature", "geometry": {"type": "Polygon", "coordinates": [[[127.04491584807916, 37.57735453932923], [127.04574794290195, 37.57681363841414], [127.04502762181815, 37.57550156220761], [127.04528731352227, 37.57434876573838], [127.04722458926541, 37.572813819055426], [127.04916777704679, 37.57513112222478], [127.04996929742613, 37.57471493411836], [127.05084771552909, 37.57505075119611], [127.05138383998137, 37.57479515241969], [127.05093013628013, 37.57477619720153], [127.0510389565753, 37.57457033234238], [127.05228757123629, 37.57384619660609], [127.05387243982975, 37.57393898187291], [127.05419847619122, 37.573514246558844], [127.05709604424582, 37.57542920526846], [127.05763228670361, 37.57535574641069], [127.05699344190026, 37.568019756438446], [127.05870322904586, 37.56694901711251], [127.0569116196639, 37.56571861420845], [127.05713006711827, 37.56552113871028], [127.05683748800062, 37.563766037489906], [127.04794931518276, 37.5703741120983], [127.04218046161758, 37.57302092027285], [127.04494931706297, 37.5765061915657], [127.04469179374384, 37.576841058972185], [127.04491584807916, 37.57735453932923]]]}, "properties": {"name": "답십리1동", "gu": "동대문구", "total_spaces": 13856}}, {"type": "Feature", "geometry": {"type": "Polygon", "coordinates": [[[127.06868495100058, 37.58227968811917], [127.06840499105022, 37.582352770622826], [127.06834284558443, 37.58011385528668], [127.06701061435108, 37.576599346430235], [127.06454946992663, 37.57658801595282], [127.06389179342399, 37.576128298817316], [127.0580609828537, 37.57527839485431], [127.05763228670361, 37.57535574641069], [127.05765268412246, 37.57778727508309], [127.0535785503223, 37.583451559185534], [127.05425495200397, 37.583621883150656], [127.05429307797468, 37.58400394039854], [127.0549243582408, 37.58390060625095], [127.05520283225775, 37.5846879977651], [127.05597824078487, 37.58524400120658], [127.05602761230375, 37.58599348573617], [127.0563823731452, 37.586327249113644], [127.0577313155641, 37.58591300585735], [127.05781101955719, 37.585102362471495], [127.06066658482965, 37.585118422842875], [127.06205044855436, 37.58550458201709], [127.06407511489245, 37.584884380470825], [127.06442073095592, 37.58461530892576], [127.0644555194397, 37.58349215538219], [127.06404902114905, 37.58266261973066], [127.06400371217407, 37.58157611090328], [127.06822652818221, 37.5823804642968], [127.06824999123506, 37.58270508752832], [127.06871041424488, 37.58266259265219], [127.06868495100058, 37.58227968811917]]]}, "properties": {"name": "전농2동", "gu": "동대문구", "total_spaces": 7264}}, {"type": "Feature", "geometry": {"type": "Polygon", "coordinates": [[[127.05494909499346, 37.58782016341439], [127.05481977105961, 37.587070433234025], [127.05539323951085, 37.58575557892008], [127.05469461078565, 37.58446072890708], [127.0549243582408, 37.58390060625095], [127.05429307797468, 37.58400394039854], [127.05425495200397, 37.583621883150656], [127.0535785503223, 37.583451559185534], [127.05765268412246, 37.57778727508309], [127.05763228670361, 37.57535574641069], [127.05709604424582, 37.57542920526846], [127.05419847619122, 37.573514246558844], [127.05387243982975, 37.57393898187291], [127.05228757123629, 37.57384619660609], [127.0510389565753, 37.57457033234238], [127.05093013628013, 37.57477619720153], [127.05138383998137, 37.57479515241969], [127.05084771552909, 37.57505075119611], [127.04996929742613, 37.57471493411836], [127.04916777704679, 37.57513112222478], [127.04722458926541, 37.572813819055426], [127.04552289847379, 37.57402319650383], [127.04516842069776, 37.574597425925994], [127.0450785286867, 37.57574621773881], [127.04574794290195, 37.57681363841414], [127.04331098826948, 37.578314950794905], [127.04250566103235, 37.57934629966544], [127.04619863381312, 37.58094899707601], [127.04896111301306, 37.58310606245881], [127.05005791020375, 37.583975631040744], [127.05327570956656, 37.58780823885766], [127.05361068509778, 37.58742658059132], [127.0543725129337, 37.588017513481915], [127.05494909499346, 37.58782016341439]]]}, "properties": {"name": "전농1동", "gu": "동대문구", "total_spaces": 12644}}, {"type": "Feature", "geometry": {"type": "Polygon", "coordinates": [[[127.0363507105566, 37.59124353864719], [127.04042139072902, 37.591256345185585], [127.04004304384759, 37.59072066491269], [127.04100031882828, 37.59035939158758], [127.03965095775254, 37.58855814681745], [127.04043443183566, 37.587420960451034], [127.04041634420767, 37.586658226016006], [127.04239808516687, 37.58673695572372], [127.04411136374124, 37.58136140667704], [127.04285310234671, 37.58132496981796], [127.0435201168043, 37.57966241460721], [127.03872977692119, 37.578232016163106], [127.03281803135575, 37.57812307907467], [127.03276406585158, 37.57893285513026], [127.03163136750149, 37.58134976397869], [127.02982205405439, 37.58121731615372], [127.02949908117334, 37.58272485557345], [127.03638866246315, 37.58992330315572], [127.0363507105566, 37.59124353864719]]]}, "properties": {"name": "제기동", "gu": "동대문구", "total_spaces": 9156}}, {"type": "Feature", "geometry": {"type": "Polygon", "coordinates": [[[127.02315979149503, 37.57834457854967], [127.02949908117334, 37.58272485557345], [127.02982205405439, 37.58121731615372], [127.03163136750149, 37.58134976397869], [127.03276406585158, 37.57893285513026], [127.03281803135575, 37.57812307907467], [127.03872977692119, 37.578232016163106], [127.04250566103235, 37.57934629966544], [127.04331098826948, 37.578314950794905], [127.04491584807916, 37.57735453932923], [127.04469179374384, 37.576841058972185], [127.04494931706297, 37.5765061915657], [127.04218046161758, 37.57302092027285], [127.03792747958144, 37.57289842265957], [127.03545161372892, 37.57212937896026], [127.03200388134256, 37.57001102728505], [127.03036018815659, 37.56981857251495], [127.02336817930893, 37.5717397407898], [127.02315979149503, 37.57834457854967]]]}, "properties": {"name": "용신동", "gu": "동대문구", "total_spaces": 19577}}, {"type": "Feature", "geometry": {"type": "Polygon", "coordinates": [[[127.04075390245815, 37.59580029331416], [127.04074147877003, 37.59505219913015], [127.04106326464866, 37.594973255658395], [127.04196611280506, 37.596930618951056], [127.04217710711883, 37.59645246191016], [127.04324937254785, 37.597222710421384], [127.04402522409552, 37.596307653437435], [127.04610876693923, 37.596657986902], [127.04696900829802, 37.59609369920642], [127.04764747021025, 37.59628771067287], [127.04741341000155, 37.59458550522239], [127.0477249523712, 37.59226112566474], [127.04831735103105, 37.591814060269954], [127.0472928675307, 37.591603856835256], [127.04728951611784, 37.591331310283174], [127.04817112550406, 37.59081740387736], [127.04707048163158, 37.588699674552224], [127.04846725392251, 37.58880076967661], [127.04992375375531, 37.58933683060832], [127.05094643813788, 37.589269959181806], [127.05217690477289, 37.58855230979331], [127.05166819526936, 37.58815046240369], [127.05282582147895, 37.58727826176117], [127.05005791020375, 37.583975631040744], [127.04619863381312, 37.58094899707601], [127.0434708239733, 37.57976801648406], [127.04285310234671, 37.58132496981796], [127.04411136374124, 37.58136140667704], [127.04239808516687, 37.58673695572372], [127.04041634420767, 37.586658226016006], [127.04043443183566, 37.587420960451034], [127.03965095775254, 37.58855814681745], [127.04100031882828, 37.59035939158758], [127.04004304384759, 37.59072066491269], [127.04042139072902, 37.591256345185585], [127.03906285497877, 37.591270018300584], [127.04075390245815, 37.59580029331416]]]}, "properties": {"name": "청량리동", "gu": "동대문구", "total_spaces": 9414}}, {"type": "Feature", "geometry": {"type": "Polygon", "coordinates": [[[127.0703550323263, 37.59247534426427], [127.07100999268542, 37.58924521214315], [127.07162549014377, 37.5879474298315], [127.07722927409333, 37.5809821657522], [127.07534627266234, 37.58099912560754], [127.06910762935269, 37.58216738674758], [127.06868495100058, 37.58227968811917], [127.06850419797212, 37.582712545627345], [127.06822652818221, 37.5823804642968], [127.06400371217407, 37.58157611090328], [127.06442073095592, 37.58461530892576], [127.06205044855436, 37.58550458201709], [127.06066658482965, 37.585118422842875], [127.05781101955719, 37.585102362471495], [127.0577313155641, 37.58591300585735], [127.0563823731452, 37.586327249113644], [127.05560445251011, 37.584763835105704], [127.05491594758207, 37.58426100435354], [127.05469461078565, 37.58446072890708], [127.05538869275706, 37.585583267518366], [127.05495754427363, 37.58652358547575], [127.05518180036042, 37.58668650578275], [127.05481977105961, 37.587070433234025], [127.05494909499346, 37.58782016341439], [127.0703550323263, 37.59247534426427]]]}, "properties": {"name": "휘경2동", "gu": "동대문구", "total_spaces": 11399}}, {"type": "Feature", "geometry": {"type": "Polygon", "coordinates": [[[127.0703550323263, 37.59247534426427], [127.05699261075308, 37.58859744667213], [127.05533438974635, 37.58780365803719], [127.0543725129337, 37.588017513481915], [127.05361068509778, 37.58742658059132], [127.05327570956656, 37.58780823885766], [127.05595467880491, 37.59005611767357], [127.05784423076022, 37.59278859323324], [127.05843617925991, 37.592521392658846], [127.05900229228365, 37.59294289165489], [127.05971761021307, 37.59275164507853], [127.06065747038069, 37.59305159992609], [127.06130053112211, 37.59277225240615], [127.06296660466575, 37.59515900498397], [127.06443376312873, 37.594634816686124], [127.06492996820172, 37.59538828061433], [127.06691678905763, 37.59511493046403], [127.06786867130617, 37.59454171126729], [127.06855774133885, 37.594880035623774], [127.06962619492556, 37.59488280266269], [127.0703550323263, 37.59247534426427]]]}, "properties": {"name": "휘경1동", "gu": "동대문구", "total_spaces": 6633}}, {"type": "Feature", "geometry": {"type": "Polygon", "coordinates": [[[127.05132742630656, 37.60162651315966], [127.05226813335506, 37.599671823558964], [127.0541351115116, 37.59883844109693], [127.05424555613841, 37.59813928490425], [127.05526599806683, 37.59823652506865], [127.05534779977684, 37.597581022211486], [127.05565016043232, 37.59755976713229], [127.05587463718236, 37.59505943376191], [127.05460178202775, 37.59573293546399], [127.05461456895368, 37.594306559317765], [127.05504874650607, 37.593574595093884], [127.05579169014032, 37.593640421873644], [127.05602918824549, 37.59252140248993], [127.05670001993481, 37.59221757166023], [127.05605356471399, 37.591256352625294], [127.05690272924208, 37.591447698054665], [127.05595467880491, 37.59005611767357], [127.05440644471454, 37.588968600646886], [127.05282582147895, 37.58727826176117], [127.05166819526936, 37.58815046240369], [127.05217690477289, 37.58855230979331], [127.05094643813788, 37.589269959181806], [127.04992375375531, 37.58933683060832], [127.04846725392251, 37.58880076967661], [127.04707048163158, 37.588699674552224], [127.04817112550406, 37.59081740387736], [127.04728951611784, 37.591331310283174], [127.0472928675307, 37.591603856835256], [127.04831735103105, 37.591814060269954], [127.0477249523712, 37.59226112566474], [127.04741341000155, 37.59458550522239], [127.04776695035186, 37.59665988287828], [127.04815799275221, 37.59755592630436], [127.04894699822555, 37.598220368905594], [127.05027340159441, 37.60110522771309], [127.05132742630656, 37.60162651315966]]]}, "properties": {"name": "회기동", "gu": "동대문구", "total_spaces": 6159}}, {"type": "Feature", "geometry": {"type": "Polygon", "coordinates": [[[127.06394339238781, 37.542150829539054], [127.07060088760069, 37.539929836957036], [127.06715094503433, 37.53251156373894], [127.06526485830376, 37.52560366093119], [127.05656652273345, 37.52910107819281], [127.06394339238781, 37.542150829539054]]]}, "properties": {"name": "자양4동", "gu": "광진구", "total_spaces": 8061}}, {"type": "Feature", "geometry": {"type": "Polygon", "coordinates": [[[127.07060088760069, 37.539929836957036], [127.07717080221487, 37.53820604144771], [127.07385914227466, 37.527032980461065], [127.07257698386499, 37.52377694455398], [127.06526485830376, 37.52560366093119], [127.06715094503433, 37.53251156373894], [127.07060088760069, 37.539929836957036]]]}, "properties": {"name": "자양3동", "gu": "광진구", "total_spaces": 13816}}, {"type": "Feature", "geometry": {"type": "Polygon", "coordinates": [[[127.0835494690009, 37.53662983221731], [127.0894830245825, 37.53801731403078], [127.08926135362734, 37.53637851673538], [127.09012514879072, 37.533402341971666], [127.09109181937116, 37.5337301937794], [127.09114815505366, 37.53323910966346], [127.09164741088772, 37.53326463327765], [127.09225086686064, 37.526786025258595], [127.0906709728779, 37.52606389877456], [127.08428502569146, 37.524420289293474], [127.07758024282315, 37.52357504653593], [127.07257698386499, 37.52377694455398], [127.07385914227466, 37.527032980461065], [127.07566047410546, 37.53320479825401], [127.08137942810339, 37.53151367753975], [127.08398665864824, 37.5318080874561], [127.0853666025769, 37.53246653051347], [127.0835494690009, 37.53662983221731]]]}, "properties": {"name": "자양2동", "gu": "광진구", "total_spaces": 13580}}, {"type": "Feature", "geometry": {"type": "Polygon", "coordinates": [[[127.0814049489498, 37.54201585879172], [127.08367289356086, 37.54116652552934], [127.08319929356838, 37.5400707406023], [127.0835494690009, 37.53662983221731], [127.0853666025769, 37.53246653051347], [127.08330033456818, 37.5315734616614], [127.08137942810339, 37.53151367753975], [127.07566047410546, 37.53320479825401], [127.07717080221487, 37.53820604144771], [127.07513554855421, 37.538711320451455], [127.0752643293521, 37.53932701222591], [127.07985981072393, 37.538727145577965], [127.07969736475968, 37.53993768036036], [127.08131108230074, 37.54119967966903], [127.0814049489498, 37.54201585879172]]]}, "properties": {"name": "자양1동", "gu": "광진구", "total_spaces": 6425}}, {"type": "Feature", "geometry": {"type": "Polygon", "coordinates": [[[127.10424640107283, 37.55987610396481], [127.11059726009042, 37.55982169807144], [127.11167188978818, 37.56027485526299], [127.11308335990931, 37.560331249663754], [127.11389689046953, 37.558598889570554], [127.11388950996786, 37.55333035911563], [127.11156853159615, 37.54650951152349], [127.1032018515071, 37.534665023243065], [127.09317888836877, 37.543694132969264], [127.09540304124779, 37.544787935247946], [127.09674652784423, 37.545846932315925], [127.09778060111003, 37.54550681432323], [127.09894740254911, 37.549343798200205], [127.09824030480614, 37.55029802192672], [127.09888962795642, 37.5511452641813], [127.09869179813806, 37.55198841640031], [127.10007536584457, 37.55300369949055], [127.10388199620566, 37.55785679647174], [127.10424640107283, 37.55987610396481]]]}, "properties": {"name": "광장동", "gu": "광진구", "total_spaces": 14323}}, {"type": "Feature", "geometry": {"type": "Polygon", "coordinates": [[[127.09274671774479, 37.54407907846825], [127.1032018515071, 37.534665023243065], [127.0987643259135, 37.527642980888146], [127.09225086686064, 37.526786025258595], [127.09164741088772, 37.53326463327765], [127.09114815505366, 37.53323910966346], [127.09109181937116, 37.5337301937794], [127.09012514879072, 37.533402341971666], [127.08926135362734, 37.53637851673538], [127.0894830245825, 37.53801731403078], [127.08905346142261, 37.53789881479757], [127.09065406851614, 37.544685748761836], [127.09274671774479, 37.54407907846825]]]}, "properties": {"name": "구의3동", "gu": "광진구", "total_spaces": 14811}}, {"type": "Feature", "geometry": {"type": "Polygon", "coordinates": [[[127.10114602036414, 37.56002320048591], [127.10424640107283, 37.55987610396481], [127.10388199620566, 37.55785679647174], [127.10007536584457, 37.55300369949055], [127.09869179813806, 37.55198841640031], [127.09888962795642, 37.5511452641813], [127.09824030480614, 37.55029802192672], [127.09894740254911, 37.549343798200205], [127.09778060111003, 37.54550681432323], [127.09674652784423, 37.545846932315925], [127.09540304124779, 37.544787935247946], [127.09317888836877, 37.543694132969264], [127.09110872907382, 37.544614170056526], [127.08506462655782, 37.54510795183925], [127.08594918735456, 37.54635604062641], [127.08537948915132, 37.54855233114915], [127.0859963484348, 37.549447814388735], [127.08757854767576, 37.54932391188392], [127.08835619337087, 37.55008834014652], [127.088043041721, 37.55039012037243], [127.08920872167876, 37.55151746975274], [127.08954818832188, 37.5517903299394], [127.08974135096638, 37.55140107047752], [127.09008171038704, 37.551530614655434], [127.0896282984615, 37.5523990018964], [127.0909104014221, 37.55279897900645], [127.09364480946341, 37.555365825539674], [127.09553471474169, 37.55643482450427], [127.09534497751523, 37.55672160279486], [127.09656800300547, 37.557724101873376], [127.09735777056795, 37.557181461917885], [127.09945039082393, 37.55821926160064], [127.10114602036414, 37.56002320048591]]]}, "properties": {"name": "구의2동", "gu": "광진구", "total_spaces": 9320}}, {"type": "Feature", "geometry": {"type": "Polygon", "coordinates": [[[127.08160734379527, 37.54528294337322], [127.09065406851614, 37.544685748761836], [127.08905346142261, 37.53789881479757], [127.0835494690009, 37.53662983221731], [127.08319929356838, 37.5400707406023], [127.08367289356086, 37.54116652552934], [127.08127956908851, 37.542155034193335], [127.08134721284604, 37.543083573369195], [127.08237682871382, 37.544971295336836], [127.08157330706997, 37.54503378595971], [127.08160734379527, 37.54528294337322]]]}, "properties": {"name": "구의1동", "gu": "광진구", "total_spaces": 8610}}, {"type": "Feature", "geometry": {"type": "Polygon", "coordinates": [[[127.08867324788078, 37.55329253582424], [127.09008171038704, 37.551530614655434], [127.08974135096638, 37.55140107047752], [127.08954818832188, 37.5517903299394], [127.08920872167876, 37.55151746975274], [127.088043041721, 37.55039012037243], [127.08835619337087, 37.55008834014652], [127.08757854767576, 37.54932391188392], [127.08605985933056, 37.5494773327012], [127.08547648446482, 37.548799471645694], [127.08594918735456, 37.54635604062641], [127.08506462655782, 37.54510795183925], [127.07947908330395, 37.54542965247309], [127.07733964464721, 37.545895056153356], [127.07412716571096, 37.547322330884604], [127.07615988930883, 37.55059926317374], [127.07949449166482, 37.55716645367452], [127.0874122950851, 37.554062117104145], [127.08867324788078, 37.55329253582424]]]}, "properties": {"name": "능동", "gu": "광진구", "total_spaces": 6508}}, {"type": "Feature", "geometry": {"type": "Polygon", "coordinates": [[[127.10093022109878, 37.573559884881746], [127.10176059836198, 37.572467298887275], [127.10297433342015, 37.572365464160384], [127.10397420269659, 37.571729123067186], [127.10419011559732, 37.57105150557116], [127.10334188975494, 37.56964923353482], [127.10230134888135, 37.56436723880128], [127.10170748884511, 37.56331978183414], [127.10195790170769, 37.56226034415547], [127.10130534690552, 37.56160796205119], [127.10114602036414, 37.56002320048591], [127.09945039082393, 37.55821926160064], [127.09735777056795, 37.557181461917885], [127.09656800300547, 37.557724101873376], [127.09534497751523, 37.55672160279486], [127.09553471474169, 37.55643482450427], [127.09364480946341, 37.555365825539674], [127.0909104014221, 37.55279897900645], [127.0896282984615, 37.5523990018964], [127.08867324788078, 37.55329253582424], [127.08606463601843, 37.568574926975295], [127.08614711868073, 37.57082058000204], [127.08815846826829, 37.57082418918453], [127.0883990124926, 37.57006577497138], [127.08910908628475, 37.57017843689681], [127.09035144161271, 37.56961945938292], [127.09180354104397, 37.56964820310655], [127.09263166935972, 37.57041059090572], [127.09418834588833, 37.57046540948838], [127.09810644085681, 37.57207193959992], [127.0984432089347, 37.5724855546659], [127.09948769645155, 37.57252946036683], [127.10093022109878, 37.573559884881746]]]}, "properties": {"name": "중곡4동", "gu": "광진구", "total_spaces": 8330}}, {"type": "Feature", "geometry": {"type": "Polygon", "coordinates": [[[127.0785759309308, 37.57186077379009], [127.08614711868073, 37.57082058000204], [127.08606463601843, 37.568574926975295], [127.08691858069606, 37.563506534366255], [127.08573317016287, 37.56336829566915], [127.07584816928363, 37.56663679260469], [127.0785759309308, 37.57186077379009]]]}, "properties": {"name": "중곡3동", "gu": "광진구", "total_spaces": 5933}}, {"type": "Feature", "geometry": {"type": "Polygon", "coordinates": [[[127.08335862937116, 37.56420619560305], [127.08573317016287, 37.56336829566915], [127.08691858069606, 37.563506534366255], [127.08867324788078, 37.55329253582424], [127.0874122950851, 37.554062117104145], [127.07949449166482, 37.55716645367452], [127.08335862937116, 37.56420619560305]]]}, "properties": {"name": "중곡2동", "gu": "광진구", "total_spaces": 6571}}, {"type": "Feature", "geometry": {"type": "Polygon", "coordinates": [[[127.07584816928363, 37.56663679260469], [127.08335862937116, 37.56420619560305], [127.07949449166482, 37.55716645367452], [127.0721017506745, 37.56004554259046], [127.07584816928363, 37.56663679260469]]]}, "properties": {"name": "중곡1동", "gu": "광진구", "total_spaces": 5417}}, {"type": "Feature", "geometry": {"type": "Polygon", "coordinates": [[[127.07369805624955, 37.5594395068574], [127.07949449166482, 37.55716645367452], [127.07615988930883, 37.55059926317374], [127.07412716571096, 37.547322330884604], [127.07197675475398, 37.54787014104863], [127.06749897521662, 37.54831111640997], [127.07369805624955, 37.5594395068574]]]}, "properties": {"name": "군자동", "gu": "광진구", "total_spaces": 7797}}, {"type": "Feature", "geometry": {"type": "Polygon", "coordinates": [[[127.06749897521662, 37.54831111640997], [127.07197675475398, 37.54787014104863], [127.07426398637654, 37.54728902262392], [127.07733964464721, 37.545895056153356], [127.08237682871382, 37.544971295336836], [127.0812758487895, 37.542811916203014], [127.08149732623265, 37.54143578257629], [127.07969736475968, 37.53993768036036], [127.07985981072393, 37.538727145577965], [127.0752643293521, 37.53932701222591], [127.07513554855421, 37.538711320451455], [127.07423649110366, 37.53882309374336], [127.06394339238781, 37.542150829539054], [127.06749897521662, 37.54831111640997]]]}, "properties": {"name": "화양동", "gu": "광진구", "total_spaces": 12041}}, {"type": "Feature", "geometry": {"type": "Polygon", "coordinates": [[[127.0144537125867, 37.54809711739863], [127.01519066438551, 37.54706708852852], [127.01519849924631, 37.546401198536536], [127.01557167661525, 37.54602977721817], [127.01546546874569, 37.54537459988508], [127.0167689990646, 37.545869139512256], [127.01779641530658, 37.545765106748576], [127.01772310653638, 37.5452577458468], [127.01858092125983, 37.545007599787944], [127.020156503481, 37.545219094699625], [127.02046926533386, 37.54377830254218], [127.02202923757135, 37.54323266013879], [127.02176382885307, 37.542477843441766], [127.02569988043645, 37.53786402109216], [127.02485652280284, 37.53764767090113], [127.02092441406802, 37.53511940732995], [127.01561162023039, 37.53843384454165], [127.01509820822454, 37.5383854763304], [127.01478926787165, 37.53890132984025], [127.012711675844, 37.53942017898498], [127.01153310783708, 37.538981332417634], [127.00932273701561, 37.53967751605642], [127.00934516333677, 37.54111431613059], [127.0083369517613, 37.541859386727886], [127.00857617619037, 37.54388604193499], [127.00931973068926, 37.54475995734127], [127.01070587839712, 37.5446238641661], [127.00889125363743, 37.54579922260084], [127.00958228417815, 37.548001538654205], [127.01147991085278, 37.54841613139854], [127.01320781197703, 37.54994427931199], [127.0138065848983, 37.54925721278041], [127.0148312182828, 37.54912842890343], [127.0144537125867, 37.54809711739863]]]}, "properties": {"name": "옥수동", "gu": "성동구", "total_spaces": 7918}}, {"type": "Feature", "geometry": {"type": "Polygon", "coordinates": [[[127.01318978470017, 37.549997214320925], [127.01697609115298, 37.553809659723406], [127.01741137280258, 37.55598267795851], [127.01800426582791, 37.556655242088226], [127.01946384737668, 37.55733950011758], [127.01997217597837, 37.556313982504776], [127.01997566065465, 37.55466911168563], [127.0212616485996, 37.55362994908239], [127.0234297444124, 37.55306757381745], [127.02524438791214, 37.55211583332103], [127.02608306476402, 37.54996173046177], [127.02586716277028, 37.54831239817675], [127.02541568030652, 37.548081892936544], [127.01652448454591, 37.54857890276419], [127.01601556615849, 37.54835794191047], [127.01645914887484, 37.54723868635385], [127.01612336759092, 37.547165522801485], [127.01562584152265, 37.54823072408758], [127.01443037481282, 37.54810725610562], [127.0148312182828, 37.54912842890343], [127.0138065848983, 37.54925721278041], [127.01318978470017, 37.549997214320925]]]}, "properties": {"name": "금호2·3가동", "gu": "성동구", "total_spaces": 6650}}, {"type": "Feature", "geometry": {"type": "Polygon", "coordinates": [[[127.02336817930893, 37.5717397407898], [127.03004573866549, 37.569865950781455], [127.03231079924755, 37.57014412492068], [127.03360527935027, 37.568890843716076], [127.0335972745795, 37.56837136989346], [127.03303607648711, 37.56791961911458], [127.03471887760304, 37.566246416600066], [127.03649566697867, 37.5660381131219], [127.03598502163096, 37.56245429858351], [127.03545305951306, 37.56128035109655], [127.03334863099924, 37.562610740918295], [127.02918434908027, 37.56446444866766], [127.02673174783287, 37.56498757137687], [127.02361527185889, 37.565168956618265], [127.02336817930893, 37.5717397407898]]]}, "properties": {"name": "왕십리도선동", "gu": "성동구", "total_spaces": 8809}}, {"type": "Feature", "geometry": {"type": "Polygon", "coordinates": [[[127.04218046161758, 37.57302092027285], [127.04794931518276, 37.5703741120983], [127.05870704736262, 37.56245814965612], [127.0633071325409, 37.5614836084313], [127.07076619235093, 37.56057369373025], [127.07369805624955, 37.5594395068574], [127.07180498355882, 37.559454163755575], [127.06837631465024, 37.55640855724203], [127.06408269197142, 37.55080224506777], [127.06241626181522, 37.549847221184535], [127.05986516060662, 37.54967000040967], [127.05251637744003, 37.551688525244685], [127.0526465850482, 37.55204379714904], [127.04932373334707, 37.55263280397261], [127.05115774671216, 37.5550047491756], [127.0512227470407, 37.55595920827883], [127.05167429484315, 37.5568892895259], [127.0521200071111, 37.55701833510345], [127.05214991234858, 37.55783202874582], [127.05143884528826, 37.5586223868812], [127.05000396431575, 37.56270700064617], [127.04598209797174, 37.56961043739121], [127.04282271682293, 37.571469590856296], [127.04289468643566, 37.57207942168864], [127.04218046161758, 37.57302092027285]]]}, "properties": {"name": "용답동", "gu": "성동구", "total_spaces": 7086}}, {"type": "Feature", "geometry": {"type": "Polygon", "coordinates": [[[127.0521824899985, 37.55083751422404], [127.05251637744003, 37.551688525244685], [127.05986516060662, 37.54967000040967], [127.06295201566385, 37.550054453157514], [127.06408269197142, 37.55080224506777], [127.06642062377713, 37.55407129742437], [127.06951151971725, 37.55749895142316], [127.07180498355882, 37.559454163755575], [127.07369805624955, 37.5594395068574], [127.06749897521662, 37.54831111640997], [127.06310723700268, 37.54808880391121], [127.06004428808333, 37.54832659031671], [127.0521824899985, 37.55083751422404]]]}, "properties": {"name": "송정동", "gu": "성동구", "total_spaces": 3065}}, {"type": "Feature", "geometry": {"type": "Polygon", "coordinates": [[[127.0521824899985, 37.55083751422404], [127.06004428808333, 37.54832659031671], [127.06310723700268, 37.54808880391121], [127.06749897521662, 37.54831111640997], [127.06282634960513, 37.54018640680712], [127.04958477561446, 37.544171263927595], [127.0521824899985, 37.55083751422404]]]}, "properties": {"name": "성수2가3동", "gu": "성동구", "total_spaces": 16156}}, {"type": "Feature", "geometry": {"type": "Polygon", "coordinates": [[[127.05188277484567, 37.543473445262435], [127.06282634960513, 37.54018640680712], [127.05656652273345, 37.52910107819281], [127.04905847523659, 37.532552048637605], [127.05039775677632, 37.53663440971245], [127.05201425108254, 37.5383948891977], [127.05097806254093, 37.5391786282532], [127.05153657124785, 37.53973503752729], [127.05044328184509, 37.540020434413435], [127.05100921756008, 37.54191312729652], [127.05188277484567, 37.543473445262435]]]}, "properties": {"name": "성수2가1동", "gu": "성동구", "total_spaces": 7617}}, {"type": "Feature", "geometry": {"type": "Polygon", "coordinates": [[[127.04664046660282, 37.553020159505145], [127.0526465850482, 37.55204379714904], [127.04958477561446, 37.544171263927595], [127.04911682702836, 37.544813973282906], [127.04540642657797, 37.546134800270906], [127.04390927540875, 37.546267680340414], [127.04358837066872, 37.54596342886938], [127.03671918601349, 37.547556771008615], [127.03436062589901, 37.545432799742336], [127.03112121905171, 37.54606772914372], [127.03122149199442, 37.546568317431365], [127.03249531251062, 37.54674818846583], [127.0357320512192, 37.54952122209761], [127.04006166245364, 37.551330598563844], [127.04046489363412, 37.55249724926136], [127.03983472654252, 37.55291500826202], [127.04064777614987, 37.55326077832319], [127.04191529398597, 37.5526493672661], [127.04664046660282, 37.553020159505145]]]}, "properties": {"name": "성수1가2동", "gu": "성동구", "total_spaces": 8938}}, {"type": "Feature", "geometry": {"type": "Polygon", "coordinates": [[[127.03122149199442, 37.546568317431365], [127.03112121905171, 37.54606772914372], [127.03436062589901, 37.545432799742336], [127.03671918601349, 37.547556771008615], [127.04358837066872, 37.54596342886938], [127.04390927540875, 37.546267680340414], [127.04540642657797, 37.546134800270906], [127.04911682702836, 37.544813973282906], [127.04953315625023, 37.54418339200544], [127.05188277484567, 37.543473445262435], [127.05100921756008, 37.54191312729652], [127.05044328184509, 37.540020434413435], [127.05153657124785, 37.53973503752729], [127.05097806254093, 37.5391786282532], [127.05201425108254, 37.5383948891977], [127.05039775677632, 37.53663440971245], [127.04905847523659, 37.532552048637605], [127.04693177963165, 37.534205645626244], [127.04596165163977, 37.53250285526803], [127.02985695484544, 37.538864325016135], [127.02828355584131, 37.538527946035956], [127.03109359257218, 37.54595595678767], [127.0303983222877, 37.546270912827865], [127.03122149199442, 37.546568317431365]]]}, "properties": {"name": "성수1가1동", "gu": "성동구", "total_spaces": 8322}}, {"type": "Feature", "geometry": {"type": "Polygon", "coordinates": [[[127.02730501099593, 37.54827774265262], [127.02954244244316, 37.549261284239854], [127.02965192006143, 37.54839405414576], [127.02944202534313, 37.548353840916704], [127.03017718595754, 37.547333855164226], [127.03018015797193, 37.54632192831956], [127.03109359257218, 37.54595595678767], [127.03089281928959, 37.5452644957507], [127.02828355584131, 37.538527946035956], [127.02569988043645, 37.53786402109216], [127.02176382885307, 37.542477843441766], [127.02202923757135, 37.54323266013879], [127.02046926533386, 37.54377830254218], [127.020156503481, 37.545219094699625], [127.01858092125983, 37.545007599787944], [127.01772310653638, 37.5452577458468], [127.01779641530658, 37.545765106748576], [127.0167689990646, 37.545869139512256], [127.01546546874569, 37.54537459988508], [127.01557167661525, 37.54602977721817], [127.01519849924631, 37.546401198536536], [127.01519066438551, 37.54706708852852], [127.01444662327667, 37.54800026160254], [127.0148770427756, 37.5482995117608], [127.01562584152265, 37.54823072408758], [127.01612336759092, 37.547165522801485], [127.01645914887484, 37.54723868635385], [127.01601556615849, 37.54835794191047], [127.01641273422295, 37.54856483892349], [127.02541568030652, 37.548081892936544], [127.02559877200022, 37.54835750277824], [127.02586716277028, 37.54831239817675], [127.02579420968877, 37.54798777475316], [127.02730501099593, 37.54827774265262]]]}, "properties": {"name": "금호4가동", "gu": "성동구", "total_spaces": 4585}}, {"type": "Feature", "geometry": {"type": "Polygon", "coordinates": [[[127.02431039578836, 37.55789784092751], [127.02479279341476, 37.55727887939364], [127.0248768387523, 37.55573338328495], [127.02556623248846, 37.55549504561375], [127.02573760447584, 37.5550157963983], [127.02951040914903, 37.55391096753384], [127.02957116838141, 37.55325323004802], [127.02887464082924, 37.552750246533826], [127.02943390039056, 37.55169567495306], [127.02916194898037, 37.55026597899111], [127.02868142261342, 37.549483072948924], [127.0289760387023, 37.549103462283895], [127.02651616378928, 37.54805153820449], [127.02579420968877, 37.54798777475316], [127.02608306476402, 37.54996173046177], [127.02524438791214, 37.55211583332103], [127.0234297444124, 37.55306757381745], [127.0212616485996, 37.55362994908239], [127.01997566065465, 37.55466911168563], [127.01997217597837, 37.556313982504776], [127.01937086951837, 37.557499158364294], [127.02116020704578, 37.5578916495491], [127.02431039578836, 37.55789784092751]]]}, "properties": {"name": "금호1가동", "gu": "성동구", "total_spaces": 3904}}, {"type": "Feature", "geometry": {"type": "Polygon", "coordinates": [[[127.03901525606891, 37.55385596173418], [127.03971976469627, 37.55286605414658], [127.04046489363412, 37.55249724926136], [127.04006166245364, 37.551330598563844], [127.0357320512192, 37.54952122209761], [127.03249531251062, 37.54674818846583], [127.03018015797193, 37.54632192831956], [127.03017718595754, 37.547333855164226], [127.02944202534313, 37.548353840916704], [127.02965192006143, 37.54839405414576], [127.02954244244316, 37.549261284239854], [127.02906087653558, 37.549010246249516], [127.02868142261342, 37.549483072948924], [127.02943081995579, 37.55149604990533], [127.02887464082924, 37.552750246533826], [127.02957116838141, 37.55325323004802], [127.02951040914903, 37.55391096753384], [127.03135786795598, 37.552915483717186], [127.03194424069366, 37.552959538935724], [127.03301224579025, 37.55416264435246], [127.03428005979131, 37.5548583144491], [127.03421571753798, 37.55450863541387], [127.03586283699056, 37.554786630151156], [127.03630336854435, 37.55412708888246], [127.03757284586564, 37.553441392224535], [127.03879283236319, 37.55355335567131], [127.03901525606891, 37.55385596173418]]]}, "properties": {"name": "응봉동", "gu": "성동구", "total_spaces": 3144}}, {"type": "Feature", "geometry": {"type": "Polygon", "coordinates": [[[127.03106514359375, 37.560333520882146], [127.03138180005199, 37.55927139979522], [127.03079300468222, 37.55903672681726], [127.03076849501552, 37.55786150438384], [127.03399553314811, 37.558511062889124], [127.03428005979131, 37.5548583144491], [127.03301224579025, 37.55416264435246], [127.03194424069366, 37.552959538935724], [127.03135786795598, 37.552915483717186], [127.02990523060349, 37.55381570616137], [127.02592926005482, 37.554926502581594], [127.02556623248846, 37.55549504561375], [127.02490264540172, 37.55569846480753], [127.02479279341476, 37.55727887939364], [127.02431039578836, 37.55789784092751], [127.02540310617366, 37.5579922288833], [127.02714031065757, 37.55990787557086], [127.02819601255246, 37.560270290044095], [127.02914820210975, 37.55996767646944], [127.03001595721406, 37.560401634534045], [127.03106514359375, 37.560333520882146]]]}, "properties": {"name": "행당2동", "gu": "성동구", "total_spaces": 7962}}, {"type": "Feature", "geometry": {"type": "Polygon", "coordinates": [[[127.03874507325226, 37.563830566035385], [127.03941556069876, 37.560422924325785], [127.03934554297999, 37.559747767784785], [127.0389686691666, 37.55970114908753], [127.0395406859697, 37.55574083434639], [127.03920427410638, 37.554184763061585], [127.03879283236319, 37.55355335567131], [127.03757284586564, 37.553441392224535], [127.03630336854435, 37.55412708888246], [127.03586283699056, 37.554786630151156], [127.03421571753798, 37.55450863541387], [127.03399553314811, 37.558511062889124], [127.03076849501552, 37.55786150438384], [127.03079300468222, 37.55903672681726], [127.03138180005199, 37.55927139979522], [127.03106514359375, 37.560333520882146], [127.03249538078339, 37.56101199352843], [127.03222591069293, 37.56154477384855], [127.03305869055077, 37.56156961309488], [127.03351058480152, 37.56251778264525], [127.03545305951306, 37.56128035109655], [127.03598502163096, 37.56245429858351], [127.03649566697867, 37.5660381131219], [127.03770018640607, 37.56592794216487], [127.03807092793356, 37.56422017279217], [127.03874507325226, 37.563830566035385]]]}, "properties": {"name": "행당1동", "gu": "성동구", "total_spaces": 7428}}, {"type": "Feature", "geometry": {"type": "Polygon", "coordinates": [[[127.04823148576445, 37.5653839336335], [127.05000396431575, 37.56270700064617], [127.05143884528826, 37.5586223868812], [127.05214991234858, 37.55783202874582], [127.0521200071111, 37.55701833510345], [127.05167429484315, 37.5568892895259], [127.05060537824092, 37.55400431773042], [127.04923068864044, 37.55257850060886], [127.04664046660282, 37.553020159505145], [127.04191529398597, 37.5526493672661], [127.04064777614987, 37.55326077832319], [127.03971976469627, 37.55286605414658], [127.03901525606891, 37.55385596173418], [127.03953176074671, 37.55522811749061], [127.03897677970886, 37.558946286165636], [127.0389686691666, 37.55970114908753], [127.03934554297999, 37.559747767784785], [127.03941556069876, 37.560422924325785], [127.03873114560396, 37.562851589584305], [127.03904893958342, 37.56284276066667], [127.03938219597129, 37.56193687863555], [127.04163612443536, 37.56195584347265], [127.04174719750638, 37.562308880808736], [127.04247070383322, 37.56202341270684], [127.0434748251681, 37.56262109170373], [127.0452883394257, 37.56219753159356], [127.04649389055774, 37.564222332836216], [127.04692379790566, 37.56418697341805], [127.0469211274964, 37.56532362805628], [127.04823148576445, 37.5653839336335]]]}, "properties": {"name": "사근동", "gu": "성동구", "total_spaces": 7829}}, {"type": "Feature", "geometry": {"type": "Polygon", "coordinates": [[[127.03231079924755, 37.57014412492068], [127.0351015082443, 37.57195772829513], [127.03653336342485, 37.57251676932377], [127.03792747958144, 37.57289842265957], [127.04218046161758, 37.57302092027285], [127.04289468643566, 37.57207942168864], [127.04282271682293, 37.571469590856296], [127.04598209797174, 37.56961043739121], [127.04823148576445, 37.5653839336335], [127.0469211274964, 37.56532362805628], [127.04692379790566, 37.56418697341805], [127.04649389055774, 37.564222332836216], [127.0452883394257, 37.56219753159356], [127.0434748251681, 37.56262109170373], [127.04247070383322, 37.56202341270684], [127.04174719750638, 37.562308880808736], [127.04163612443536, 37.56195584347265], [127.03938219597129, 37.56193687863555], [127.03882611218339, 37.56284846246581], [127.03874507325226, 37.563830566035385], [127.03807092793356, 37.56422017279217], [127.03770018640607, 37.56592794216487], [127.03471887760304, 37.566246416600066], [127.03303607648711, 37.56791961911458], [127.0335972745795, 37.56837136989346], [127.03360527935027, 37.568890843716076], [127.03231079924755, 37.57014412492068]]]}, "properties": {"name": "마장동", "gu": "성동구", "total_spaces": 8402}}, {"type": "Feature", "geometry": {"type": "Polygon", "coordinates": [[[127.02670557413094, 37.56498982943509], [127.02918434908027, 37.56446444866766], [127.0323144499574, 37.563115850622815], [127.03351058480152, 37.56251778264525], [127.03335859432043, 37.561920073729034], [127.03305869055077, 37.56156961309488], [127.03222591069293, 37.56154477384855], [127.03249538078339, 37.56101199352843], [127.03210809586561, 37.56102617245648], [127.03208974128232, 37.56068464592362], [127.0308194750691, 37.56024939589836], [127.03001595721406, 37.560401634534045], [127.02914820210975, 37.55996767646944], [127.02819601255246, 37.560270290044095], [127.02714031065757, 37.55990787557086], [127.02540310617366, 37.5579922288833], [127.02287903488529, 37.557770280605126], [127.02279408263198, 37.55876701589999], [127.02241041038499, 37.55901795372731], [127.02334442500167, 37.56003787393214], [127.0233349046161, 37.5607443077438], [127.02371772678761, 37.561185158065754], [127.02512459804473, 37.56251356274386], [127.02626525362965, 37.56299366899734], [127.02670750031196, 37.56388217587156], [127.02670557413094, 37.56498982943509]]]}, "properties": {"name": "왕십리2동", "gu": "성동구", "total_spaces": 4070}}, {"type": "Feature", "geometry": {"type": "Polygon", "coordinates": [[[127.00422524914342, 37.550375613226635], [127.00471566103158, 37.54834724458768], [127.00589465616856, 37.548204737521374], [127.00501390027352, 37.54732095060992], [127.00528458198107, 37.54695153576532], [127.00484251816887, 37.54618232745728], [127.00725791515464, 37.54381065528649], [127.00860606504766, 37.54397979962552], [127.0083369517613, 37.541859386727886], [127.00934516333677, 37.54111431613059], [127.00932273701561, 37.53967751605642], [127.01153310783708, 37.538981332417634], [127.012711675844, 37.53942017898498], [127.01478926787165, 37.53890132984025], [127.01509820822454, 37.5383854763304], [127.01561162023039, 37.53843384454165], [127.02092441406802, 37.53511940732995], [127.01260925817355, 37.52831262749706], [127.0095477835465, 37.52636447459504], [127.00797213961455, 37.524589048247385], [127.00389156127035, 37.52716548272236], [127.00394832658584, 37.52789585025817], [127.0028502551379, 37.52814251498645], [127.00276735692741, 37.528485738450534], [127.0032603660651, 37.528590472799976], [127.00316191123771, 37.528828956153426], [127.00379529006842, 37.529329560589304], [127.00331697043171, 37.53019058141548], [127.00058988299689, 37.53191064531723], [126.9978655496087, 37.532588590335564], [126.9970769072365, 37.533194763142525], [126.99702870257941, 37.53520820023591], [126.9961355165455, 37.53621840161218], [126.99601348296565, 37.53691075290203], [126.99510735596712, 37.53793558673831], [126.99482256047969, 37.537777615612], [126.99458952753096, 37.53803128799336], [126.99523602327368, 37.5383675071203], [126.99551702186521, 37.53961595983111], [126.9978051923159, 37.54125501567835], [126.9978624280211, 37.542217389910725], [126.99751178304358, 37.543137516819414], [126.99655166745221, 37.54428483739637], [126.99650540497151, 37.546020934049885], [126.99532050273987, 37.54723721645609], [126.99637075726919, 37.547410707765216], [126.99674752164776, 37.547787450632946], [126.99679998961102, 37.54851331390254], [126.99860699900765, 37.54968381616969], [126.99852176267432, 37.54993130503118], [127.00025318047983, 37.549508152005785], [127.00209774729998, 37.5498302616848], [127.00268442803853, 37.54960078617214], [127.00422524914342, 37.550375613226635]]]}, "properties": {"name": "한남동", "gu": "용산구", "total_spaces": 16137}}, {"type": "Feature", "geometry": {"type": "Polygon", "coordinates": [[[126.97902639820757, 37.5346951117784], [126.97929720998229, 37.53297370226468], [126.97623033603585, 37.52179118029423], [126.97206060787295, 37.52304006341356], [126.96513848304394, 37.52200846566048], [126.96220787130058, 37.52243578102667], [126.95752717822928, 37.524965081913365], [126.95665724377194, 37.52572046408553], [126.95693921453406, 37.52595736351484], [126.9555763856403, 37.526808562767606], [126.95460033150968, 37.528440949918796], [126.95460617736983, 37.53152601221881], [126.95741212479416, 37.53274202714365], [126.95967509365097, 37.533321457385526], [126.96290541740137, 37.53326540087887], [126.9632530575324, 37.534124273469914], [126.96487923982524, 37.53454966385526], [126.96645629946222, 37.534209735989016], [126.9668001494072, 37.53380805078641], [126.96945783225071, 37.534314484717484], [126.97077176502268, 37.536681912318784], [126.97084994895954, 37.540028557865206], [126.9732079386126, 37.54031633802972], [126.97394403837565, 37.53765154462068], [126.97494572114591, 37.5376762699888], [126.97506851970658, 37.53537285234482], [126.975873775816, 37.53536514624607], [126.97613391935116, 37.53456754176439], [126.97902639820757, 37.5346951117784]]]}, "properties": {"name": "한강로동", "gu": "용산구", "total_spaces": 24430}}, {"type": "Feature", "geometry": {"type": "Polygon", "coordinates": [[[126.97071423044733, 37.541600754359706], [126.97077176502268, 37.536681912318784], [126.96945783225071, 37.534314484717484], [126.9668001494072, 37.53380805078641], [126.96645629946222, 37.534209735989016], [126.96487923982524, 37.53454966385526], [126.9632530575324, 37.534124273469914], [126.96290541740137, 37.53326540087887], [126.96169331145161, 37.53313125714668], [126.9616479174235, 37.53372364509406], [126.96043035510344, 37.533858939937566], [126.96095852741206, 37.534276113536016], [126.95999312878259, 37.5352192870241], [126.9607974577372, 37.53561600411372], [126.96053248689483, 37.53588423949347], [126.96199968029615, 37.53646193827087], [126.9619931621259, 37.537088407814025], [126.96354412308816, 37.537447061394275], [126.96385822115282, 37.53861451083783], [126.96420972529697, 37.53853156213179], [126.96437682482362, 37.538825282127675], [126.96415650982298, 37.53995117188304], [126.9648841635652, 37.54146985367248], [126.96588966014659, 37.54175481855824], [126.96811785179277, 37.541388596950014], [126.96846422267392, 37.54213933360735], [126.97071423044733, 37.541600754359706]]]}, "properties": {"name": "원효로1동", "gu": "용산구", "total_spaces": 8586}}, {"type": "Feature", "geometry": {"type": "Polygon", "coordinates": [[[126.96907578546387, 37.55517234140851], [126.96929958951641, 37.55203554803675], [126.97004519657654, 37.5521762473558], [126.97089597358702, 37.54853308878041], [126.97102817709785, 37.54172049887303], [126.97015517581902, 37.54163777314782], [126.96846422267392, 37.54213933360735], [126.96811785179277, 37.541388596950014], [126.96588966014659, 37.54175481855824], [126.9648841635652, 37.54146985367248], [126.96457175402952, 37.542915004176145], [126.9641512021215, 37.543147440438496], [126.96426215122304, 37.543669769309], [126.96334911290188, 37.54371283797554], [126.96291601018854, 37.54323883171105], [126.96296725825182, 37.54260027030074], [126.96433164071938, 37.54294674509538], [126.96458586528907, 37.542623312388635], [126.96329902877626, 37.54242243218519], [126.96213637366795, 37.54177052019096], [126.96241009507422, 37.54373336618251], [126.96354540653645, 37.54398066480417], [126.96378442591245, 37.54437267289891], [126.96313477677694, 37.54587852757385], [126.96344223106514, 37.547302756853945], [126.96317347902524, 37.548677244777856], [126.96369113052178, 37.54880692921723], [126.96394300276292, 37.54969251497521], [126.96238693872291, 37.551503846007634], [126.96572993450192, 37.55411834231935], [126.96848896605884, 37.55538362986379], [126.96907578546387, 37.55517234140851]]]}, "properties": {"name": "청파동", "gu": "용산구", "total_spaces": 5183}}, {"type": "Feature", "geometry": {"type": "Polygon", "coordinates": [[[126.99786537184234, 37.53260886268941], [127.00058988299689, 37.53191064531723], [127.00331697043171, 37.53019058141548], [127.00379529006842, 37.529329560589304], [127.00316191123771, 37.528828956153426], [127.0032603660651, 37.528590472799976], [127.00276735692741, 37.528485738450534], [127.0028502551379, 37.52814251498645], [127.00394832658584, 37.52789585025817], [127.00389156127035, 37.52716548272236], [127.00797213961455, 37.524589048247385], [127.00607815941291, 37.52157502601754], [127.00373172187817, 37.51970721683737], [127.00038733106861, 37.51794916401112], [127.00019742529854, 37.5226824863142], [126.9996775799899, 37.52309384000216], [126.99833670863475, 37.52318278478395], [126.99814279755289, 37.523405212588216], [126.9983853020045, 37.523528824539845], [126.99837094829664, 37.52439631348055], [126.99682374429923, 37.524967830814035], [126.99707295213753, 37.52536765693669], [126.99659407282557, 37.52588514684643], [126.99709212762997, 37.52691596080663], [126.9968216222762, 37.52780258531487], [126.99604842114458, 37.52812831785318], [126.99576695897312, 37.528759282116084], [126.99479879783668, 37.52873473522729], [126.99525479830622, 37.52949046924114], [126.99573332801039, 37.52934042179281], [126.99596240476058, 37.52957694377454], [126.99673409958422, 37.53093438148472], [126.99678407764141, 37.53170980141148], [126.99786537184234, 37.53260886268941]]]}, "properties": {"name": "보광동", "gu": "용산구", "total_spaces": 1838}}, {"type": "Feature", "geometry": {"type": "Polygon", "coordinates": [[[126.99133332183274, 37.52946570042668], [126.99340893351578, 37.52809550509348], [126.99405708152871, 37.528676407634585], [126.99576695897312, 37.528759282116084], [126.99604842114458, 37.52812831785318], [126.9968216222762, 37.52780258531487], [126.99709212762997, 37.52691596080663], [126.99659407282557, 37.52588514684643], [126.99707295213753, 37.52536765693669], [126.99682374429923, 37.524967830814035], [126.99837094829664, 37.52439631348055], [126.9983853020045, 37.523528824539845], [126.99814279755289, 37.523405212588216], [126.99833670863475, 37.52318278478395], [126.9996775799899, 37.52309384000216], [127.00040476686378, 37.522113453593434], [127.00038733106861, 37.51794916401112], [126.98937918626494, 37.51270784393249], [126.98862377549003, 37.51409726973373], [126.98738176519784, 37.51368069826835], [126.98248558898915, 37.513506005935334], [126.9830909255698, 37.51627469508127], [126.98280554131976, 37.519613966591116], [126.97623033603585, 37.52179118029423], [126.97924282146371, 37.53277406560632], [126.98379754606556, 37.53115473727083], [126.98379884039007, 37.52941947916063], [126.99133332183274, 37.52946570042668]]]}, "properties": {"name": "서빙고동", "gu": "용산구", "total_spaces": 6290}}, {"type": "Feature", "geometry": {"type": "Polygon", "coordinates": [[[126.9931941298165, 37.54905568045403], [126.99650540497151, 37.546020934049885], [126.99655166745221, 37.54428483739637], [126.99751178304358, 37.543137516819414], [126.9978624280211, 37.542217389910725], [126.9978051923159, 37.54125501567835], [126.99551702186521, 37.53961595983111], [126.99509509209994, 37.538697206605434], [126.9931082454809, 37.53760350171841], [126.99317757049954, 37.53739318108287], [126.99213224691069, 37.537141950830865], [126.99154666892107, 37.53754622345841], [126.99060850461747, 37.53714548019371], [126.99048591690257, 37.53644184950914], [126.98951629696636, 37.536086144212376], [126.98976262877542, 37.535648905705955], [126.98877663026236, 37.53500712727011], [126.98827331803922, 37.535058879018635], [126.98781170226155, 37.53427496207302], [126.98737555009964, 37.534439905081285], [126.9869436156632, 37.535632260975305], [126.98696861430176, 37.538902024042194], [126.9885639817092, 37.54305522189135], [126.99009362030279, 37.544594105200716], [126.98988068176762, 37.54500431726801], [126.99073127256379, 37.54520515026532], [126.99034120179466, 37.545425575419344], [126.99094681368923, 37.54636885686882], [126.99083424120032, 37.54721690504429], [126.9931941298165, 37.54905568045403]]]}, "properties": {"name": "이태원2동", "gu": "용산구", "total_spaces": 4346}}, {"type": "Feature", "geometry": {"type": "Polygon", "coordinates": [[[126.9878861075182, 37.534384497703435], [126.98827331803922, 37.535058879018635], [126.98877663026236, 37.53500712727011], [126.98976262877542, 37.535648905705955], [126.98951629696636, 37.536086144212376], [126.99048591690257, 37.53644184950914], [126.99060850461747, 37.53714548019371], [126.99154666892107, 37.53754622345841], [126.99213224691069, 37.537141950830865], [126.99293343559361, 37.53729630684082], [126.99534169479061, 37.538972022559506], [126.99512395014615, 37.53821827416165], [126.99458952753096, 37.53803128799336], [126.99482256047969, 37.537777615612], [126.99510735596712, 37.53793558673831], [126.99601348296565, 37.53691075290203], [126.9961355165455, 37.53621840161218], [126.99702870257941, 37.53520820023591], [126.9970769072365, 37.533194763142525], [126.99791486484727, 37.53270938132353], [126.99678407764141, 37.53170980141148], [126.99673409958422, 37.53093438148472], [126.9957937792096, 37.529395892195915], [126.99525479830622, 37.52949046924114], [126.99479879783668, 37.52873473522729], [126.99405708152871, 37.528676407634585], [126.99353214425702, 37.52805891058865], [126.99133332183274, 37.52946570042668], [126.99085268916483, 37.530661446156294], [126.9878861075182, 37.534384497703435]]]}, "properties": {"name": "이태원1동", "gu": "용산구", "total_spaces": 3892}}, {"type": "Feature", "geometry": {"type": "Polygon", "coordinates": [[[126.95460617736983, 37.53152601221881], [126.95460033150968, 37.528440949918796], [126.95522382672874, 37.527241747160375], [126.95693921453406, 37.52595736351484], [126.95665724377194, 37.52572046408553], [126.95752717822928, 37.524965081913365], [126.96175881512394, 37.52262624752991], [126.95909366474801, 37.51802630114147], [126.95719804406465, 37.51541384264326], [126.95342086266989, 37.517538152845084], [126.95040252562951, 37.520026730781595], [126.94794106123918, 37.52358231888372], [126.94771654088787, 37.52536027391712], [126.94633759021508, 37.527333379022366], [126.95460617736983, 37.53152601221881]]]}, "properties": {"name": "이촌2동", "gu": "용산구", "total_spaces": 2346}}, {"type": "Feature", "geometry": {"type": "Polygon", "coordinates": [[[126.96175881512394, 37.52262624752991], [126.963787368202, 37.52203845039595], [126.96513848304394, 37.52200846566048], [126.97206060787295, 37.52304006341356], [126.98260734973114, 37.5198431258129], [126.98300749950069, 37.51915758774424], [126.9830909255698, 37.51627469508127], [126.98209468196069, 37.51204069629694], [126.96460251906906, 37.51277843973601], [126.95719804406465, 37.51541384264326], [126.95909366474801, 37.51802630114147], [126.96175881512394, 37.52262624752991]]]}, "properties": {"name": "이촌1동", "gu": "용산구", "total_spaces": 10823}}, {"type": "Feature", "geometry": {"type": "Polygon", "coordinates": [[[126.95640082472458, 37.540584789570865], [126.95790789839117, 37.539878639719156], [126.95968624294605, 37.53962982070064], [126.95961140449752, 37.53941102189966], [126.96047444283403, 37.53921648533066], [126.96074581422523, 37.539553606888305], [126.96385822115282, 37.53861451083783], [126.96359588231265, 37.53752619646776], [126.9619931621259, 37.537088407814025], [126.96199968029615, 37.53646193827087], [126.96053248689483, 37.53588423949347], [126.9607974577372, 37.53561600411372], [126.96064528914097, 37.535536551522064], [126.9599812029318, 37.53600342848731], [126.95933791119158, 37.53563182236225], [126.95864121580938, 37.53591482121739], [126.95811558509425, 37.53660529674886], [126.95628747366762, 37.53623435892596], [126.95495375405723, 37.53743920031968], [126.95422118185823, 37.537091182249306], [126.95300809939134, 37.53784724268672], [126.9529914325712, 37.538467794629696], [126.95367311628313, 37.5382309990401], [126.95461713190166, 37.53915714773107], [126.95561104871003, 37.53947147788517], [126.95640082472458, 37.540584789570865]]]}, "properties": {"name": "용문동", "gu": "용산구", "total_spaces": 2810}}, {"type": "Feature", "geometry": {"type": "Polygon", "coordinates": [[[126.9631729595385, 37.54865584606778], [126.96344223106514, 37.547302756853945], [126.96313477677694, 37.54587852757385], [126.96378442591245, 37.54437267289891], [126.96354540653645, 37.54398066480417], [126.96241009507422, 37.54373336618251], [126.96213637366795, 37.54177052019096], [126.96329902877626, 37.54242243218519], [126.96458586528907, 37.542623312388635], [126.96433164071938, 37.54294674509538], [126.96296725825182, 37.54260027030074], [126.96315237011241, 37.54363421898394], [126.96426215122304, 37.543669769309], [126.9641512021215, 37.543147440438496], [126.96457175402952, 37.542915004176145], [126.9648841635652, 37.54146985367248], [126.96415650982298, 37.53995117188304], [126.96420972529697, 37.53853156213179], [126.96074581422523, 37.539553606888305], [126.96047444283403, 37.53921648533066], [126.95961140449752, 37.53941102189966], [126.95968624294605, 37.53962982070064], [126.95790789839117, 37.539878639719156], [126.95650753787558, 37.54070477490786], [126.95716617836445, 37.5417783312241], [126.95831446552579, 37.54274338165], [126.95739132895622, 37.54313469031747], [126.95804565991575, 37.54498985009186], [126.95773583710658, 37.54508659224651], [126.95788501061834, 37.5454791419761], [126.95849943024545, 37.54546078444293], [126.96021453275836, 37.54631029982584], [126.96014702442395, 37.546570155944906], [126.96085834718728, 37.547198563003334], [126.96062696753381, 37.54739810902108], [126.96196648036192, 37.547773884482154], [126.9617277208001, 37.548221202772915], [126.96191987147007, 37.54864445168986], [126.9631729595385, 37.54865584606778]]]}, "properties": {"name": "효창동", "gu": "용산구", "total_spaces": 3022}}, {"type": "Feature", "geometry": {"type": "Polygon", "coordinates": [[[126.95300809939134, 37.53784724268672], [126.95422118185823, 37.537091182249306], [126.95495375405723, 37.53743920031968], [126.95628747366762, 37.53623435892596], [126.95811558509425, 37.53660529674886], [126.95864121580938, 37.53591482121739], [126.95933791119158, 37.53563182236225], [126.9599812029318, 37.53600342848731], [126.96067346339481, 37.53574069254384], [126.95999312878259, 37.5352192870241], [126.96095852741206, 37.534276113536016], [126.96043035510344, 37.533858939937566], [126.9616479174235, 37.53372364509406], [126.96158635238854, 37.53314558061774], [126.95967509365097, 37.533321457385526], [126.95741212479416, 37.53274202714365], [126.9539594595803, 37.53136301156352], [126.94633759021508, 37.527333379022366], [126.94357048103107, 37.529418137136474], [126.94508160082648, 37.53493492114597], [126.94558769911258, 37.534978803764545], [126.94543267694384, 37.53519215302281], [126.94639556851004, 37.53574221220296], [126.94735377719475, 37.535209098639974], [126.94757058563926, 37.535846650549225], [126.9486701682263, 37.53563006466508], [126.95112691252375, 37.536212560572956], [126.95282619472633, 37.537284047273275], [126.95300809939134, 37.53784724268672]]]}, "properties": {"name": "원효로2동", "gu": "용산구", "total_spaces": 4865}}, {"type": "Feature", "geometry": {"type": "Polygon", "coordinates": [[[126.97665859841389, 37.552708283091285], [126.975322230039, 37.551979036415254], [126.97513792774409, 37.5511230541217], [126.97545940477731, 37.55107948375661], [126.97537523768676, 37.550573220881894], [126.97571591295018, 37.55022754052281], [126.97522984057534, 37.55021420000857], [126.97488250377765, 37.54989483347623], [126.97503232886878, 37.549726494469276], [126.97449999169048, 37.54955180684597], [126.97437979361453, 37.548958814479455], [126.97373646654381, 37.548666405853155], [126.973291704622, 37.54791397264322], [126.97506211697139, 37.54699114788766], [126.97459144057001, 37.546507884788966], [126.97492670013408, 37.54643391051202], [126.97510790496708, 37.54550536664435], [126.9734795901751, 37.545262568167715], [126.97463567191386, 37.54051883184716], [126.97596458179028, 37.53917157980143], [126.97646587012491, 37.53787904408061], [126.97905812148974, 37.53796825700105], [126.97902639820757, 37.5346951117784], [126.97613391935116, 37.53456754176439], [126.975873775816, 37.53536514624607], [126.97506851970658, 37.53537285234482], [126.97494572114591, 37.5376762699888], [126.97394403837565, 37.53765154462068], [126.9732079386126, 37.54031633802972], [126.97073680656132, 37.54001219793958], [126.97071423044733, 37.541600754359706], [126.97102817709785, 37.54172049887303], [126.97089597358702, 37.54853308878041], [126.97004519657654, 37.5521762473558], [126.96929958951641, 37.55203554803675], [126.96907280177223, 37.553896876151406], [126.97217207409881, 37.5538881140425], [126.97189304781976, 37.554312917656], [126.97221713026458, 37.554429282588316], [126.97424691465365, 37.553572983237146], [126.97585947395883, 37.55337062178444], [126.97665859841389, 37.552708283091285]]]}, "properties": {"name": "남영동", "gu": "용산구", "total_spaces": 5688}}, {"type": "Feature", "geometry": {"type": "Polygon", "coordinates": [[[126.9923599579058, 37.55009316631032], [126.9931941298165, 37.54905568045403], [126.99083424120032, 37.54721690504429], [126.99094681368923, 37.54636885686882], [126.99034120179466, 37.545425575419344], [126.99073127256379, 37.54520515026532], [126.98988068176762, 37.54500431726801], [126.99009362030279, 37.544594105200716], [126.9885639817092, 37.54305522189135], [126.98678099770869, 37.53820373134203], [126.9869436156632, 37.535632260975305], [126.98737555009964, 37.534439905081285], [126.9878861075182, 37.534384497703435], [126.9887772278023, 37.53357285833731], [126.9913615455394, 37.52990521908602], [126.99133332183274, 37.52946570042668], [126.98379884039007, 37.52941947916063], [126.98379754606556, 37.53115473727083], [126.97924282146371, 37.53277406560632], [126.97905812148974, 37.53796825700105], [126.97646587012491, 37.53787904408061], [126.97596458179028, 37.53917157980143], [126.97463567191386, 37.54051883184716], [126.9734795901751, 37.545262568167715], [126.98008575842616, 37.546162691118404], [126.98105347259184, 37.54668853507228], [126.98149453324828, 37.54633919488136], [126.98380044989817, 37.54652820847779], [126.98603223753888, 37.5478462222928], [126.98675896636833, 37.547727497116355], [126.98758796945407, 37.54908781313364], [126.98737364723749, 37.550130121762805], [126.9878113794181, 37.55149207749997], [126.9887716672763, 37.551701102307746], [126.99040679505859, 37.5513994355612], [126.9923599579058, 37.55009316631032]]]}, "properties": {"name": "용산2가동", "gu": "용산구", "total_spaces": 1390}}, {"type": "Feature", "geometry": {"type": "Polygon", "coordinates": [[[126.98542909468785, 37.55374622450621], [126.9878113794181, 37.55149207749997], [126.98737364723749, 37.550130121762805], [126.98758796945407, 37.54908781313364], [126.98675896636833, 37.547727497116355], [126.98603223753888, 37.5478462222928], [126.98380044989817, 37.54652820847779], [126.98149453324828, 37.54633919488136], [126.98105347259184, 37.54668853507228], [126.98008575842616, 37.546162691118404], [126.97510790496708, 37.54550536664435], [126.97492670013408, 37.54643391051202], [126.97459144057001, 37.546507884788966], [126.97506211697139, 37.54699114788766], [126.97329014174785, 37.547838514242784], [126.97373646654381, 37.548666405853155], [126.97437979361453, 37.548958814479455], [126.97449999169048, 37.54955180684597], [126.97503232886878, 37.549726494469276], [126.97488250377765, 37.54989483347623], [126.97522984057534, 37.55021420000857], [126.97571591295018, 37.55022754052281], [126.97508689055057, 37.55144176822047], [126.975322230039, 37.551979036415254], [126.97665859841389, 37.552708283091285], [126.97673368901546, 37.55502609681166], [126.97876860220434, 37.55405062122065], [126.97888316214198, 37.553548622611025], [126.980528582127, 37.553403641833995], [126.98083912317456, 37.55392542643116], [126.9823502112572, 37.55357401354511], [126.98270380955192, 37.5537995995963], [126.98374356293068, 37.553035889649806], [126.9844692447344, 37.55309315324481], [126.98542909468785, 37.55374622450621]]]}, "properties": {"name": "후암동", "gu": "용산구", "total_spaces": 4245}}, {"type": "Feature", "geometry": {"type": "Polygon", "coordinates": [[[127.0233349046161, 37.5607443077438], [127.02334442500167, 37.56003787393214], [127.02241041038499, 37.55901795372731], [127.02279408263198, 37.55876701589999], [127.02285713498644, 37.55786826721223], [127.02116020704578, 37.5578916495491], [127.01959032333878, 37.55749659094648], [127.01886391637164, 37.55842556410623], [127.01860357935496, 37.55984297142702], [127.01779155424369, 37.56000301177601], [127.01645518986427, 37.55929675624365], [127.0138375530308, 37.560152435341635], [127.01350074716107, 37.55954852543855], [127.01330623122767, 37.55961105117122], [127.01364356789001, 37.56022453458169], [127.01282553865484, 37.56053883583108], [127.01371379749936, 37.560364743838136], [127.0159908545466, 37.56412273784489], [127.01964603675886, 37.56337694644239], [127.02066563589152, 37.56151877693536], [127.02179163760694, 37.56094533450511], [127.0233349046161, 37.5607443077438]]]}, "properties": {"name": "동화동", "gu": "중구", "total_spaces": 4057}}, {"type": "Feature", "geometry": {"type": "Polygon", "coordinates": [[[127.01105575334302, 37.555530614785404], [127.0138375530308, 37.560152435341635], [127.01645518986427, 37.55929675624365], [127.01779155424369, 37.56000301177601], [127.0188277710502, 37.55965119693175], [127.01886391637164, 37.55842556410623], [127.01946384737668, 37.55733950011758], [127.01800426582791, 37.556655242088226], [127.01741137280258, 37.55598267795851], [127.01697609115298, 37.553809659723406], [127.01630610876533, 37.55301152421703], [127.01545805087223, 37.553963298628766], [127.01449547892393, 37.55443614675299], [127.01353746671286, 37.55364788150874], [127.01253790372138, 37.55394586900098], [127.01272238760815, 37.554292451399974], [127.01195713842111, 37.554777085417165], [127.01219820848429, 37.55512957631865], [127.01105575334302, 37.555530614785404]]]}, "properties": {"name": "청구동", "gu": "중구", "total_spaces": 4799}}, {"type": "Feature", "geometry": {"type": "Polygon", "coordinates": [[[127.01105575334302, 37.555530614785404], [127.01219820848429, 37.55512957631865], [127.01195713842111, 37.554777085417165], [127.01272238760815, 37.554292451399974], [127.01253790372138, 37.55394586900098], [127.01353746671286, 37.55364788150874], [127.01449547892393, 37.55443614675299], [127.01545805087223, 37.553963298628766], [127.01630610876533, 37.55301152421703], [127.0116576231756, 37.548511565039895], [127.01078233361986, 37.5480864816662], [127.00958228417815, 37.548001538654205], [127.00889125363743, 37.54579922260084], [127.01070587839712, 37.5446238641661], [127.00935933659548, 37.5447714986765], [127.00860606504766, 37.54397979962552], [127.00725791515464, 37.54381065528649], [127.00484251816887, 37.54618232745728], [127.00528458198107, 37.54695153576532], [127.00501390027352, 37.54732095060992], [127.00530566107078, 37.54771202821636], [127.00658385766376, 37.54786965379868], [127.00717886874368, 37.548291121799636], [127.00769485005378, 37.550858920685876], [127.0088689529604, 37.55277008015887], [127.01007251371331, 37.5535197922095], [127.01067173271555, 37.554565177763315], [127.01013247457502, 37.5551984455958], [127.010340442968, 37.55532344264019], [127.01074303092291, 37.55485546004298], [127.01105575334302, 37.555530614785404]]]}, "properties": {"name": "약수동", "gu": "중구", "total_spaces": 6293}}, {"type": "Feature", "geometry": {"type": "Polygon", "coordinates": [[[127.01088741914337, 37.56126007859983], [127.01364356789001, 37.56022453458169], [127.01338509859204, 37.559585421379694], [127.01074303092291, 37.55485546004298], [127.010340442968, 37.55532344264019], [127.01013247457502, 37.5551984455958], [127.01067173271555, 37.554565177763315], [127.01007251371331, 37.5535197922095], [127.0088689529604, 37.55277008015887], [127.00820718602219, 37.55181309841757], [127.00760112064398, 37.55068379543438], [127.00717886874368, 37.548291121799636], [127.00658385766376, 37.54786965379868], [127.00530566107078, 37.54771202821636], [127.00589465616856, 37.548204737521374], [127.00471566103158, 37.54834724458768], [127.00422524914342, 37.550375613226635], [127.00439642353199, 37.55070531556932], [127.00377581909535, 37.55190927812035], [127.00452651657014, 37.553934800930925], [127.007265060481, 37.556278681956165], [127.00783377066303, 37.55642534535858], [127.00837035125458, 37.55714075783706], [127.00815643944517, 37.55781341534691], [127.00863419049213, 37.559000723118444], [127.00985807353237, 37.56032847642385], [127.00927543342742, 37.56089867351926], [127.0093641530732, 37.56204686590889], [127.01035944811322, 37.562022863053045], [127.01088741914337, 37.56126007859983]]]}, "properties": {"name": "다산동", "gu": "중구", "total_spaces": 3989}}, {"type": "Feature", "geometry": {"type": "Polygon", "coordinates": [[[127.01751504992538, 37.5702917778486], [127.0180743188471, 37.56556658017483], [127.0162199430903, 37.565351714582825], [127.0159908545466, 37.56412273784489], [127.01371379749936, 37.560364743838136], [127.01088741914337, 37.56126007859983], [127.01035944811322, 37.562022863053045], [127.0093641530732, 37.56204686590889], [127.0095679867443, 37.56302583320767], [127.00992132997054, 37.56300131294975], [127.00998089439018, 37.564264664177166], [127.01059378219273, 37.56503102227559], [127.01050615053708, 37.565765334773666], [127.01193006750312, 37.56610139917753], [127.0117638795632, 37.56781441803441], [127.0097318301137, 37.568591116146365], [127.00993512717409, 37.56931527106201], [127.00964347751685, 37.569317543962526], [127.00958533930826, 37.56978380927378], [127.01583525219084, 37.56981278050534], [127.01751504992538, 37.5702917778486]]]}, "properties": {"name": "신당동", "gu": "중구", "total_spaces": 8278}}, {"type": "Feature", "geometry": {"type": "Polygon", "coordinates": [[[126.97139933365015, 37.55960273008408], [126.96933222154026, 37.559212506711695], [126.9692993376017, 37.557960685167195], [126.96848896605884, 37.55538362986379], [126.96572993450192, 37.55411834231935], [126.96238693872291, 37.551503846007634], [126.961753995062, 37.55234943959504], [126.96171732621576, 37.55380396383516], [126.96215002078283, 37.554147048356896], [126.96170271491079, 37.5553429629726], [126.96205019784257, 37.55532646762248], [126.96309806970835, 37.55642292399973], [126.96321599956362, 37.557150230152565], [126.96291848778473, 37.557293165417555], [126.96303668753738, 37.5581826498874], [126.96161158072371, 37.55845106596409], [126.96166589693536, 37.55906516507446], [126.96375848345832, 37.55934966453299], [126.9669014600634, 37.56130633799526], [126.9695925740396, 37.56201352818319], [126.97139933365015, 37.55960273008408]]]}, "properties": {"name": "중림동", "gu": "중구", "total_spaces": 6861}}, {"type": "Feature", "geometry": {"type": "Polygon", "coordinates": [[[127.02336817930893, 37.5717397407898], [127.02361527185889, 37.565168956618265], [127.02068579717684, 37.56566388607103], [127.0180743188471, 37.56556658017483], [127.01751504992538, 37.5702917778486], [127.02046768145789, 37.571741649736545], [127.02181478170802, 37.571944148077925], [127.02336817930893, 37.5717397407898]]]}, "properties": {"name": "황학동", "gu": "중구", "total_spaces": 6456}}, {"type": "Feature", "geometry": {"type": "Polygon", "coordinates": [[[127.0162199430903, 37.565351714582825], [127.02068579717684, 37.56566388607103], [127.02670557413094, 37.56498982943509], [127.02670750031196, 37.56388217587156], [127.02626525362965, 37.56299366899734], [127.02512459804473, 37.56251356274386], [127.02349494105701, 37.56071781150172], [127.02291009997154, 37.560659354593774], [127.02049625272949, 37.56165902073881], [127.01964603675886, 37.56337694644239], [127.0159908545466, 37.56412273784489], [127.0162199430903, 37.565351714582825]]]}, "properties": {"name": "신당5동", "gu": "중구", "total_spaces": 3261}}, {"type": "Feature", "geometry": {"type": "Polygon", "coordinates": [[[127.00668366932769, 37.56964769742692], [127.00659538917746, 37.569290121611466], [127.0054643410411, 37.56931466044144], [127.0049876677271, 37.56882025816599], [127.00488204325364, 37.56799867256769], [127.00416341085999, 37.56676180271204], [127.0079704115537, 37.56607690476032], [127.01005846115787, 37.56518676432667], [127.00794528534733, 37.565931340157846], [127.00406807869132, 37.566604976496684], [127.00322708740937, 37.565288703595904], [127.00160426442265, 37.565486933441434], [127.00156128872541, 37.565884494711845], [126.99903861452884, 37.56563388120531], [126.99806836781553, 37.565952018454], [126.99666628065106, 37.565440094975195], [126.99604637974187, 37.56574386999011], [126.99538673029362, 37.56544594819413], [126.99541718508674, 37.56500897023808], [126.9950544497878, 37.56508609809841], [126.99444662332824, 37.562969865546336], [126.99142899235157, 37.56329935192434], [126.98876552287543, 37.562855357173596], [126.98859338858908, 37.56524887179076], [126.98913209143043, 37.56523541470335], [126.98910337886177, 37.56560932199553], [126.98979415002128, 37.565789027223325], [126.98976067000454, 37.56613365203784], [126.99140348522134, 37.566216300976535], [126.98973746996705, 37.566335245917614], [126.98968204509424, 37.566767714864106], [126.99082896523528, 37.56682667008531], [126.99086873367128, 37.568243196333206], [126.9966966659119, 37.56870983960279], [127.00162230939338, 37.56959149860107], [127.00668366932769, 37.56964769742692]]]}, "properties": {"name": "을지로동", "gu": "중구", "total_spaces": 5536}}, {"type": "Feature", "geometry": {"type": "Polygon", "coordinates": [[[127.00958533930826, 37.56978380927378], [127.00964347751685, 37.569317543962526], [127.00993512717409, 37.56931527106201], [127.0097318301137, 37.568591116146365], [127.01169261474098, 37.56788960041043], [127.01189550395927, 37.56682557176018], [127.01193006750312, 37.56610139917753], [127.01050615053708, 37.565765334773666], [127.01059378219273, 37.56503102227559], [127.00998089439018, 37.564264664177166], [127.00992132997054, 37.56300131294975], [127.00873131425547, 37.56306840270424], [127.00770289638734, 37.56263936499161], [127.00735032178136, 37.563436758258625], [127.00661836034277, 37.56378986719961], [127.00616893998902, 37.563141173673195], [127.00639276058357, 37.56204139477884], [127.00522417490713, 37.56249953392725], [127.00264519073356, 37.56242666289204], [127.00252583337891, 37.56356528891513], [127.00138921234635, 37.56293741640631], [126.99521462957482, 37.56148834494806], [126.99367586581573, 37.56172617025124], [126.99359389737704, 37.562560706027035], [126.99336345819262, 37.562609118501875], [126.99352292230147, 37.56311030459061], [126.99444662332824, 37.562969865546336], [126.9950544497878, 37.56508609809841], [126.99541718508674, 37.56500897023808], [126.99538673029362, 37.56544594819413], [126.99604637974187, 37.56574386999011], [126.99666628065106, 37.565440094975195], [126.99806836781553, 37.565952018454], [126.99903861452884, 37.56563388120531], [127.00156128872541, 37.565884494711845], [127.00160426442265, 37.565486933441434], [127.00322708740937, 37.565288703595904], [127.00406807869132, 37.566604976496684], [127.00794528534733, 37.565931340157846], [127.01005846115787, 37.56518676432667], [127.0079704115537, 37.56607690476032], [127.00416341085999, 37.56676180271204], [127.00488204325364, 37.56799867256769], [127.0049876677271, 37.56882025816599], [127.0054643410411, 37.56931466044144], [127.00958533930826, 37.56978380927378]]]}, "properties": {"name": "광희동", "gu": "중구", "total_spaces": 9042}}, {"type": "Feature", "geometry": {"type": "Polygon", "coordinates": [[[127.0095679867443, 37.56302583320767], [127.00927543342742, 37.56089867351926], [127.00985807353237, 37.56032847642385], [127.00863419049213, 37.559000723118444], [127.00815643944517, 37.55781341534691], [127.00837035125458, 37.55714075783706], [127.00793227450197, 37.55650896319083], [127.007265060481, 37.556278681956165], [127.00452651657014, 37.553934800930925], [127.00377581909535, 37.55190927812035], [127.00439642353199, 37.55070531556932], [127.00422524914342, 37.550375613226635], [127.00268442803853, 37.54960078617214], [127.00209774729998, 37.5498302616848], [127.00025318047983, 37.549508152005785], [126.99852176267432, 37.54993130503118], [126.99860699900765, 37.54968381616969], [126.99679998961102, 37.54851331390254], [126.99674752164776, 37.547787450632946], [126.99637075726919, 37.547410707765216], [126.99532050273987, 37.54723721645609], [126.9923599579058, 37.55009316631032], [126.99258444768934, 37.550685585095685], [126.99444321259244, 37.55228215423866], [126.9960578346311, 37.55176163621554], [126.99684715063368, 37.552127979137325], [126.99740401649731, 37.551276281976264], [126.99857499195167, 37.55425578041581], [126.99982887554286, 37.554772466682834], [127.00032876381836, 37.55546989557005], [127.00251193653074, 37.55584972106351], [127.00347870407809, 37.55669663967372], [127.00317562630099, 37.55747374817852], [127.00387875016006, 37.55814159496041], [127.003512713129, 37.55882607237597], [127.00216589492068, 37.55819961799661], [126.99998298414498, 37.55903555934057], [127.0006208354423, 37.56004101400168], [127.00049987052428, 37.560368184834], [126.9998177831918, 37.560444197966675], [127.00096921207236, 37.560539375948565], [127.00117310236108, 37.56288025947652], [127.00252583337891, 37.56356528891513], [127.00264519073356, 37.56242666289204], [127.00522417490713, 37.56249953392725], [127.00639276058357, 37.56204139477884], [127.00616893998902, 37.563141173673195], [127.00661836034277, 37.56378986719961], [127.00735032178136, 37.563436758258625], [127.00770289638734, 37.56263936499161], [127.00873131425547, 37.56306840270424], [127.0095679867443, 37.56302583320767]]]}, "properties": {"name": "장충동", "gu": "중구", "total_spaces": 5795}}, {"type": "Feature", "geometry": {"type": "Polygon", "coordinates": [[[126.99051834431509, 37.56119883956184], [126.99028125119823, 37.56317620695393], [126.99142899235157, 37.56329935192434], [126.9929976647364, 37.56322401771971], [126.99347200102733, 37.56300302712116], [126.99367586581573, 37.56172617025124], [126.9948337097425, 37.561411176787004], [127.00117310236108, 37.56288025947652], [127.00096921207236, 37.560539375948565], [126.9998177831918, 37.560444197966675], [127.00049987052428, 37.560368184834], [127.0006208354423, 37.56004101400168], [126.99998298414498, 37.55903555934057], [127.00216589492068, 37.55819961799661], [127.003512713129, 37.55882607237597], [127.00387875016006, 37.55814159496041], [127.00317562630099, 37.55747374817852], [127.00347870407809, 37.55669663967372], [127.00251193653074, 37.55584972106351], [127.00032876381836, 37.55546989557005], [126.99982887554286, 37.554772466682834], [126.99857499195167, 37.55425578041581], [126.99740401649731, 37.551276281976264], [126.99684715063368, 37.552127979137325], [126.9960578346311, 37.55176163621554], [126.99444321259244, 37.55228215423866], [126.99258444768934, 37.550685585095685], [126.9923599579058, 37.55009316631032], [126.99040679505859, 37.5513994355612], [126.9875738903283, 37.55157989630012], [126.98542909468785, 37.55374622450621], [126.98473840254306, 37.5561227718553], [126.98508914048152, 37.55657725805008], [126.98691514034694, 37.55745371075468], [126.98740343192826, 37.55908737724985], [126.98801400037561, 37.559430387841], [126.98854453500783, 37.560389156509885], [126.9879631284882, 37.56106032830843], [126.99051834431509, 37.56119883956184]]]}, "properties": {"name": "필동", "gu": "중구", "total_spaces": 5123}}, {"type": "Feature", "geometry": {"type": "Polygon", "coordinates": [[[126.97537470220855, 37.56931549200561], [126.98269223262425, 37.56889032404962], [126.98659928677395, 37.568213451902785], [126.99086873367128, 37.568243196333206], [126.99082896523528, 37.56682667008531], [126.98968204509424, 37.566767714864106], [126.98973746996705, 37.566335245917614], [126.99140348522134, 37.566216300976535], [126.98976067000454, 37.56613365203784], [126.98979415002128, 37.565789027223325], [126.98910337886177, 37.56560932199553], [126.98913209143043, 37.56523541470335], [126.98859338858908, 37.56524887179076], [126.9885077028892, 37.56473698814083], [126.98876552287543, 37.562855357173596], [126.99031665293631, 37.56296447788958], [126.99051834431509, 37.56119883956184], [126.9879631284882, 37.56106032830843], [126.98854453500783, 37.560389156509885], [126.98801400037561, 37.559430387841], [126.98740343192826, 37.55908737724985], [126.98691514034694, 37.55745371075468], [126.98508914048152, 37.55657725805008], [126.98473840254306, 37.5561227718553], [126.98536409262144, 37.55423838166311], [126.98384183690015, 37.55395998280442], [126.98358272600107, 37.55419898775597], [126.98350043221498, 37.556686271356476], [126.98315210994079, 37.557954642579816], [126.98207417240323, 37.56042290005456], [126.98108736205685, 37.56180096556467], [126.98201272085194, 37.563469359713785], [126.98264838940686, 37.56601053296335], [126.97972282613695, 37.5659987667856], [126.97969911806435, 37.56542410059265], [126.97933434215578, 37.565164435249], [126.97715875358043, 37.56600417834782], [126.97711539652215, 37.56662951175118], [126.97660958691723, 37.56661363882456], [126.97656007624609, 37.567114803195274], [126.97563629399878, 37.56775627695035], [126.97571880955992, 37.56849679473342], [126.97529375170481, 37.56865831584025], [126.97537470220855, 37.56931549200561]]]}, "properties": {"name": "명동", "gu": "중구", "total_spaces": 14405}}, {"type": "Feature", "geometry": {"type": "Polygon", "coordinates": [[[126.98108736205685, 37.56180096556467], [126.98207417240323, 37.56042290005456], [126.98315210994079, 37.557954642579816], [126.98350043221498, 37.556686271356476], [126.98358272600107, 37.55419898775597], [126.98384183690015, 37.55395998280442], [126.98536409262144, 37.55423838166311], [126.98542909468785, 37.55374622450621], [126.98487536792756, 37.55330438084736], [126.98374356293068, 37.553035889649806], [126.98270380955192, 37.5537995995963], [126.9823502112572, 37.55357401354511], [126.98148030312367, 37.55392384761983], [126.98083912317456, 37.55392542643116], [126.980528582127, 37.553403641833995], [126.97888316214198, 37.553548622611025], [126.97876860220434, 37.55405062122065], [126.9769260711542, 37.555056263897164], [126.9765784857009, 37.554863322763005], [126.97665859841389, 37.552708283091285], [126.97585947395883, 37.55337062178444], [126.97424691465365, 37.553572983237146], [126.97221713026458, 37.554429282588316], [126.97189304781976, 37.554312917656], [126.97217207409881, 37.5538881140425], [126.96907280177223, 37.553896876151406], [126.96907578546387, 37.55517234140851], [126.96848896605884, 37.55538362986379], [126.9692993376017, 37.557960685167195], [126.96933222154026, 37.559212506711695], [126.97407486718919, 37.5598263771653], [126.97527331055383, 37.56037822413273], [126.98108736205685, 37.56180096556467]]]}, "properties": {"name": "회현동", "gu": "중구", "total_spaces": 9492}}, {"type": "Feature", "geometry": {"type": "Polygon", "coordinates": [[[126.96904838472192, 37.568194443863966], [126.9711480129287, 37.56882231565337], [126.97166889742391, 37.568325497202125], [126.97259365204731, 37.56847720602128], [126.97268779646416, 37.56925630222672], [126.97537470220855, 37.56931549200561], [126.97529375170481, 37.56865831584025], [126.97571880955992, 37.56849679473342], [126.97563629399878, 37.56775627695035], [126.97656007624609, 37.567114803195274], [126.97660958691723, 37.56661363882456], [126.97711539652215, 37.56662951175118], [126.97715875358043, 37.56600417834782], [126.97933434215578, 37.565164435249], [126.97969911806435, 37.56542410059265], [126.97972282613695, 37.5659987667856], [126.98264838940686, 37.56601053296335], [126.98263364295335, 37.56557664826954], [126.98174657011359, 37.56276288372719], [126.98108736205685, 37.56180096556467], [126.97527331055383, 37.56037822413273], [126.97407486718919, 37.5598263771653], [126.97139933365015, 37.55960273008408], [126.96663704105096, 37.5659325567598], [126.96904838472192, 37.568194443863966]]]}, "properties": {"name": "소공동", "gu": "중구", "total_spaces": 12716}}, {"type": "Feature", "geometry": {"type": "Polygon", "coordinates": [[[126.98913591020546, 37.59130687356439], [126.99145386463627, 37.59137072602403], [126.99237535595672, 37.59193250862996], [126.9943772511553, 37.59124592747706], [126.99563841135536, 37.59223933262542], [126.99648728281794, 37.59202566958337], [126.99853226379771, 37.592506358007064], [127.00094208618138, 37.592392645095316], [127.00191195179718, 37.591248676917814], [127.00150964359283, 37.59020156428561], [127.00233776710611, 37.58915388486221], [127.00419494240782, 37.58795047909333], [127.00429981718861, 37.58708665700944], [127.00593336363639, 37.58690978884837], [127.00652753962369, 37.586128160250766], [127.00644436250268, 37.58564219466642], [127.00686359943525, 37.585307122404174], [127.00733258136307, 37.58320329838389], [127.00646755139975, 37.58318954146519], [127.00583752362101, 37.58459538569554], [127.0060954685003, 37.58497829491085], [127.00593963753151, 37.58530772373423], [127.00539742617589, 37.58520976060271], [127.00417941068928, 37.583997968496554], [127.0029329770058, 37.5839847567743], [127.00172103687761, 37.58313361493776], [127.00194126645059, 37.58177368848703], [127.0009750706977, 37.58174243502936], [127.00094747763926, 37.58142568193231], [126.99984862269129, 37.58113256940325], [126.99785255592411, 37.58133693554238], [126.9974875939204, 37.58192031221259], [126.99649987519187, 37.58102238525761], [126.99602793681943, 37.58328749968173], [126.99399319891566, 37.585640086588306], [126.99328933554571, 37.58692957509632], [126.9922915507669, 37.58719557355713], [126.98941330994916, 37.58697260115356], [126.98929933201428, 37.58727948754647], [126.98830826435945, 37.587469150823985], [126.98804216947714, 37.58859338135748], [126.98839886595921, 37.58934321005666], [126.98929111386275, 37.589934014128126], [126.98913591020546, 37.59130687356439]]]}, "properties": {"name": "혜화동", "gu": "종로구", "total_spaces": 8341}}, {"type": "Feature", "geometry": {"type": "Polygon", "coordinates": [[[126.95789537529481, 37.58381143031121], [126.95780464558072, 37.5849883093245], [126.95886514937592, 37.58595753829341], [126.96171062123508, 37.58667819426105], [126.96223303919734, 37.58698583052813], [126.9623919698538, 37.58753069784997], [126.96317390846748, 37.5878634742968], [126.96423720102455, 37.58913786413832], [126.96411152548785, 37.58998137152], [126.96457454914581, 37.59097260061399], [126.966183432673, 37.591699793642015], [126.96643372322539, 37.592932527738746], [126.96813875733473, 37.59361157607751], [126.96892493066657, 37.593363743533835], [126.97079248093678, 37.59387696084463], [126.97261308410118, 37.59370257346542], [126.97358737342195, 37.59328891835188], [126.97363964752738, 37.59259404646492], [126.97452504839572, 37.59184305639999], [126.975693453167, 37.58968405149353], [126.97616351497133, 37.58967148329872], [126.97699470128879, 37.58844153277594], [126.97897364322083, 37.587178013978246], [126.97944892123058, 37.585620806751514], [126.9789893352321, 37.58441790407028], [126.97994045770515, 37.58282558921778], [126.98030379466515, 37.58098623554592], [126.97974110975487, 37.5791315088327], [126.97959256435821, 37.57597718281367], [126.97859489222523, 37.575616598472294], [126.97433151463369, 37.575749997037484], [126.97381916689666, 37.579372126436404], [126.97135204629608, 37.57951314559686], [126.97184541334988, 37.578115052052965], [126.97092087957847, 37.578432976972024], [126.96990465453604, 37.57930159815188], [126.96941465014962, 37.57812089189218], [126.96806601865376, 37.57824665557582], [126.96829738017419, 37.57905451172565], [126.96745719959557, 37.578975154419176], [126.96739479085242, 37.57967903210987], [126.9661993549844, 37.57934390771938], [126.96281029559361, 37.579448711042616], [126.96267847356303, 37.57986621865355], [126.96154533977686, 37.580157253192056], [126.96067362808395, 37.5807977813242], [126.95967872259034, 37.582495791764075], [126.95789537529481, 37.58381143031121]]]}, "properties": {"name": "청운효자동", "gu": "종로구", "total_spaces": 4270}}, {"type": "Feature", "geometry": {"type": "Polygon", "coordinates": [[[127.01875177929834, 37.57752681411676], [127.01919429026745, 37.57805044726777], [127.02132048332005, 37.57883537600197], [127.02273420765043, 37.578358733713436], [127.02250878112095, 37.578096361625526], [127.02287361293594, 37.57780600952332], [127.02316801743063, 37.57804162025453], [127.02336817930893, 37.5717397407898], [127.02127708133385, 37.571895811200164], [127.01881854318547, 37.57098451004776], [127.01838139282101, 37.57129034603425], [127.01576920438127, 37.57126619462092], [127.01564961699839, 37.57301299883164], [127.01887724619847, 37.573958042109446], [127.01867695082572, 37.574414759351036], [127.01916803878333, 37.57474551822775], [127.01885685312416, 37.576021024291904], [127.01916475814258, 37.577333604056], [127.01875177929834, 37.57752681411676]]]}, "properties": {"name": "숭인2동", "gu": "종로구", "total_spaces": 4590}}, {"type": "Feature", "geometry": {"type": "Polygon", "coordinates": [[[127.01495048196315, 37.58213078560885], [127.01678635400512, 37.58153647469908], [127.01756040840755, 37.57973805959901], [127.01823403707786, 37.579098828814125], [127.01802712371494, 37.57770204698445], [127.01916475814258, 37.577333604056], [127.01885685312416, 37.576021024291904], [127.01916803878333, 37.57474551822775], [127.01867695082572, 37.574414759351036], [127.01887724619847, 37.573958042109446], [127.01564961699839, 37.57301299883164], [127.01576518943685, 37.57525897749201], [127.01499657340271, 37.58169718076498], [127.01465025626106, 37.5819323208752], [127.01495048196315, 37.58213078560885]]]}, "properties": {"name": "숭인1동", "gu": "종로구", "total_spaces": 1908}}, {"type": "Feature", "geometry": {"type": "Polygon", "coordinates": [[[127.01280108473743, 37.581317307433224], [127.01495048196315, 37.58213078560885], [127.01465025626106, 37.5819323208752], [127.01499657340271, 37.58169718076498], [127.01547769726544, 37.576810398939365], [127.01368475013018, 37.57639980356536], [127.01345204224145, 37.57571817429053], [127.0124687231845, 37.5754178466875], [127.01163690692339, 37.57576029601909], [127.01208595808558, 37.576679263461266], [127.01130261439808, 37.57719317508598], [127.01209751281692, 37.5770849881072], [127.01179019784227, 37.57787000003469], [127.01090656863609, 37.5785705907907], [127.0111493246352, 37.57909539595477], [127.01048012966334, 37.58033543132255], [127.01138293976257, 37.5813700858275], [127.01280108473743, 37.581317307433224]]]}, "properties": {"name": "창신3동", "gu": "종로구", "total_spaces": 1448}}, {"type": "Feature", "geometry": {"type": "Polygon", "coordinates": [[[127.00884142503578, 37.5804526725692], [127.01048012966334, 37.58033543132255], [127.0111493246352, 37.57909539595477], [127.01090656863609, 37.5785705907907], [127.01179019784227, 37.57787000003469], [127.01209751281692, 37.5770849881072], [127.01130261439808, 37.57719317508598], [127.01208595808558, 37.576679263461266], [127.01163690692339, 37.57576029601909], [127.0126494882566, 37.575381508738296], [127.01279617699342, 37.5745798977407], [127.01122236953876, 37.57356727146689], [127.01261186130272, 37.57212951081383], [127.00972684257657, 37.57149229782613], [127.00958631009323, 37.57222520470476], [127.00883624798792, 37.57273937963428], [127.00892947758861, 37.574702400173415], [127.00840443406003, 37.57584950127498], [127.00866544941991, 37.577075109647666], [127.00802773843249, 37.57856093006658], [127.00884142503578, 37.5804526725692]]]}, "properties": {"name": "창신2동", "gu": "종로구", "total_spaces": 1224}}, {"type": "Feature", "geometry": {"type": "Polygon", "coordinates": [[[127.0126494882566, 37.575381508738296], [127.01345204224145, 37.57571817429053], [127.01368475013018, 37.57639980356536], [127.01547769726544, 37.576810398939365], [127.01576518943685, 37.57525897749201], [127.01576920438127, 37.57126619462092], [127.01838139282101, 37.57129034603425], [127.01881854318547, 37.57098451004776], [127.01600575302575, 37.56982374049889], [127.00958533930826, 37.56978380927378], [127.01028894649613, 37.57159052138686], [127.01261186130272, 37.57212951081383], [127.0112161868076, 37.57362808862737], [127.01279617699342, 37.5745798977407], [127.0126494882566, 37.575381508738296]]]}, "properties": {"name": "창신1동", "gu": "종로구", "total_spaces": 2602}}, {"type": "Feature", "geometry": {"type": "Polygon", "coordinates": [[[126.99649987519187, 37.58102238525761], [126.9974875939204, 37.58192031221259], [126.99785255592411, 37.58133693554238], [126.99984862269129, 37.58113256940325], [127.00094747763926, 37.58142568193231], [127.0009750706977, 37.58174243502936], [127.00194126645059, 37.58177368848703], [127.00172103687761, 37.58313361493776], [127.0029329770058, 37.5839847567743], [127.00417941068928, 37.583997968496554], [127.00539742617589, 37.58520976060271], [127.00593963753151, 37.58530772373423], [127.0060954685003, 37.58497829491085], [127.00583752362101, 37.58459538569554], [127.00646755139975, 37.58318954146519], [127.00733258136307, 37.58320329838389], [127.0070420325057, 37.582078769115434], [127.00884673607173, 37.58049659532604], [127.00802773843249, 37.57856093006658], [127.00861394169586, 37.576708805252316], [127.00777977187786, 37.57678768879581], [127.00131543344204, 37.57494533601898], [127.00118559999619, 37.57606255979183], [126.99967769640136, 37.575897271086845], [126.99885676585758, 37.576717435182424], [126.99718344766976, 37.57693221466514], [126.99649987519187, 37.58102238525761]]]}, "properties": {"name": "이화동", "gu": "종로구", "total_spaces": 7060}}, {"type": "Feature", "geometry": {"type": "Polygon", "coordinates": [[[126.99938425325752, 37.575854187700116], [127.00118559999619, 37.57606255979183], [127.00131543344204, 37.57494533601898], [127.00777977187786, 37.57678768879581], [127.00861394169586, 37.576708805252316], [127.00840443406003, 37.57584950127498], [127.00892947758861, 37.574702400173415], [127.00883624798792, 37.57273937963428], [127.00958631009323, 37.57222520470476], [127.00972684257657, 37.57149229782613], [127.01028894649613, 37.57159052138686], [127.00970782215664, 37.57062143809223], [127.00986960117916, 37.57012869898041], [127.00958533930826, 37.56978380927378], [127.00162230939338, 37.56959149860107], [126.99805615602357, 37.573781322409744], [126.99796910881659, 37.5742991060069], [126.99866422557962, 37.57450494415211], [126.99938425325752, 37.575854187700116]]]}, "properties": {"name": "종로5·6가동", "gu": "종로구", "total_spaces": 5210}}, {"type": "Feature", "geometry": {"type": "Polygon", "coordinates": [[[126.98830826435945, 37.587469150823985], [126.98929933201428, 37.58727948754647], [126.98941330994916, 37.58697260115356], [126.9922915507669, 37.58719557355713], [126.99328933554571, 37.58692957509632], [126.99399319891566, 37.585640086588306], [126.99587437294491, 37.583507670876465], [126.99654211577955, 37.581573678012816], [126.99641180849119, 37.58064593812957], [126.99718344766976, 37.57693221466514], [126.99885676585758, 37.576717435182424], [126.99967769640136, 37.575897271086845], [126.99938425325752, 37.575854187700116], [126.99866422557962, 37.57450494415211], [126.99796910881659, 37.5742991060069], [126.99805615602357, 37.573781322409744], [127.00162230939338, 37.56959149860107], [126.9966966659119, 37.56870983960279], [126.98890576314709, 37.56810841782614], [126.98269223262425, 37.56889032404962], [126.97703444018738, 37.569194496034086], [126.97697387822461, 37.57157703336708], [126.97778443680726, 37.57169320126643], [126.9769681757796, 37.57170683072454], [126.97731815910498, 37.57184008022749], [126.97730354699199, 37.572722200423456], [126.97688887714685, 37.57565088657163], [126.97859489222523, 37.575616598472294], [126.97959256435821, 37.57597718281367], [126.9831467341434, 37.57552645118981], [126.98665763314042, 37.57720644144252], [126.98930024112155, 37.577387223458004], [126.98918399045894, 37.58083461130259], [126.98956075675451, 37.580919399094434], [126.98977422341564, 37.582313978233145], [126.98891964138515, 37.584414032017534], [126.98890015844911, 37.58560361259313], [126.98796328823009, 37.58555226516992], [126.98773745154371, 37.58709940001845], [126.98830826435945, 37.587469150823985]]]}, "properties": {"name": "종로1·2·3·4가동", "gu": "종로구", "total_spaces": 12033}}, {"type": "Feature", "geometry": {"type": "Polygon", "coordinates": [[[126.98907503627167, 37.591394431613566], [126.98929111386275, 37.589934014128126], [126.98897196539554, 37.58991342691688], [126.98810581727376, 37.58881581930637], [126.98833955973771, 37.587567136472984], [126.98773745154371, 37.58709940001845], [126.98796328823009, 37.58555226516992], [126.98890015844911, 37.58560361259313], [126.98891964138515, 37.584414032017534], [126.98977422341564, 37.582313978233145], [126.98956075675451, 37.580919399094434], [126.98918399045894, 37.58083461130259], [126.98930024112155, 37.577387223458004], [126.98665763314042, 37.57720644144252], [126.98553329941656, 37.57667386759727], [126.9853306067352, 37.577425319364195], [126.98463971704986, 37.57734216287988], [126.9840346965157, 37.57843367660923], [126.98429918940604, 37.57899373499541], [126.98378397328187, 37.57949736651901], [126.98399330155951, 37.58146774234951], [126.98299176176795, 37.58205689068228], [126.98288318569334, 37.58332641921858], [126.98368689530747, 37.58380519211758], [126.98349519303463, 37.58430577325013], [126.98371421407893, 37.58497028346418], [126.9853372099662, 37.58614574018219], [126.98595699540924, 37.58741818384198], [126.98620999974634, 37.589016057837306], [126.98907503627167, 37.591394431613566]]]}, "properties": {"name": "가회동", "gu": "종로구", "total_spaces": 2591}}, {"type": "Feature", "geometry": {"type": "Polygon", "coordinates": [[[126.96284092383694, 37.57666157504816], [126.96359076663468, 37.575536992373955], [126.96402758488524, 37.57356734855027], [126.96527811498936, 37.57278444307714], [126.96601095562212, 37.57154834182117], [126.96667786000629, 37.5713238566975], [126.9667527648262, 37.57075175153386], [126.96572843969801, 37.57018382310015], [126.96697662594735, 37.56933642149924], [126.96792116122965, 37.56916381697668], [126.96904838472192, 37.568194443863966], [126.96663704105096, 37.5659325567598], [126.95957068122603, 37.572961061285206], [126.96007846706448, 37.573311781041134], [126.96040336642703, 37.5730235786555], [126.96068147564621, 37.573230057618176], [126.96080539345758, 37.57401001761036], [126.96182750268025, 37.57478211756023], [126.96211088713135, 37.57641018350971], [126.96284092383694, 37.57666157504816]]]}, "properties": {"name": "교남동", "gu": "종로구", "total_spaces": 5938}}, {"type": "Feature", "geometry": {"type": "Polygon", "coordinates": [[[126.96281029559361, 37.579448711042616], [126.96162591788503, 37.57898825051818], [126.96184914249447, 37.57766866185358], [126.96289521073082, 37.57737731425468], [126.9628907747578, 37.576719310843515], [126.96211088713135, 37.57641018350971], [126.96182750268025, 37.57478211756023], [126.96080539345758, 37.57401001761036], [126.96068147564621, 37.573230057618176], [126.96040336642703, 37.5730235786555], [126.96007846706448, 37.573311781041134], [126.95957068122603, 37.572961061285206], [126.95626847898207, 37.57584722433911], [126.95355602538422, 37.578875721545735], [126.95545520628411, 37.57896995521618], [126.95574651262228, 37.57930371508738], [126.955794815861, 37.58072926318067], [126.9565178589291, 37.58087904842188], [126.95645764887631, 37.5812833430165], [126.95700194703717, 37.581583127421865], [126.95826879386544, 37.5816970662905], [126.95910646062632, 37.58156700878076], [126.96154533977686, 37.580157253192056], [126.96267847356303, 37.57986621865355], [126.96281029559361, 37.579448711042616]]]}, "properties": {"name": "무악동", "gu": "종로구", "total_spaces": 3269}}, {"type": "Feature", "geometry": {"type": "Polygon", "coordinates": [[[126.97178600727493, 37.632285204797846], [126.9744564087817, 37.63187702855394], [126.97623408804624, 37.63101163885491], [126.97645315235303, 37.62965402333634], [126.97589567350924, 37.628861605312714], [126.97821334213644, 37.62843581018916], [126.97952401305812, 37.629202175433626], [126.980508210826, 37.62905453794746], [126.98049682065465, 37.62864543517625], [126.97966650869844, 37.62797461807448], [126.97943776724567, 37.62695646906749], [126.9796891382691, 37.62625093645187], [126.97920855559238, 37.624571364555905], [126.98087016183919, 37.62275225109997], [126.98137362273955, 37.621733667680935], [126.98148324021297, 37.620845376288294], [126.98208452719321, 37.6199228167851], [126.9818006301352, 37.619305316593035], [126.98201918199688, 37.61871267671492], [126.98293687566871, 37.6178253589461], [126.98280584044896, 37.616693762777906], [126.98669707569489, 37.61468372037144], [126.9870680512621, 37.61355190875111], [126.98683931017763, 37.613143060245086], [126.98695961852435, 37.61057471462526], [126.98627154177083, 37.60993859089521], [126.98590068699426, 37.60713592508549], [126.98774121798424, 37.60121557154006], [126.98637476220196, 37.60007960207715], [126.98490862357457, 37.59943886195681], [126.98156655864933, 37.599143553772905], [126.98156691001162, 37.59716505005236], [126.98201152781185, 37.59584321205355], [126.98268935600902, 37.595065378704], [126.98071982009492, 37.59506476651971], [126.97873408553475, 37.59596735485582], [126.97400550860705, 37.596943633315604], [126.97367512028852, 37.597104325137536], [126.97418697242536, 37.59760899567736], [126.97410315071143, 37.59797162217256], [126.97310449824923, 37.599021594969244], [126.97013620162113, 37.5999480113114], [126.96714598149599, 37.600292930713024], [126.96566413970854, 37.601370009459224], [126.9640146267297, 37.603983191957184], [126.96325551554986, 37.604002094178895], [126.96269846585132, 37.605064508650834], [126.96282276773904, 37.60558655620745], [126.96269596245932, 37.60579571142513], [126.96222854914451, 37.60562211762685], [126.96152172334831, 37.6071028699228], [126.95971600970363, 37.60565363350547], [126.95970407168649, 37.60485231796321], [126.95857723541437, 37.60459034685128], [126.95873658163462, 37.603810210046326], [126.95815441304016, 37.60353153760545], [126.95695270753956, 37.60453455942407], [126.95611786190824, 37.60425127637826], [126.95401006890195, 37.60480145391488], [126.95377164812889, 37.605466113853005], [126.95281904098867, 37.60586638024339], [126.95262466876304, 37.60679937968658], [126.95188810734481, 37.6071881839368], [126.95132572251019, 37.60827728976206], [126.9506569807264, 37.60830910094118], [126.95037697571067, 37.60787847946129], [126.94978176501306, 37.6088006003535], [126.95002757535778, 37.610318299083616], [126.95063393692963, 37.610964453295274], [126.95098358435195, 37.612057888282706], [126.9506747831964, 37.615430803882134], [126.9493556133083, 37.61772069009563], [126.95073489780427, 37.61889678965991], [126.95068642873424, 37.61990136181985], [126.95096927705323, 37.61986122076613], [126.95181552286734, 37.621330740928876], [126.95109301602741, 37.62191776070802], [126.95171635684318, 37.62432842774889], [126.9521716148673, 37.62482303151385], [126.95419932544424, 37.62531348807635], [126.95675301084701, 37.62536572770327], [126.95954233023545, 37.628482451506486], [126.96099268860424, 37.628517308371244], [126.96518972941752, 37.62944780967599], [126.9661790232446, 37.63056673150446], [126.96676351706752, 37.63055029332386], [126.96762943102554, 37.629809208676726], [126.96925206086824, 37.6302232691059], [126.97178600727493, 37.632285204797846]]]}, "properties": {"name": "평창동", "gu": "종로구", "total_spaces": 9783}}, {"type": "Feature", "geometry": {"type": "Polygon", "coordinates": [[[126.95312127097529, 37.605597336071405], [126.95377164812889, 37.605466113853005], [126.95378274003198, 37.604999859903565], [126.95462705584008, 37.604572231661194], [126.95611786190824, 37.60425127637826], [126.95697182195275, 37.604527809270586], [126.95824924969872, 37.60354227158208], [126.95873658163462, 37.603810210046326], [126.95857723541437, 37.60459034685128], [126.95970407168649, 37.60485231796321], [126.95971600970363, 37.60565363350547], [126.96152172334831, 37.6071028699228], [126.96222854914451, 37.60562211762685], [126.96269596245932, 37.60579571142513], [126.96282276773904, 37.60558655620745], [126.96269846585132, 37.605064508650834], [126.96325551554986, 37.604002094178895], [126.9640146267297, 37.603983191957184], [126.96616033384501, 37.60088447291836], [126.96714598149599, 37.600292930713024], [126.97013620162113, 37.5999480113114], [126.97310449824923, 37.599021594969244], [126.97410315071143, 37.59797162217256], [126.97418697242536, 37.59760899567736], [126.97367512028852, 37.597104325137536], [126.97585119650662, 37.59656422811076], [126.97503794212737, 37.595813697770446], [126.97515065700654, 37.59477646508698], [126.97342214894297, 37.59323538319066], [126.97189735607242, 37.59389667076094], [126.97079248093678, 37.59387696084463], [126.96892493066657, 37.593363743533835], [126.96804393576001, 37.59359212175003], [126.96643372322539, 37.592932527738746], [126.966183432673, 37.591699793642015], [126.96457454914581, 37.59097260061399], [126.96411152548785, 37.58998137152], [126.96423720102455, 37.58913786413832], [126.96317390846748, 37.5878634742968], [126.9623919698538, 37.58753069784997], [126.96223303919734, 37.58698583052813], [126.96171062123508, 37.58667819426105], [126.95886514937592, 37.58595753829341], [126.95780464558072, 37.5849883093245], [126.95789537529481, 37.58381143031121], [126.9567011327811, 37.58469254117117], [126.95845120667852, 37.59054114976663], [126.95832611452238, 37.59148263305995], [126.95632915657518, 37.5951497363343], [126.95628849733849, 37.595971023972375], [126.957135430941, 37.59838710811812], [126.95673132550024, 37.59866457102023], [126.95409330967246, 37.598550917596135], [126.9527493477046, 37.60040611411475], [126.95280199862442, 37.602694632801075], [126.95320115536374, 37.60301183022239], [126.95353657491793, 37.60449380206436], [126.95312127097529, 37.605597336071405]]]}, "properties": {"name": "부암동", "gu": "종로구", "total_spaces": 3112}}, {"type": "Feature", "geometry": {"type": "Polygon", "coordinates": [[[126.97585119650662, 37.59656422811076], [126.97873408553475, 37.59596735485582], [126.98071982009492, 37.59506476651971], [126.98268935600902, 37.595065378704], [126.98386814458945, 37.59385035839983], [126.98575931773262, 37.59279394028992], [126.98947586553666, 37.59179484825216], [126.98620999974634, 37.589016057837306], [126.98595699540924, 37.58741818384198], [126.9853372099662, 37.58614574018219], [126.98371421407893, 37.58497028346418], [126.98349519303463, 37.58430577325013], [126.98368689530747, 37.58380519211758], [126.98291835558021, 37.58345819395642], [126.98299176176795, 37.58205689068228], [126.98399330155951, 37.58146774234951], [126.98378397328187, 37.57949736651901], [126.98429918940604, 37.57899373499541], [126.9840346965157, 37.57843367660923], [126.98463971704986, 37.57734216287988], [126.9853306067352, 37.577425319364195], [126.98553329941656, 37.57667386759727], [126.9831467341434, 37.57552645118981], [126.97959256435821, 37.57597718281367], [126.97974110975487, 37.5791315088327], [126.98030379466515, 37.58098623554592], [126.97994045770515, 37.58282558921778], [126.9789893352321, 37.58441790407028], [126.97944892123058, 37.585620806751514], [126.97897364322083, 37.587178013978246], [126.97699470128879, 37.58844153277594], [126.97616351497133, 37.58967148329872], [126.975693453167, 37.58968405149353], [126.97452504839572, 37.59184305639999], [126.97363964752738, 37.59259404646492], [126.97356770566178, 37.59336774982899], [126.97515065700654, 37.59477646508698], [126.97503794212737, 37.595813697770446], [126.97585119650662, 37.59656422811076]]]}, "properties": {"name": "삼청동", "gu": "종로구", "total_spaces": 2157}}, {"type": "Feature", "geometry": {"type": "Polygon", "coordinates": [[[126.96284092383694, 37.57666157504816], [126.96289521073082, 37.57737731425468], [126.96184914249447, 37.57766866185358], [126.96162591788503, 37.57898825051818], [126.96281029559361, 37.579448711042616], [126.9661993549844, 37.57934390771938], [126.96739479085242, 37.57967903210987], [126.96745719959557, 37.578975154419176], [126.96829738017419, 37.57905451172565], [126.96806601865376, 37.57824665557582], [126.96941465014962, 37.57812089189218], [126.96990465453604, 37.57930159815188], [126.97092087957847, 37.578432976972024], [126.97184541334988, 37.578115052052965], [126.97135204629608, 37.57951314559686], [126.97381916689666, 37.579372126436404], [126.97433151463369, 37.575749997037484], [126.97688887714685, 37.57565088657163], [126.97730354699199, 37.572722200423456], [126.97731815910498, 37.57184008022749], [126.9769681757796, 37.57170683072454], [126.97778443680726, 37.57169320126643], [126.97697387822461, 37.57157703336708], [126.97703444018738, 37.569194496034086], [126.97268779646416, 37.56925630222672], [126.97259365204731, 37.56847720602128], [126.97192658452107, 37.568328940775714], [126.9711480129287, 37.56882231565337], [126.96956852921477, 37.56821035306083], [126.96945081382921, 37.56844851990512], [126.96913435709793, 37.56815420456483], [126.96854493250528, 37.56842771659104], [126.96792116122965, 37.56916381697668], [126.96697662594735, 37.56933642149924], [126.96572843969801, 37.57018382310015], [126.9667527648262, 37.57075175153386], [126.96667786000629, 37.5713238566975], [126.96601095562212, 37.57154834182117], [126.96527811498936, 37.57278444307714], [126.96402758488524, 37.57356734855027], [126.96359076663468, 37.575536992373955], [126.96284092383694, 37.57666157504816]]]}, "properties": {"name": "사직동", "gu": "종로구", "total_spaces": 14003}}]}