{"type": "FeatureCollection", "features": [{"type": "Feature", "geometry": {"type": "Polygon", "coordinates": [[[127.11308335990931, 37.560331249663754], [127.11548274716962, 37.55985115241126], [127.11668270580563, 37.56002061294688], [127.11935559142435, 37.56265787308282], [127.1222391894481, 37.56424013669468], [127.13382481238813, 37.568445191021354], [127.14718979200568, 37.57171946896125], [127.15299397623025, 37.5737331908412], [127.16471449258262, 37.579521047829914], [127.16827043799083, 37.5792618317353], [127.17395299695212, 37.57958196497775], [127.17766725185308, 37.58083476375414], [127.17662631142915, 37.578975214339636], [127.1755098278876, 37.57837968057115], [127.17535958638693, 37.5772863304318], [127.17605921605059, 37.57427882024493], [127.17783435493419, 37.57210677609124], [127.17782294697071, 37.57146906350523], [127.17923301879824, 37.56881748481333], [127.17976291763992, 37.565038733279806], [127.1819691972661, 37.560941236329754], [127.18138951038193, 37.552852366688775], [127.18314573954865, 37.551685430934825], [127.18269039935257, 37.54809681164641], [127.18282566191552, 37.54656351264066], [127.18355179936896, 37.54582639890677], [127.18331509652941, 37.545407802905835], [127.18152957638112, 37.54521372800604], [127.18013113429168, 37.546443732717535], [127.17904634033823, 37.546641333947115], [127.17559061263307, 37.54521446646978], [127.17231961671956, 37.545577386628814], [127.16955651591526, 37.54481691631767], [127.1671686962983, 37.54527557189159], [127.16664543330205, 37.54443359664938], [127.16618711215604, 37.54425431998443], [127.16319297348345, 37.54501866825272], [127.16040241641528, 37.54159784434128], [127.15703640678123, 37.5384806700215], [127.15673133425335, 37.53757613742942], [127.1552273703266, 37.53636289112737], [127.15455688663697, 37.53492555261498], [127.1535524627245, 37.53399657495706], [127.15357187861851, 37.53102102065762], [127.15326493429676, 37.529331208239576], [127.14958218363552, 37.52588254228978], [127.14949163327462, 37.52514215124766], [127.14770018644634, 37.52207114641944], [127.14580011199288, 37.52198985913657], [127.1447314960085, 37.51941684833863], [127.14503430528258, 37.5170392611304], [127.14461315674656, 37.51696009028716], [127.11911894038757, 37.52808453794649], [127.12040210549736, 37.53031968887502], [127.12321145321381, 37.53852853388192], [127.11850034248997, 37.54093021523939], [127.10956441552052, 37.54346995291431], [127.1120718502943, 37.54754546274913], [127.11244447368281, 37.54950730253723], [127.11388950996786, 37.55333035911563], [127.11389689046953, 37.558598889570554], [127.11308335990931, 37.560331249663754]]]}, "properties": {"name": "강동구", "total_spaces": 215856}}, {"type": "Feature", "geometry": {"type": "Polygon", "coordinates": [[[127.066961842132, 37.52508128214817], [127.07285460803065, 37.52371258131441], [127.07758024282315, 37.52357504653593], [127.08428502569146, 37.524420289293474], [127.0906709728779, 37.52606389877456], [127.09225086686064, 37.526786025258595], [127.0987643259135, 37.527642980888146], [127.1027300093347, 37.53400432482909], [127.10956441552052, 37.54346995291431], [127.11850034248997, 37.54093021523939], [127.12321145321381, 37.53852853388192], [127.12040210549736, 37.53031968887502], [127.11911894038757, 37.52808453794649], [127.14540811063434, 37.51648582039208], [127.14539870229767, 37.51609615127609], [127.14458774176545, 37.51559004469494], [127.13970241183513, 37.51552349955064], [127.14021737247407, 37.51492204445478], [127.142513127511, 37.514333116072706], [127.1434048749369, 37.513743303778156], [127.14352447000802, 37.512688994693484], [127.14206150526067, 37.51279041705552], [127.14180321815566, 37.51236838212898], [127.14112537467929, 37.51232357225148], [127.13997203830087, 37.5085939594911], [127.14038793404683, 37.50767811481698], [127.14128323565069, 37.5069427464114], [127.14089119855252, 37.506710639728], [127.14075137858153, 37.50592947115726], [127.14113537835017, 37.50545402347091], [127.14437215777652, 37.50438782155907], [127.14560358614536, 37.50343042405093], [127.14768614272639, 37.503269909549026], [127.15012276165318, 37.50450968291749], [127.15189616844177, 37.50315284550705], [127.1564712113501, 37.50190074098958], [127.15761696754879, 37.50308826781209], [127.15786914648864, 37.503011349542426], [127.1587470483592, 37.50167079521372], [127.16055256430569, 37.501145236679825], [127.16137816046206, 37.50025072678813], [127.16137626847774, 37.499611865527974], [127.1606230399075, 37.49854970466209], [127.16055068978609, 37.497511683217105], [127.15988275967426, 37.496831482010855], [127.1599772557976, 37.494222401270065], [127.15858111226906, 37.492300632799854], [127.15828706708784, 37.49058828010232], [127.157499741071, 37.490056606256985], [127.15680643051176, 37.488933522596135], [127.15486272082673, 37.48818851306797], [127.15266845196496, 37.48801874277482], [127.15181755532896, 37.48764563174963], [127.15064810172184, 37.48370326678411], [127.14959574293513, 37.48138592135022], [127.14938678448073, 37.47844103568956], [127.1464611237043, 37.47662182200819], [127.14204510201303, 37.47650045293499], [127.14170386222438, 37.47453554797231], [127.14076727693518, 37.47470728262667], [127.14000863909246, 37.4741529316808], [127.13994652155014, 37.47370644529336], [127.13900713925514, 37.47340852191348], [127.13420213054059, 37.4749552916704], [127.13310621914769, 37.47574742793152], [127.13070252801043, 37.47538264037345], [127.13096169938399, 37.471716122255735], [127.13068769511003, 37.47179300730057], [127.13064856451986, 37.471430114975064], [127.13231735552594, 37.470999177118316], [127.13539546915443, 37.46927931972352], [127.13266751007096, 37.46790412572675], [127.12873071382185, 37.4679087108014], [127.12498008667946, 37.46952829990656], [127.12518491454883, 37.46702442331817], [127.12229332648894, 37.465213581316995], [127.12226569835231, 37.46736306589962], [127.12053779560677, 37.470378392497814], [127.11169550008239, 37.48244040305673], [127.11103551463843, 37.48293487780935], [127.1122758580177, 37.48353851851812], [127.11063823381306, 37.485627548320785], [127.10995661503846, 37.487313328254686], [127.10905943442991, 37.48851473107674], [127.10568262806294, 37.4914147527744], [127.10222040915315, 37.49353397726183], [127.09674058779517, 37.495830719429925], [127.07839330254085, 37.500636270196345], [127.07437248775034, 37.50141733718399], [127.07121248974167, 37.50351603549157], [127.0700194389252, 37.50477587798689], [127.06942367196955, 37.50645489338375], [127.0687443195758, 37.510334920118254], [127.0684631042977, 37.51028439874034], [127.06715834978529, 37.51998041425103], [127.06649636747352, 37.52092992270274], [127.066961842132, 37.52508128214817]]]}, "properties": {"name": "송파구", "total_spaces": 332417}}, {"type": "Feature", "geometry": {"type": "Polygon", "coordinates": [[[127.05656652273345, 37.52910107819281], [127.066961842132, 37.52508128214817], [127.06649636747352, 37.52092992270274], [127.06715834978529, 37.51998041425103], [127.0684631042977, 37.51028439874034], [127.0687443195758, 37.510334920118254], [127.06980656836785, 37.50504432965601], [127.07121248974167, 37.50351603549157], [127.07437248775034, 37.50141733718399], [127.07839330254085, 37.500636270196345], [127.09674058779517, 37.495830719429925], [127.10364711666026, 37.49273311555252], [127.10568262806294, 37.4914147527744], [127.10905943442991, 37.48851473107674], [127.11016984613549, 37.486939780344194], [127.11063823381306, 37.485627548320785], [127.1122758580177, 37.48353851851812], [127.11103551463843, 37.48293487780935], [127.11169550008239, 37.48244040305673], [127.11960529088846, 37.47168240324097], [127.12230152533255, 37.46723604413534], [127.12240254634598, 37.465585696749514], [127.121463226746, 37.46433538503813], [127.11718027819549, 37.46182247459078], [127.11674721922972, 37.458594204580535], [127.11560176987348, 37.45859503428793], [127.11364388301682, 37.45973780513957], [127.11287834282737, 37.46048467330263], [127.11339685475288, 37.46107124423488], [127.10630697543542, 37.462538215018625], [127.10559580583978, 37.46219223842812], [127.10432381092619, 37.46216660324222], [127.10481603945408, 37.46114747603686], [127.10403520098343, 37.46059516450482], [127.10350193983517, 37.45962535661961], [127.10043934851832, 37.45903836484349], [127.09983472160805, 37.45935957074866], [127.09813652514207, 37.458704927218754], [127.09684828629207, 37.459607541245695], [127.09599591498787, 37.462499042195056], [127.09501662657856, 37.46365732979505], [127.09336017074763, 37.46439632576608], [127.0921008827389, 37.46556156366986], [127.09126991432076, 37.467062931939424], [127.09031340600241, 37.46698509828334], [127.08925932839324, 37.46805188538108], [127.0882867937072, 37.468329098893555], [127.08787618281897, 37.469750732338696], [127.08621178472372, 37.470363492823836], [127.0851985506832, 37.4715619855339], [127.08449151940583, 37.47287203536549], [127.08516188379079, 37.47527329758327], [127.08429535367445, 37.47550563432279], [127.08035096230813, 37.47488551376561], [127.07716252395456, 37.47500951479473], [127.07594354829104, 37.47379506171015], [127.07391323505138, 37.47285815399356], [127.07265317898799, 37.47479945364817], [127.07125652758147, 37.474668233005666], [127.06980840418512, 37.47523192376513], [127.06924369919378, 37.47388581313004], [127.06253196024187, 37.472842616773], [127.06216320952454, 37.46964677979386], [127.06161175091738, 37.46895863863706], [127.05896000682755, 37.46915282844314], [127.05760603727309, 37.46900227921615], [127.05620669319799, 37.46838518460868], [127.0555938875915, 37.46875375180611], [127.05452725016116, 37.46852645015539], [127.05381081711383, 37.46873118453521], [127.05164311711283, 37.47012698977829], [127.05007002588634, 37.47009949024159], [127.0495806539947, 37.47048740326312], [127.05105760346525, 37.4714914118107], [127.04502997306203, 37.477286668947535], [127.04134596774173, 37.485570425072645], [127.0341145460525, 37.484564365003635], [127.02137483823323, 37.511029254717066], [127.02037713902124, 37.51073208918566], [127.02130807196949, 37.511167794217855], [127.01930781347787, 37.51613739052567], [127.01951497134908, 37.51621901193012], [127.0190251678852, 37.51823703526188], [127.0176092146711, 37.522090119327714], [127.01460235633863, 37.525508640866676], [127.01186818215214, 37.52784108048853], [127.02005927249353, 37.53456261977904], [127.02485652280284, 37.53764767090113], [127.02985695484544, 37.538864325016135], [127.04596165163977, 37.53250285526803], [127.04693177963165, 37.534205645626244], [127.04905847523659, 37.532552048637605], [127.05656652273345, 37.52910107819281]]]}, "properties": {"name": "강남구", "total_spaces": 454436}}, {"type": "Feature", "geometry": {"type": "Polygon", "coordinates": [[[127.01186818215214, 37.52784108048853], [127.01460235633863, 37.525508640866676], [127.0176092146711, 37.522090119327714], [127.0190251678852, 37.51823703526188], [127.01951497134908, 37.51621901193012], [127.01930781347787, 37.51613739052567], [127.02130807196949, 37.511167794217855], [127.02037713902124, 37.51073208918566], [127.02137483823323, 37.511029254717066], [127.0341145460525, 37.484564365003635], [127.04134596774173, 37.485570425072645], [127.04502997306203, 37.477286668947535], [127.05105760346525, 37.4714914118107], [127.0495806539947, 37.47048740326312], [127.05007002588634, 37.47009949024159], [127.05164311711283, 37.47012698977829], [127.05452725016116, 37.46852645015539], [127.0555938875915, 37.46875375180611], [127.0567486094556, 37.46842012801819], [127.05721806726349, 37.468874632863525], [127.05896000682755, 37.46915282844314], [127.06161175091738, 37.46895863863706], [127.06216320952454, 37.46964677979386], [127.06253196024187, 37.472842616773], [127.06924369919378, 37.47388581313004], [127.06980840418512, 37.47523192376513], [127.07125652758147, 37.474668233005666], [127.07265317898799, 37.47479945364817], [127.07391323505138, 37.47285815399356], [127.07594354829104, 37.47379506171015], [127.07716252395456, 37.47500951479473], [127.08035096230813, 37.47488551376561], [127.08429535367445, 37.47550563432279], [127.08516188379079, 37.47527329758327], [127.08449151940583, 37.47287203536549], [127.08621178472372, 37.470363492823836], [127.08787618281897, 37.469750732338696], [127.0882867937072, 37.468329098893555], [127.08925932839324, 37.46805188538108], [127.08968718712062, 37.4673603283291], [127.09031340600241, 37.46698509828334], [127.09126991432076, 37.467062931939424], [127.0921008827389, 37.46556156366986], [127.09336017074763, 37.46439632576608], [127.09501662657856, 37.46365732979505], [127.09599591498787, 37.462499042195056], [127.09631759255886, 37.4614319391789], [127.09462732559024, 37.458781795360345], [127.09535943570536, 37.45786162820361], [127.09511145178864, 37.45655818317655], [127.09365011335923, 37.45613980087626], [127.09261177130013, 37.453708172715984], [127.09192867609278, 37.4536774436111], [127.09096011886996, 37.452977930225074], [127.09052188195844, 37.45168757021876], [127.08968728496517, 37.451197710653055], [127.08958595389826, 37.45046966068049], [127.08884669954573, 37.45010417546556], [127.0889244533014, 37.449697820503026], [127.08827376604197, 37.44879757517041], [127.08859757058032, 37.44784536741821], [127.0881936942772, 37.44689087885465], [127.08836015688283, 37.44577942114195], [127.0879895857297, 37.44506142139352], [127.08721182999734, 37.44478943322412], [127.0854268663773, 37.44494219566886], [127.0852249317081, 37.444523370586694], [127.08394225612462, 37.443818107691776], [127.08257395546278, 37.4414629197057], [127.08157747290485, 37.441004084981756], [127.07475789853144, 37.442418584112545], [127.07318445307129, 37.44216050895946], [127.0724238159526, 37.44235271335721], [127.07165117544542, 37.44179567593896], [127.07196872488551, 37.44000529745646], [127.07455787599996, 37.43881242451427], [127.07450750583384, 37.438214129979634], [127.0739294513877, 37.43710314824745], [127.07129293608745, 37.43572027829248], [127.07145959089922, 37.434383308316164], [127.07057907095971, 37.432565196024214], [127.07124324174904, 37.43068141552206], [127.07062308429765, 37.42993563135101], [127.06994860106009, 37.43077931212609], [127.0688319806949, 37.43036717837604], [127.06828002766741, 37.43065496967149], [127.06674651741018, 37.43013098788533], [127.06567415969548, 37.42901038111398], [127.06106907517797, 37.43010442000201], [127.05970998330298, 37.42973089639073], [127.05788155219791, 37.43013526563004], [127.05412179422129, 37.42929990442669], [127.05225528982774, 37.42851205532579], [127.04986530819956, 37.43031113413492], [127.04750408360013, 37.43082283598715], [127.04723927433285, 37.43198101714652], [127.04634320704193, 37.433553902670226], [127.0447330143053, 37.43429361115134], [127.04409981285582, 37.43535365246441], [127.04134941473703, 37.43746353428278], [127.04097478655623, 37.43817292238228], [127.03990608477366, 37.438497918820936], [127.03731176024974, 37.43848775190163], [127.03586430330257, 37.43915577208865], [127.03541375506006, 37.44117415990331], [127.03681311848055, 37.44214768330607], [127.03836833956075, 37.44546291572302], [127.03824884445541, 37.44591542740708], [127.03732697191448, 37.446697052298724], [127.03731899514871, 37.44811445104806], [127.03787441683711, 37.44901106465419], [127.03779389332165, 37.44937149200995], [127.03615075546205, 37.45157663481716], [127.03644859089277, 37.45371080513488], [127.03705843691344, 37.45461219220786], [127.03710362776361, 37.45532115742628], [127.0367132577056, 37.4566299848043], [127.03585523330983, 37.45755602019089], [127.03492468381701, 37.45786797840252], [127.03470411521675, 37.459482810591915], [127.03491741476523, 37.46018666058012], [127.03398075046714, 37.46032826673131], [127.03371582774861, 37.461126009993286], [127.03439210050723, 37.46362554819444], [127.03473500935877, 37.46384760617592], [127.03314242837499, 37.46502329046314], [127.03126915465074, 37.46577527063839], [127.02986118792701, 37.46544534244914], [127.03007618429216, 37.46418416644342], [127.02986237868566, 37.463453278182584], [127.0261046875847, 37.458510137814365], [127.02053384543937, 37.4561677070862], [127.01785914802512, 37.4556080759799], [127.01106032709087, 37.45538863738494], [127.01015895955345, 37.456740215014996], [127.00900724199589, 37.45737099739008], [127.00765044452655, 37.45985306316125], [127.00699562308556, 37.46034386144445], [127.00704281818395, 37.46089854033486], [127.00626193378449, 37.46217743778636], [127.00528370198288, 37.46262403340384], [127.00498368345136, 37.463644711668096], [127.00417129217925, 37.464778027142216], [127.00429000335154, 37.46542083454544], [127.00342196425574, 37.46725918132945], [127.00191412353287, 37.46697678765415], [127.00112443869882, 37.467328460730165], [127.0006646890588, 37.46705505997362], [126.99798405904583, 37.467365856587115], [126.99705008027573, 37.46719181863131], [126.99627508790626, 37.46671735197423], [126.99646102381399, 37.464804134346124], [126.99722035493839, 37.46394201595381], [126.99683208547627, 37.46218476099153], [126.99515326071956, 37.46159846641503], [126.99320473572348, 37.461409979172124], [126.99235646306148, 37.460073332186795], [126.99176205563056, 37.45967205587439], [126.99126502496657, 37.46011829281135], [126.98862049573775, 37.45813525966379], [126.9876395877407, 37.45940190541338], [126.9874672088544, 37.460409602731445], [126.98823448753632, 37.46387292775861], [126.98816390072474, 37.46552429152321], [126.98686299433683, 37.46784985363035], [126.98452757769287, 37.46974502719325], [126.98323490918948, 37.4715702105791], [126.98186288803568, 37.474664935242515], [126.9815769045934, 37.47666342346534], [126.98290216091058, 37.49637303250746], [126.98348796805557, 37.49754639326317], [126.98458445229546, 37.498713912369176], [126.984830702212, 37.49981006883099], [126.98661442017291, 37.498409535583725], [126.9877476123059, 37.49823510452668], [126.98783483248205, 37.498608466117474], [126.98694727481654, 37.49863172965995], [126.98620011336268, 37.49903736623855], [126.98070375110679, 37.50274385351029], [126.98031587511515, 37.50400405580197], [126.98013808794389, 37.51211778781604], [126.98209468196069, 37.51204069629694], [126.98248558898915, 37.513506005935334], [126.98738176519784, 37.51368069826835], [126.98862377549003, 37.51409726973373], [126.98937918626494, 37.51270784393249], [126.99801796701334, 37.51670405360675], [127.00373172187817, 37.51970721683737], [127.00607815941291, 37.52157502601754], [127.00816766051743, 37.52487482173911], [127.0095477835465, 37.52636447459504], [127.01186818215214, 37.52784108048853]]]}, "properties": {"name": "서초구", "total_spaces": 313606}}, {"type": "Feature", "geometry": {"type": "Polygon", "coordinates": [[[126.95899198927924, 37.49380857060864], [126.96023511201034, 37.493887567405274], [126.96119885280844, 37.49338840851659], [126.96100897521782, 37.492951358694484], [126.96139795749366, 37.49144344284661], [126.96081983265125, 37.49083788571756], [126.96088372138048, 37.49031335668724], [126.9618924285677, 37.48854435989932], [126.96172414120652, 37.48805466588778], [126.96205986106352, 37.48797622249035], [126.96176083541954, 37.48748930037986], [126.96236055895825, 37.48695903650707], [126.96192930132719, 37.484290240751626], [126.96134479746186, 37.48348533680931], [126.96215178606114, 37.48315674295021], [126.96312487479638, 37.48170194586295], [126.96414962964101, 37.4810690392059], [126.96475281026974, 37.47983344825498], [126.96620488195954, 37.47912688620501], [126.96880185997392, 37.47665410136027], [126.97018677745078, 37.47662547564069], [126.97049042170109, 37.47536837583196], [126.9769185991579, 37.47657216383351], [126.98169772980454, 37.476666259423226], [126.98186288803568, 37.474664935242515], [126.98265123435542, 37.47257389254117], [126.98452757769287, 37.46974502719325], [126.98759156676874, 37.46693711228186], [126.98816390072474, 37.46552429152321], [126.98823448753632, 37.46387292775861], [126.9874672088544, 37.460409602731445], [126.9876395877407, 37.45940190541338], [126.98862049573775, 37.45813525966379], [126.98683624575973, 37.45740748979748], [126.98223390042897, 37.45652778523068], [126.98223718929894, 37.45472267743541], [126.98092803362258, 37.45365448323719], [126.98084132594661, 37.45301644329101], [126.97886927099783, 37.452072559646425], [126.97843491654615, 37.451326048337265], [126.97765633098682, 37.45081879615559], [126.97625118237163, 37.45046908265161], [126.97398312279932, 37.44759943334285], [126.97103147550999, 37.447533104414646], [126.96936244314286, 37.44675610692071], [126.96787218267589, 37.44666840710619], [126.96721346525942, 37.44609298115867], [126.9655663788426, 37.446096996739584], [126.96456169490953, 37.44569010749774], [126.9638273571662, 37.44422095240675], [126.96408916366445, 37.442187292884256], [126.96275200808424, 37.44087308012981], [126.96141382964191, 37.44057079612095], [126.95939032721314, 37.440767750928224], [126.95845171601911, 37.43955105207916], [126.9557975939467, 37.43911728998589], [126.95317684535179, 37.43954816806276], [126.95139527666214, 37.43941818778447], [126.94920481503652, 37.43876682359079], [126.94822257005518, 37.439098068425906], [126.94527271899815, 37.43758019245883], [126.94239362627215, 37.43760947817398], [126.94133944040586, 37.436482122745396], [126.93943364130178, 37.435962775839315], [126.9382795299053, 37.43743334176331], [126.93788740632127, 37.439515867778375], [126.93846849969019, 37.44031188167766], [126.93738017434075, 37.44176670513357], [126.9362713589582, 37.44236892864855], [126.93560283522181, 37.44322761198528], [126.93103464812553, 37.445710348190005], [126.93099634004616, 37.44814726695238], [126.9306022334898, 37.44868960601036], [126.92973833053021, 37.4496892016184], [126.92874933323155, 37.4501925972634], [126.9286079498305, 37.45104030060253], [126.92707171584408, 37.45168975672849], [126.92589634497217, 37.45274769249564], [126.92504279078666, 37.45284146736025], [126.92386372700551, 37.454180944540234], [126.92318411529646, 37.454427991042685], [126.92263850587958, 37.45554290397005], [126.92246841511377, 37.45724794270621], [126.92178843534296, 37.456813032559765], [126.9208675164873, 37.45709819530577], [126.91955671963397, 37.457001561799444], [126.91678554288777, 37.457759549046656], [126.91498683829171, 37.457621124154784], [126.91415858575408, 37.45807017264385], [126.91396189074251, 37.459550772158416], [126.91429590384816, 37.46011471015461], [126.91432183371985, 37.46151072311504], [126.91382877809801, 37.46192960690235], [126.9128594167419, 37.463974163119126], [126.91374891647979, 37.4652824089582], [126.91246463343104, 37.46565114130181], [126.91237376720343, 37.46616774210081], [126.91165320326692, 37.46656757986396], [126.91093524928414, 37.468164905069784], [126.91026444089759, 37.468441165953294], [126.91015558068142, 37.4693598235625], [126.90822856377427, 37.472625579785735], [126.91080986914004, 37.473699782396466], [126.9112303033539, 37.474700217044614], [126.9121007229321, 37.47475859933594], [126.91161439017257, 37.4756755632619], [126.9119661283831, 37.47697411803623], [126.91161064950916, 37.47820850226357], [126.90948520763673, 37.47820236100392], [126.90891355961564, 37.4790691285507], [126.90898382906958, 37.48010280133358], [126.90993895163906, 37.48028571665823], [126.90972368139946, 37.48094919347939], [126.90067417723469, 37.479326208787654], [126.89946855370893, 37.48034443164844], [126.90322698601094, 37.48498636534132], [126.9059635339542, 37.48498889161217], [126.9111550154218, 37.486469209093165], [126.91324609819456, 37.48719750297465], [126.91707400817151, 37.48941113012685], [126.92430090440189, 37.48996483946879], [126.92449123060786, 37.49095381119296], [126.92510068554725, 37.490868893507155], [126.92528923514158, 37.491532376469266], [126.925563135153, 37.49148862912197], [126.92582755866708, 37.492606601636695], [126.92540928763434, 37.49266658729553], [126.92546853629695, 37.49295635314283], [126.92657055685723, 37.49344725741934], [126.92660062241036, 37.49412584173234], [126.92724005567182, 37.494480450855605], [126.92740320604337, 37.49494879141552], [126.92847568872618, 37.4947884056837], [126.93237944355946, 37.49287922778044], [126.93460231283622, 37.493072533175706], [126.936517377406, 37.492077715993354], [126.93915079053825, 37.49191104261179], [126.93902784480635, 37.49124480085003], [126.93950925033147, 37.49087620761167], [126.9411858169284, 37.49168769399548], [126.94164615194796, 37.492251897752226], [126.94338802272786, 37.492082140731874], [126.94330088099, 37.492585531466936], [126.94712978314544, 37.49405908267843], [126.94774331954582, 37.49370262399039], [126.9489313951594, 37.49364938033469], [126.95015279995894, 37.492655720777684], [126.95187230720714, 37.49235743648231], [126.95246778141076, 37.49173712151739], [126.95401791792274, 37.491007381747586], [126.95533029768089, 37.4915789108113], [126.95734080394655, 37.491793385557436], [126.95720249280929, 37.4920405456165], [126.95870186503242, 37.49257916432186], [126.95899198927924, 37.49380857060864]]]}, "properties": {"name": "관악구", "total_spaces": 156644}}, {"type": "Feature", "geometry": {"type": "Polygon", "coordinates": [[[126.98013808794389, 37.51211778781604], [126.98031587511515, 37.50400405580197], [126.98070375110679, 37.50274385351029], [126.98620011336268, 37.49903736623855], [126.98694727481654, 37.49863172965995], [126.98783483248205, 37.498608466117474], [126.9877476123059, 37.49823510452668], [126.98661442017291, 37.498409535583725], [126.984830702212, 37.49981006883099], [126.98458445229546, 37.498713912369176], [126.98348796805557, 37.49754639326317], [126.98290216091058, 37.49637303250746], [126.9815769045934, 37.47666342346534], [126.9769185991579, 37.47657216383351], [126.97049042170109, 37.47536837583196], [126.97018677745078, 37.47662547564069], [126.96880185997392, 37.47665410136027], [126.96620488195954, 37.47912688620501], [126.9648731638656, 37.47972592854699], [126.96414962964101, 37.4810690392059], [126.96312487479638, 37.48170194586295], [126.96215178606114, 37.48315674295021], [126.96134479746186, 37.48348533680931], [126.96209558562823, 37.484880170479585], [126.96234169135622, 37.487228204206154], [126.96176083541954, 37.48748930037986], [126.96205986106352, 37.48797622249035], [126.96172414120652, 37.48805466588778], [126.9618924285677, 37.48854435989932], [126.96088372138048, 37.49031335668724], [126.96081983265125, 37.49083788571756], [126.96139795749366, 37.49144344284661], [126.96100897521782, 37.492951358694484], [126.96119885280844, 37.49338840851659], [126.96023511201034, 37.493887567405274], [126.95894906469519, 37.49379053515844], [126.95870186503242, 37.49257916432186], [126.95720249280929, 37.4920405456165], [126.95734080394655, 37.491793385557436], [126.95533029768089, 37.4915789108113], [126.95386809376585, 37.491006758296116], [126.95187230720714, 37.49235743648231], [126.95015279995894, 37.492655720777684], [126.9489313951594, 37.49364938033469], [126.94774331954582, 37.49370262399039], [126.94712978314544, 37.49405908267843], [126.94330088099, 37.492585531466936], [126.94338802272786, 37.492082140731874], [126.94164615194796, 37.492251897752226], [126.9411858169284, 37.49168769399548], [126.93950925033147, 37.49087620761167], [126.93902784480635, 37.49124480085003], [126.93915079053825, 37.49191104261179], [126.936517377406, 37.492077715993354], [126.93460231283622, 37.493072533175706], [126.93237944355946, 37.49287922778044], [126.92847568872618, 37.4947884056837], [126.92740320604337, 37.49494879141552], [126.92724005567182, 37.494480450855605], [126.92660062241036, 37.49412584173234], [126.92657055685723, 37.49344725741934], [126.92546853629695, 37.49295635314283], [126.92540928763434, 37.49266658729553], [126.92582755866708, 37.492606601636695], [126.925563135153, 37.49148862912197], [126.92528923514158, 37.491532376469266], [126.92510068554725, 37.490868893507155], [126.92449123060786, 37.49095381119296], [126.92430090440189, 37.48996483946879], [126.91707400817151, 37.48941113012685], [126.91324609819456, 37.48719750297465], [126.9111550154218, 37.486469209093165], [126.9059635339542, 37.48498889161217], [126.90322698601094, 37.48498636534132], [126.91022906707518, 37.49345913093604], [126.91181702167782, 37.495903181463355], [126.91252515858702, 37.496385469907466], [126.91968454895739, 37.49769399701762], [126.92018828827212, 37.49820115669385], [126.9202705671465, 37.49972615354192], [126.92082678763539, 37.501398449940964], [126.92539959384614, 37.51266198192634], [126.92710418202715, 37.51299925235689], [126.92714564049218, 37.51396390781352], [126.92679392607471, 37.51397776392071], [126.92700252865563, 37.514454297517226], [126.92516455897122, 37.514900524771946], [126.92601115607434, 37.51609798603517], [126.92836308865927, 37.51566755099646], [126.93243549853976, 37.51565339072098], [126.9419768745239, 37.517432984538154], [126.95040252562951, 37.520026730781595], [126.95342086266989, 37.517538152845084], [126.95740471850083, 37.51529763516709], [126.96295624961897, 37.513157458671095], [126.96460251906906, 37.51277843973601], [126.98013808794389, 37.51211778781604]]]}, "properties": {"name": "동작구", "total_spaces": 137228}}, {"type": "Feature", "geometry": {"type": "Polygon", "coordinates": [[[126.88975446085628, 37.55017183837449], [126.90071814174634, 37.54413492942546], [126.9061984532897, 37.54200497420566], [126.92922995468395, 37.536953798430254], [126.93470730869824, 37.5362455211537], [126.94670953541375, 37.52705002051022], [126.94771654088787, 37.52536027391712], [126.94794106123918, 37.52358231888372], [126.95040252562951, 37.520026730781595], [126.9419768745239, 37.517432984538154], [126.93243549853976, 37.51565339072098], [126.92836308865927, 37.51566755099646], [126.92601115607434, 37.51609798603517], [126.92516455897122, 37.514900524771946], [126.92700252865563, 37.514454297517226], [126.92679392607471, 37.51397776392071], [126.92714564049218, 37.51396390781352], [126.92710418202715, 37.51299925235689], [126.92539959384614, 37.51266198192634], [126.92082678763539, 37.501398449940964], [126.9202705671465, 37.49972615354192], [126.92018828827212, 37.49820115669385], [126.91968454895739, 37.49769399701762], [126.91841023718993, 37.497359737911054], [126.91252515858702, 37.496385469907466], [126.91181702167782, 37.495903181463355], [126.91022906707518, 37.49345913093604], [126.90322698601094, 37.48498636534132], [126.90050935276501, 37.48563166762514], [126.89859807618983, 37.48672839419684], [126.89689181957603, 37.488361084871315], [126.89371859063102, 37.496717536461354], [126.8933098714568, 37.50151272707485], [126.89403135057384, 37.50595445989269], [126.89385562845634, 37.50747811153911], [126.89513941726192, 37.50815164366187], [126.89356095357665, 37.50876429749223], [126.89296987128861, 37.50946090220355], [126.89206896214827, 37.50944289569332], [126.89067535724222, 37.511331718428075], [126.88962747327663, 37.512085878213476], [126.87947309698272, 37.51677170204168], [126.87982271968038, 37.52219520920387], [126.88050999044285, 37.52522635418928], [126.88173654183736, 37.526325409614714], [126.88631434346838, 37.52805508548318], [126.88848190533537, 37.53072102416271], [126.890043676155, 37.53037984941956], [126.89152522216958, 37.5331388414401], [126.89163394310862, 37.534463120947755], [126.89129958039092, 37.53583034766129], [126.88729232801099, 37.54340022383556], [126.88616578897987, 37.5435959391653], [126.88572266268476, 37.54431798804794], [126.88527544504345, 37.54630310822293], [126.88721019098331, 37.54763480331883], [126.88708447799301, 37.54786527892842], [126.88975446085628, 37.55017183837449]]]}, "properties": {"name": "영등포구", "total_spaces": 205960}}, {"type": "Feature", "geometry": {"type": "Polygon", "coordinates": [[[126.89946855370893, 37.48034443164844], [126.90067417723469, 37.479326208787654], [126.90972368139946, 37.48094919347939], [126.90993895163906, 37.48028571665823], [126.90898382906958, 37.48010280133358], [126.90891355961564, 37.4790691285507], [126.90948520763673, 37.47820236100392], [126.91161064950916, 37.47820850226357], [126.9119661283831, 37.47697411803623], [126.91161439017257, 37.4756755632619], [126.9121007229321, 37.47475859933594], [126.9112303033539, 37.474700217044614], [126.91080986914004, 37.473699782396466], [126.90822856377427, 37.472625579785735], [126.91015558068142, 37.4693598235625], [126.91026444089759, 37.468441165953294], [126.91093524928414, 37.468164905069784], [126.91165320326692, 37.46656757986396], [126.91237376720343, 37.46616774210081], [126.91246463343104, 37.46565114130181], [126.91374891647979, 37.4652824089582], [126.9128594167419, 37.463974163119126], [126.91382877809801, 37.46192960690235], [126.91432183371985, 37.46151072311504], [126.91429590384816, 37.46011471015461], [126.91396189074251, 37.459550772158416], [126.91415858575408, 37.45807017264385], [126.91498683829171, 37.457621124154784], [126.91678554288777, 37.457759549046656], [126.91955671963397, 37.457001561799444], [126.9208675164873, 37.45709819530577], [126.92178843534296, 37.456813032559765], [126.92246841511377, 37.45724794270621], [126.92263850587958, 37.45554290397005], [126.92318411529646, 37.454427991042685], [126.92386372700551, 37.454180944540234], [126.92504279078666, 37.45284146736025], [126.92589634497217, 37.45274769249564], [126.92707171584408, 37.45168975672849], [126.9288212601794, 37.450863327978645], [126.92833979587598, 37.44968918875416], [126.92609092163687, 37.448551662382314], [126.92522276916682, 37.44741837106918], [126.92347392874282, 37.44658633224635], [126.9210933251975, 37.44412526920219], [126.919429108432, 37.44077519354272], [126.91805467255702, 37.43989293299065], [126.9166076521493, 37.440462916077394], [126.91432468210755, 37.4400380621564], [126.91135191973015, 37.437554681684304], [126.9103344176072, 37.43524309672475], [126.90980861765189, 37.4349847763362], [126.90933542092212, 37.43415998553317], [126.90820382084517, 37.433684378836496], [126.90278403392207, 37.43411133438836], [126.902713843298, 37.435934972993465], [126.9008318172162, 37.43698925392351], [126.89888284408265, 37.43880451660046], [126.89872272240575, 37.439309504921276], [126.89908992557724, 37.439596456728445], [126.90060607828286, 37.43996013473113], [126.90043548027265, 37.44025337956488], [126.89962533331128, 37.44031800707247], [126.89911655966993, 37.44104118905984], [126.89896134784598, 37.443121255002374], [126.8982256039693, 37.44465429718468], [126.89691498409856, 37.44562229005391], [126.89559143573011, 37.445716843347874], [126.89486188129891, 37.446554968149705], [126.8947924493715, 37.44807338285996], [126.89526689192674, 37.448465466454195], [126.89603274469391, 37.44832086514101], [126.89407377712642, 37.45263942409891], [126.89322939645824, 37.452712986472164], [126.89262890617354, 37.451918986704335], [126.89197428123539, 37.452291736036806], [126.88962291462384, 37.45235063285582], [126.88969159844014, 37.45354312234042], [126.88907897376734, 37.45415184601711], [126.88944366660715, 37.45448809842784], [126.88925492025989, 37.45493898504979], [126.88716996023345, 37.455571631801575], [126.88622285652846, 37.45638809219783], [126.8858632240488, 37.457929866915066], [126.88634730369692, 37.458957484909746], [126.88617384196145, 37.4594410425527], [126.88545975815032, 37.45948483058991], [126.88527413554624, 37.46006185412681], [126.88668134807462, 37.46098056484853], [126.88761874005293, 37.461129574528925], [126.88865076025687, 37.46083407789214], [126.8890847017145, 37.46153276979379], [126.88865006220821, 37.46247362324377], [126.87846031014404, 37.474702452274734], [126.87562143870421, 37.47948152830993], [126.87344753320983, 37.48466754950312], [126.87474251643037, 37.48538186262164], [126.87634115190704, 37.48560571993756], [126.87870052282146, 37.486588033752035], [126.88214774019951, 37.48511674162939], [126.88594098831749, 37.48255857360067], [126.88816137409555, 37.48013759462124], [126.88951909014038, 37.479459759498255], [126.89480782759613, 37.478512126303826], [126.89638326802893, 37.47871288510934], [126.89649449542507, 37.478505190518135], [126.89895303277551, 37.47895362739391], [126.89946855370893, 37.48034443164844]]]}, "properties": {"name": "금천구", "total_spaces": 161789}}, {"type": "Feature", "geometry": {"type": "Polygon", "coordinates": [[[126.82260678859046, 37.507764760982376], [126.82743427611291, 37.50850431466048], [126.82913482161285, 37.50821426615131], [126.82932275338487, 37.509026563180385], [126.83115174495919, 37.50867416620631], [126.83064273853817, 37.506834835096626], [126.83121899973719, 37.506529328365886], [126.83210491566516, 37.50518333039668], [126.83379948356406, 37.50436387016842], [126.8343378386666, 37.50376744111021], [126.83617157298603, 37.50303852474568], [126.83641397346597, 37.50065037581507], [126.83706673052461, 37.500561468048566], [126.83757199671611, 37.49996159900616], [126.83836375447875, 37.500141768385625], [126.83838170550129, 37.501474706558305], [126.83776971564888, 37.501746130077194], [126.83870637913296, 37.501931847556534], [126.83802204948675, 37.50288117316312], [126.83898276606638, 37.502901081897534], [126.84061797374355, 37.50399296386958], [126.84004582085434, 37.5055357037999], [126.84070744514605, 37.50635623187962], [126.84236990890533, 37.50556110095809], [126.84254016701041, 37.50477211312466], [126.84402229750748, 37.5050869132751], [126.84423602735514, 37.505552337730194], [126.84480850397405, 37.50567360686723], [126.84466489692613, 37.5067422238355], [126.84496751700416, 37.507295893578075], [126.84549644879444, 37.50745877274301], [126.84521941270353, 37.5080240634923], [126.8465542159581, 37.508689462288885], [126.84870853360869, 37.50882178690094], [126.8501103335799, 37.510112861483705], [126.85124312847756, 37.51003012110743], [126.85211989318792, 37.510456390846066], [126.8529025494372, 37.510576478523035], [126.85484685304428, 37.51005210727571], [126.855664610944, 37.509025702210316], [126.85608576448048, 37.509468554435394], [126.85815587333816, 37.509944952669564], [126.86010581022796, 37.50668710264612], [126.86268580631524, 37.50739181422319], [126.86381201338033, 37.5081719315411], [126.86245985518306, 37.506686236791175], [126.86352808662684, 37.50496940046206], [126.86469305368507, 37.50502397061834], [126.86484125304099, 37.50554306026953], [126.86586227806195, 37.505558878334384], [126.8679808762656, 37.50487934981366], [126.86932794826929, 37.504883398869794], [126.87015292199045, 37.50584641526474], [126.87223626506642, 37.505405817078966], [126.8734788935385, 37.50852321246484], [126.87845827543026, 37.514282211392334], [126.87947309698272, 37.51677170204168], [126.88962747327663, 37.512085878213476], [126.89067535724222, 37.511331718428075], [126.89206896214827, 37.50944289569332], [126.89296987128861, 37.50946090220355], [126.89356095357665, 37.50876429749223], [126.89513941726192, 37.50815164366187], [126.89385562845634, 37.50747811153911], [126.89403135057384, 37.50595445989269], [126.89333794559232, 37.50250779245668], [126.89358504081504, 37.49731038434998], [126.89462061847168, 37.49410799292796], [126.89652141829045, 37.48905903135898], [126.8975610606763, 37.487594980733384], [126.90050935276501, 37.48563166762514], [126.90322698601094, 37.48498636534132], [126.89970107053176, 37.48070615901978], [126.89895303277551, 37.47895362739391], [126.89521470800634, 37.478473637340514], [126.88951909014038, 37.479459759498255], [126.88783893982021, 37.480397448991944], [126.88594098831749, 37.48255857360067], [126.88065901746998, 37.485968644607524], [126.87870052282146, 37.486588033752035], [126.87634115190704, 37.48560571993756], [126.87474251643037, 37.48538186262164], [126.87511765920576, 37.48659298369117], [126.87711686852592, 37.48754087406844], [126.8771785699573, 37.48794132091564], [126.87598788092788, 37.489052515262706], [126.87513657888614, 37.48847130751463], [126.87431051673822, 37.4888499672544], [126.87291849717874, 37.48833432731799], [126.87269115399589, 37.48975399905679], [126.87355232638369, 37.49024288252221], [126.87363541407849, 37.48969589673655], [126.87403257014283, 37.4897036465506], [126.8744305988122, 37.49107359477623], [126.87390255171933, 37.49114848432391], [126.87264803827338, 37.49058061921049], [126.87237592486584, 37.491007452197024], [126.87145024554862, 37.49103853489581], [126.8706987768625, 37.491775961661865], [126.87004639665656, 37.49191770805675], [126.86965328547826, 37.49251727919197], [126.86958494808857, 37.49400188054479], [126.86863926947439, 37.49522730553008], [126.86759506130733, 37.49471678059226], [126.86776123398211, 37.49377711428644], [126.86730702729751, 37.49305579993101], [126.86612549963995, 37.492489356455835], [126.86481772817483, 37.49130500745376], [126.8618674518172, 37.490391266189164], [126.85770415819815, 37.485899011446755], [126.85510425598845, 37.485205427024695], [126.85373948314033, 37.482887030756196], [126.85256497747815, 37.48194119473434], [126.85063161579261, 37.48159579835914], [126.84824144614709, 37.48211107902241], [126.8482695628132, 37.4823569197196], [126.84648400067648, 37.48170474376231], [126.84595750164917, 37.48096607589724], [126.84587481925368, 37.477221744477134], [126.84532778955048, 37.47380369253903], [126.84442174138925, 37.47400380911281], [126.84429757973476, 37.47458647951421], [126.84360831255107, 37.474425069527086], [126.84291293926327, 37.474897727284024], [126.84012940314658, 37.47474022508457], [126.8394557310834, 37.47570421948889], [126.83684972406616, 37.47505217721322], [126.83546037040476, 37.47532025188961], [126.83461844266188, 37.47573915770609], [126.8338785098728, 37.47667571486313], [126.83173495671676, 37.477748787736715], [126.83051699566269, 37.47750291648968], [126.82928069136251, 37.476247603019964], [126.82876028080594, 37.47610043063073], [126.82451468340585, 37.47645145074608], [126.82210831276001, 37.47575714798786], [126.82168425460446, 37.4752882642794], [126.82174062037318, 37.47616626316932], [126.821293393743, 37.47629763491327], [126.81971380554296, 37.477986563119494], [126.8195165688537, 37.48057579183972], [126.81999675011679, 37.48202291767635], [126.81965871197569, 37.482278901407504], [126.81930502420616, 37.484249857351635], [126.81950801824382, 37.48555774623709], [126.82232798534801, 37.48673673481412], [126.8234993082779, 37.487777752031384], [126.82273561079995, 37.489978415915935], [126.81977116096297, 37.49091909733142], [126.81856053712491, 37.49165013513624], [126.81784637982243, 37.49158285999931], [126.81592529350692, 37.492524780332914], [126.81520501755107, 37.493282456430165], [126.81437496722145, 37.49313445076059], [126.81406458266234, 37.494457581684905], [126.81272240266975, 37.496165933232284], [126.81266876060567, 37.49662845365378], [126.81312797440796, 37.49705490831186], [126.81309705878434, 37.498037228190974], [126.81562996588134, 37.49755160464428], [126.81742172213545, 37.49824367354234], [126.81787177725379, 37.49874527240972], [126.81874429925658, 37.49875028577741], [126.8193298207756, 37.49928221566659], [126.8195905058213, 37.49969707628221], [126.81949747252403, 37.500680146500436], [126.81996118229992, 37.5013194419248], [126.82159409066941, 37.50206132098968], [126.82186055261441, 37.503098154802416], [126.82254382634193, 37.50401032514654], [126.8221345013881, 37.50470178255833], [126.82296165693438, 37.50582871848461], [126.82254709664075, 37.50693406447399], [126.82260678859046, 37.507764760982376]]]}, "properties": {"name": "구로구", "total_spaces": 195905}}, {"type": "Feature", "geometry": {"type": "Polygon", "coordinates": [[[126.7931508439772, 37.580396556463356], [126.79398806847304, 37.58198939544515], [126.7937768982092, 37.582993058616125], [126.79481581420131, 37.583312479311566], [126.79465221851126, 37.58451472520806], [126.79555971139614, 37.5845168751171], [126.79590734331047, 37.583157839475675], [126.79702536589016, 37.584180709382714], [126.79699392664448, 37.58526211750983], [126.79824764379609, 37.58714452395704], [126.79833858076223, 37.58779282572996], [126.79882797815193, 37.58822388679914], [126.8007880159067, 37.58800339791557], [126.80080920259911, 37.589007467618934], [126.79910040498945, 37.59162584825909], [126.79921613544265, 37.592792538188824], [126.79947390966936, 37.59279185346779], [126.79725414569648, 37.596592432394345], [126.79702177449975, 37.59849056852339], [126.79747344952763, 37.59999401920086], [126.79838105811454, 37.60106409281952], [126.79990006528914, 37.601333331632894], [126.7999076323251, 37.60279124536893], [126.80093471111117, 37.60433648900605], [126.80221972202924, 37.60466076665659], [126.8039695085453, 37.60441312296654], [126.80664122175372, 37.60279157463428], [126.81652627183287, 37.59389226137895], [126.82042809810756, 37.59083581323361], [126.8238666661395, 37.58925558851819], [126.82682620476295, 37.588354235000565], [126.85093932829294, 37.5756193689737], [126.85775247997503, 37.57464268998125], [126.85741444858266, 37.57107239928998], [126.8584034454383, 37.569621042018156], [126.86628387671874, 37.565891514270426], [126.88975446085628, 37.55017183837449], [126.88708447799301, 37.54786527892842], [126.88721019098331, 37.54763480331883], [126.88527544504345, 37.54630310822293], [126.88616578897987, 37.5435959391653], [126.88515695614184, 37.54358959980157], [126.88071386466233, 37.54787019603466], [126.87684617914454, 37.54705556583372], [126.87242154415269, 37.547108812958015], [126.87070198175249, 37.547651738488], [126.86428476041692, 37.55138947834714], [126.86215942093517, 37.54413682977644], [126.86379206426986, 37.54075890069025], [126.86341408717777, 37.53662853676172], [126.86401108341305, 37.52979970684794], [126.84048542944983, 37.526537378656414], [126.83446887427709, 37.536471197360484], [126.83517094108619, 37.53668927110546], [126.83507881058318, 37.53773429203139], [126.83382419617556, 37.539758622436544], [126.8331399139638, 37.5418414730474], [126.83008332870959, 37.541719383473854], [126.83030386336009, 37.542773018407296], [126.82982997680492, 37.54426318891255], [126.83024190401468, 37.54566708017775], [126.82937320744139, 37.546528515517664], [126.82889308656162, 37.546409841202625], [126.82808419888607, 37.545409119561704], [126.82681178496571, 37.54189225316917], [126.82540945789742, 37.54104492787869], [126.82214717882253, 37.54067933992188], [126.81465693133232, 37.54063816202038], [126.81466390487579, 37.5418111508801], [126.81358812098745, 37.54285149617394], [126.81251765023912, 37.54093461882772], [126.81037561913729, 37.541609167073695], [126.81027344000123, 37.54195109666169], [126.80944482310883, 37.54234759567926], [126.80964105321064, 37.54276884633759], [126.80916285935476, 37.54322926306324], [126.80334412343709, 37.542887401600254], [126.80284926958768, 37.543081690942095], [126.80161190954618, 37.54245566678142], [126.80200122034854, 37.54152858615491], [126.79977011370784, 37.54044388813108], [126.79912708072172, 37.53862165946568], [126.79873090584428, 37.538485268040155], [126.79871860342061, 37.53767491778743], [126.79690642068014, 37.537189761585886], [126.79448853103614, 37.535765922927645], [126.79383838994654, 37.53733278830738], [126.79373796110194, 37.539440086538875], [126.79485291417193, 37.54145688396356], [126.79180388882344, 37.5418203519284], [126.79155744496049, 37.54288702480124], [126.79177842534932, 37.54384162269913], [126.78908738538512, 37.54418144138628], [126.7867194465249, 37.54633474780111], [126.78033145525731, 37.546162185251276], [126.77548034009978, 37.54891087206851], [126.77116275617455, 37.54870966054612], [126.76841132181082, 37.552459132804145], [126.7679589830192, 37.55269277759258], [126.76771064576992, 37.55418849022578], [126.76727912566201, 37.554263655898794], [126.76684097612264, 37.55391506070295], [126.76656622750751, 37.55440865017145], [126.76675952835129, 37.554794770268366], [126.76427829269979, 37.55533913245154], [126.76492372925863, 37.55561804444733], [126.76866503625718, 37.55576485320116], [126.76879600639198, 37.55675169339568], [126.7693696930417, 37.557139402864294], [126.7727381542346, 37.55722312452618], [126.77304037247116, 37.55762662027568], [126.77175546617278, 37.558724458455366], [126.77265081979145, 37.55889259850062], [126.77379741504394, 37.55994953413571], [126.77433542687376, 37.55975573194576], [126.77425547486936, 37.560169750844175], [126.77509993213714, 37.560860065560625], [126.77476021123472, 37.5611527976752], [126.77556295894783, 37.561195444162884], [126.7756109953856, 37.56180285791931], [126.77611114221139, 37.56173595817176], [126.77795376405608, 37.55994058345902], [126.77767406733612, 37.56198698462721], [126.77670882403741, 37.56199106348531], [126.77678040451194, 37.56424254152038], [126.77546455047558, 37.56537865177493], [126.77472565768653, 37.567067992620444], [126.77494078392701, 37.5678638078034], [126.77549869383013, 37.568243573010335], [126.77551747869262, 37.567353040164384], [126.7765060155634, 37.56697764013465], [126.77666114973428, 37.565967704368525], [126.77755250278094, 37.56691402680333], [126.77900638213814, 37.56735572518524], [126.77897704893401, 37.568238918244894], [126.78023668064034, 37.56733466809089], [126.7805266250086, 37.56832826724982], [126.78183315038491, 37.56897519239201], [126.78065194039931, 37.57003249214525], [126.78272222003233, 37.57037393521349], [126.78279012351136, 37.57098335290767], [126.7819019909347, 37.57185284502092], [126.78288564475297, 37.5737019731762], [126.78565784226444, 37.57528154673653], [126.78683565957934, 37.575595379074194], [126.78807159514601, 37.57674468710368], [126.78854055206631, 37.5763569841282], [126.78887944388744, 37.57648570386602], [126.7887221174837, 37.577197198764125], [126.7889985556165, 37.57745672996934], [126.79254507460917, 37.57745602207331], [126.79304360919507, 37.57698444932779], [126.7933022780122, 37.57721465708062], [126.7931508439772, 37.580396556463356]]]}, "properties": {"name": "강서구", "total_spaces": 346610}}, {"type": "Feature", "geometry": {"type": "Polygon", "coordinates": [[[126.82214717882253, 37.54067933992188], [126.82540945789742, 37.54104492787869], [126.82681178496571, 37.54189225316917], [126.82823411782911, 37.545644441891035], [126.82889308656162, 37.546409841202625], [126.82967941455526, 37.54638705548572], [126.83028648137193, 37.5453484193722], [126.82982997680492, 37.54426318891255], [126.83030386336009, 37.542773018407296], [126.83008332870959, 37.541719383473854], [126.8331399139638, 37.5418414730474], [126.83382419617556, 37.539758622436544], [126.83507881058318, 37.53773429203139], [126.83517094108619, 37.53668927110546], [126.83446887427709, 37.536471197360484], [126.84048542944983, 37.526537378656414], [126.86401108341305, 37.52979970684794], [126.86341408717777, 37.53662853676172], [126.86379206426986, 37.54075890069025], [126.86215942093517, 37.54413682977644], [126.86428476041692, 37.55138947834714], [126.87070198175249, 37.547651738488], [126.87242154415269, 37.547108812958015], [126.87684617914454, 37.54705556583372], [126.88071386466233, 37.54787019603466], [126.88515695614184, 37.54358959980157], [126.88729232801099, 37.54340022383556], [126.89129958039092, 37.53583034766129], [126.89163394310862, 37.534463120947755], [126.89152522216958, 37.5331388414401], [126.890043676155, 37.53037984941956], [126.88848190533537, 37.53072102416271], [126.88631434346838, 37.52805508548318], [126.88173654183736, 37.526325409614714], [126.88050999044285, 37.52522635418928], [126.87982271968038, 37.52219520920387], [126.87944923797154, 37.51622854594194], [126.87845827543026, 37.514282211392334], [126.8734788935385, 37.50852321246484], [126.87223626506642, 37.505405817078966], [126.87015292199045, 37.50584641526474], [126.86911330070878, 37.5048504973386], [126.8679808762656, 37.50487934981366], [126.86586227806195, 37.505558878334384], [126.86484125304099, 37.50554306026953], [126.86469305368507, 37.50502397061834], [126.86352808662684, 37.50496940046206], [126.86245985518306, 37.506686236791175], [126.86381201338033, 37.5081719315411], [126.86268580631524, 37.50739181422319], [126.86010581022796, 37.50668710264612], [126.85815587333816, 37.509944952669564], [126.85608576448048, 37.509468554435394], [126.855664610944, 37.509025702210316], [126.85484685304428, 37.51005210727571], [126.8529025494372, 37.510576478523035], [126.85211989318792, 37.510456390846066], [126.85124312847756, 37.51003012110743], [126.8501103335799, 37.510112861483705], [126.84870853360869, 37.50882178690094], [126.8465542159581, 37.508689462288885], [126.84521941270353, 37.5080240634923], [126.84549644879444, 37.50745877274301], [126.84496751700416, 37.507295893578075], [126.84466489692613, 37.5067422238355], [126.84480850397405, 37.50567360686723], [126.84423602735514, 37.505552337730194], [126.84402229750748, 37.5050869132751], [126.84254016701041, 37.50477211312466], [126.84236990890533, 37.50556110095809], [126.84070744514605, 37.50635623187962], [126.84004582085434, 37.5055357037999], [126.84061797374355, 37.50399296386958], [126.83898276606638, 37.502901081897534], [126.83802204948675, 37.50288117316312], [126.83870637913296, 37.501931847556534], [126.83776971564888, 37.501746130077194], [126.83838170550129, 37.501474706558305], [126.83836375447875, 37.500141768385625], [126.83757199671611, 37.49996159900616], [126.83706673052461, 37.500561468048566], [126.83641397346597, 37.50065037581507], [126.83617157298603, 37.50303852474568], [126.8343378386666, 37.50376744111021], [126.83379948356406, 37.50436387016842], [126.83210491566516, 37.50518333039668], [126.83121899973719, 37.506529328365886], [126.83064273853817, 37.506834835096626], [126.83115174495919, 37.50867416620631], [126.82932275338487, 37.509026563180385], [126.82913482161285, 37.50821426615131], [126.82743427611291, 37.50850431466048], [126.82485004583235, 37.50822145087877], [126.82433048549973, 37.50889557525029], [126.82401160169881, 37.510868841029705], [126.82456733983055, 37.51321789495291], [126.82437582015886, 37.5143151330194], [126.82349385448964, 37.51478682967697], [126.82314020734478, 37.516048815703435], [126.82525103815146, 37.518511419042966], [126.82565869847345, 37.522239891321675], [126.82520541838903, 37.523027022318], [126.82580575537513, 37.52374814901273], [126.82584809307285, 37.52438707298402], [126.82882648641313, 37.52652794655669], [126.82846071244965, 37.526702823374436], [126.82800816019808, 37.52801620203914], [126.82809431955333, 37.52905331550389], [126.82718078843054, 37.52965535442959], [126.82511326924796, 37.53018415194676], [126.82346864783545, 37.53261070426212], [126.82348517401452, 37.5337645626705], [126.8226706961441, 37.53371152503453], [126.82181354346322, 37.53479366715418], [126.82225642831521, 37.53617877090644], [126.82218968334561, 37.538064839723454], [126.821536685448, 37.5398024785444], [126.82214717882253, 37.54067933992188]]]}, "properties": {"name": "양천구", "total_spaces": 167782}}, {"type": "Feature", "geometry": {"type": "Polygon", "coordinates": [[[126.90312701195738, 37.5768918561284], [126.90160755510814, 37.57546223456684], [126.90497336009157, 37.573292248635674], [126.91847513851349, 37.567150461177526], [126.92435724111795, 37.565845484792376], [126.92613618067104, 37.56502701602011], [126.92824664256104, 37.56334377731676], [126.9267183444892, 37.56099968453226], [126.92662537184168, 37.55883162002151], [126.93644013883163, 37.55519856470122], [126.93688512497823, 37.555107583860064], [126.94104788738126, 37.55644353584909], [126.94468365307348, 37.55683896178546], [126.95706934057723, 37.5574791900904], [126.95857560300638, 37.55722803345216], [126.95870837826443, 37.55665989489058], [126.96148351073441, 37.55885365237208], [126.96161158072371, 37.55845106596409], [126.96303668753738, 37.5581826498874], [126.96309806970835, 37.55642292399973], [126.96205019784257, 37.55532646762248], [126.96170271491079, 37.5553429629726], [126.96215002078283, 37.554147048356896], [126.96186853959064, 37.55408979759928], [126.96166187158718, 37.55334162440183], [126.961753995062, 37.55234943959504], [126.96394300276292, 37.54969251497521], [126.96374713679178, 37.5488950753452], [126.96191987147007, 37.54864445168986], [126.9617277208001, 37.548221202772915], [126.96196648036192, 37.547773884482154], [126.96062696753381, 37.54739810902108], [126.96085834718728, 37.547198563003334], [126.96014702442395, 37.546570155944906], [126.96021453275836, 37.54631029982584], [126.95849943024545, 37.54546078444293], [126.95788501061834, 37.5454791419761], [126.95773583710658, 37.54508659224651], [126.95804565991575, 37.54498985009186], [126.95739132895622, 37.54313469031747], [126.95831446552579, 37.54274338165], [126.95716617836445, 37.5417783312241], [126.95646124439834, 37.54036547728711], [126.95561104871003, 37.53947147788517], [126.95461713190166, 37.53915714773107], [126.95367311628313, 37.5382309990401], [126.9529914325712, 37.538467794629696], [126.95296665616391, 37.53741643843612], [126.9522346211805, 37.536803741576584], [126.94892100268449, 37.53566368232392], [126.94757058563926, 37.535846650549225], [126.94735377719475, 37.535209098639974], [126.94639556851004, 37.53574221220296], [126.94543267694384, 37.53519215302281], [126.94558769911258, 37.534978803764545], [126.94508160082648, 37.53493492114597], [126.94357048103107, 37.529418137136474], [126.93470730869824, 37.5362455211537], [126.92922995468395, 37.536953798430254], [126.9061984532897, 37.54200497420566], [126.90071814174634, 37.54413492942546], [126.88975446085628, 37.55017183837449], [126.86628387671874, 37.565891514270426], [126.8584034454383, 37.569621042018156], [126.85741444858266, 37.57107239928998], [126.8578452299523, 37.57562093629283], [126.86172340327514, 37.57585618842686], [126.86351514813283, 37.576650038212726], [126.86557263013187, 37.57548705583034], [126.86799070312577, 37.5773928676019], [126.87073195076874, 37.577750981148604], [126.87587495306414, 37.579595704556326], [126.87709740388061, 37.58248296915179], [126.87677591675305, 37.58326564253063], [126.87751801833105, 37.58357585653317], [126.87667188749603, 37.5841211870406], [126.8776320100477, 37.58620291099022], [126.87898028643949, 37.58658160570427], [126.88028654847292, 37.58964067113963], [126.88224095812457, 37.590936419382686], [126.88991995278104, 37.58444163432863], [126.89323033151753, 37.58221449674901], [126.89622991200658, 37.58085418757971], [126.89790847434415, 37.579169421021724], [126.8981426366756, 37.57830073768863], [126.90163843001088, 37.5759186667887], [126.90281996052975, 37.577147254756824], [126.90312701195738, 37.5768918561284]]]}, "properties": {"name": "마포구", "total_spaces": 199638}}, {"type": "Feature", "geometry": {"type": "Polygon", "coordinates": [[[126.95037697571067, 37.60787847946129], [126.9506569807264, 37.60830910094118], [126.95132572251019, 37.60827728976206], [126.95188810734481, 37.6071881839368], [126.95262466876304, 37.60679937968658], [126.95275970667204, 37.605951667514326], [126.953365589898, 37.60540006453925], [126.95351265691808, 37.60426516799946], [126.95320115536374, 37.60301183022239], [126.95280199862442, 37.602694632801075], [126.9527493477046, 37.60040611411475], [126.95350853256075, 37.59911830076738], [126.95409330967246, 37.598550917596135], [126.95673132550024, 37.59866457102023], [126.957135430941, 37.59838710811812], [126.95628849733849, 37.595971023972375], [126.95632915657518, 37.5951497363343], [126.95832611452238, 37.59148263305995], [126.95845120667852, 37.59054114976663], [126.9567011327811, 37.58469254117117], [126.95967872259034, 37.582495791764075], [126.96067362808395, 37.5807977813242], [126.95910646062632, 37.58156700878076], [126.95700194703717, 37.581583127421865], [126.95645764887631, 37.5812833430165], [126.9565178589291, 37.58087904842188], [126.955794815861, 37.58072926318067], [126.95574651262228, 37.57930371508738], [126.95545520628411, 37.57896995521618], [126.95355602538422, 37.578875721545735], [126.95626847898207, 37.57584722433911], [126.9594252053457, 37.57311389581599], [126.96667897339114, 37.565895403361885], [126.9695925740396, 37.56201352818319], [126.9669014600634, 37.56130633799526], [126.96375848345832, 37.55934966453299], [126.96166589693536, 37.55906516507446], [126.95870837826443, 37.55665989489058], [126.95857560300638, 37.55722803345216], [126.95706934057723, 37.5574791900904], [126.94468365307348, 37.55683896178546], [126.94104788738126, 37.55644353584909], [126.93673410495798, 37.5551148216453], [126.92662537184168, 37.55883162002151], [126.9267183444892, 37.56099968453226], [126.92824664256104, 37.56334377731676], [126.9259491224118, 37.56514881145418], [126.92435724111795, 37.565845484792376], [126.9197949873419, 37.56671412128195], [126.91774190461473, 37.56744332744064], [126.90546645319954, 37.57304150066719], [126.90160755510814, 37.57546223456684], [126.91255265619543, 37.58602238111773], [126.91314780340821, 37.58703474710515], [126.91567913556479, 37.58597711271147], [126.91542937193914, 37.585494622137766], [126.91616712669631, 37.585588635089834], [126.91549947323183, 37.5842231575552], [126.91582514439777, 37.58314418258825], [126.91890729012849, 37.58340738400898], [126.92077216429809, 37.5829015882983], [126.92176519969156, 37.58345834048803], [126.92169338298557, 37.58378602547965], [126.92234623738801, 37.584028041906436], [126.92302468728253, 37.58500043311443], [126.92281953425112, 37.58562225800867], [126.92358426851885, 37.586148997100715], [126.92386922060172, 37.58721037651227], [126.92607387588872, 37.58717041713255], [126.9281210884001, 37.58838494047916], [126.9278680053801, 37.59046352371116], [126.92826454626459, 37.59165053604993], [126.93066262481064, 37.594490100306565], [126.93228104456003, 37.595152720849704], [126.93365781138914, 37.59639856746749], [126.93777326077193, 37.597748958615604], [126.93900756909186, 37.59771189008168], [126.94067755610719, 37.5986706208056], [126.94120814536342, 37.60090758408453], [126.93971802350968, 37.601902117931196], [126.93985907867521, 37.60293466175197], [126.94149317005112, 37.6031407592605], [126.94157444451842, 37.60373150735745], [126.94241725951215, 37.60482381067814], [126.94491754773803, 37.604819968200786], [126.94709994528057, 37.60785533405565], [126.94779816039328, 37.60768277799814], [126.94881272484638, 37.60807291018503], [126.94941888735708, 37.60769476686458], [126.95037697571067, 37.60787847946129]]]}, "properties": {"name": "서대문구", "total_spaces": 142924}}, {"type": "Feature", "geometry": {"type": "Polygon", "coordinates": [[[126.95257697405025, 37.65472100138367], [126.95437474488098, 37.65526682331303], [126.95676549907957, 37.652649295943554], [126.95745232348375, 37.65055112656988], [126.95749060174506, 37.649293998314825], [126.9604386791861, 37.648101831874925], [126.96074850250099, 37.64651256131696], [126.96173166122459, 37.64515946170246], [126.96175288949036, 37.64419514251092], [126.96214256994895, 37.64350377369589], [126.96476357274754, 37.64294911093339], [126.96635698570329, 37.64094182593046], [126.96819242880647, 37.639466445479925], [126.9688235336572, 37.63868164556623], [126.96871140923673, 37.63681659095713], [126.9689754716326, 37.63613839679452], [126.97087427185706, 37.63299449194962], [126.97219390072989, 37.63259924152518], [126.96925206086824, 37.6302232691059], [126.96762943102554, 37.629809208676726], [126.96676351706752, 37.63055029332386], [126.9661790232446, 37.63056673150446], [126.96518972941752, 37.62944780967599], [126.96099268860424, 37.628517308371244], [126.95954233023545, 37.628482451506486], [126.95675301084701, 37.62536572770327], [126.95419932544424, 37.62531348807635], [126.9521716148673, 37.62482303151385], [126.95171635684318, 37.62432842774889], [126.95109301602741, 37.62191776070802], [126.95181552286734, 37.621330740928876], [126.95096927705323, 37.61986122076613], [126.95068642873424, 37.61990136181985], [126.95073489780427, 37.61889678965991], [126.9493556133083, 37.61772069009563], [126.9506747831964, 37.615430803882134], [126.95098358435195, 37.612057888282706], [126.95063393692963, 37.610964453295274], [126.95002757535778, 37.610318299083616], [126.94975877118856, 37.609040476702965], [126.95037697571067, 37.60787847946129], [126.94941888735708, 37.60769476686458], [126.94881272484638, 37.60807291018503], [126.94779816039328, 37.60768277799814], [126.94709994528057, 37.60785533405565], [126.94491754773803, 37.604819968200786], [126.94241725951215, 37.60482381067814], [126.94157444451842, 37.60373150735745], [126.94149317005112, 37.6031407592605], [126.93985907867521, 37.60293466175197], [126.93971802350968, 37.601902117931196], [126.94120814536342, 37.60090758408453], [126.94067755610719, 37.5986706208056], [126.93900756909186, 37.59771189008168], [126.93777326077193, 37.597748958615604], [126.93365781138914, 37.59639856746749], [126.93228104456003, 37.595152720849704], [126.93066262481064, 37.594490100306565], [126.92826454626459, 37.59165053604993], [126.9278680053801, 37.59046352371116], [126.9281210884001, 37.58838494047916], [126.92607387588872, 37.58717041713255], [126.92386922060172, 37.58721037651227], [126.92358426851885, 37.586148997100715], [126.92281953425112, 37.58562225800867], [126.92302468728253, 37.58500043311443], [126.92234623738801, 37.584028041906436], [126.92203005750896, 37.58408498570202], [126.92176519969156, 37.58345834048803], [126.9208450259758, 37.582919939386706], [126.91890729012849, 37.58340738400898], [126.91582514439777, 37.58314418258825], [126.91549947323183, 37.5842231575552], [126.91616712669631, 37.585588635089834], [126.91542937193914, 37.585494622137766], [126.91567913556479, 37.58597711271147], [126.91314780340821, 37.58703474710515], [126.91255265619543, 37.58602238111773], [126.90312701195738, 37.5768918561284], [126.90281996052975, 37.577147254756824], [126.90163843001088, 37.5759186667887], [126.8981426366756, 37.57830073768863], [126.89790847434415, 37.579169421021724], [126.89622991200658, 37.58085418757971], [126.89323033151753, 37.58221449674901], [126.88991995278104, 37.58444163432863], [126.88224095812457, 37.590936419382686], [126.88393119545012, 37.59218344427106], [126.88506060835259, 37.593796198996095], [126.8859199927053, 37.593978648301096], [126.88726056395623, 37.593845932215075], [126.88544183552574, 37.59108855435468], [126.88576093464823, 37.590668783791685], [126.88579772784253, 37.58964366856265], [126.8872618691138, 37.58859432157932], [126.8895926488468, 37.589075202659664], [126.89139788033918, 37.58845578424331], [126.89382509174946, 37.58918725804998], [126.89696146593161, 37.588620768084596], [126.89811738453484, 37.58952558651621], [126.89984128576734, 37.589866924126525], [126.89958023685773, 37.59046050407786], [126.89971346707743, 37.591489712152054], [126.89898915680745, 37.59265895691761], [126.89933494401009, 37.593243207065335], [126.90191307309401, 37.59520983719655], [126.9011172357501, 37.59733520261837], [126.90148978572414, 37.599367517728574], [126.90022993691557, 37.60202687684434], [126.90052035610051, 37.60263894923844], [126.90026061166095, 37.60315482075152], [126.90143905723855, 37.60329153637071], [126.90208420213628, 37.603820845731164], [126.90165483159699, 37.605880353904645], [126.90220743174724, 37.60709207787302], [126.90182615476476, 37.60890413758199], [126.90198370737744, 37.609390519069], [126.90123848593831, 37.61100574210686], [126.90093686694617, 37.61276859296513], [126.90182390419791, 37.614037194747226], [126.9019792078821, 37.615953317610305], [126.90318560579729, 37.61732832418918], [126.90298883567225, 37.617842281955554], [126.90339268036, 37.618802162354676], [126.9051476371958, 37.61907221326073], [126.90540645683599, 37.62052919635318], [126.90595048149008, 37.6212439462486], [126.90726093905327, 37.621912006800535], [126.90724712039173, 37.62276370304805], [126.90678909833797, 37.62301814452747], [126.90643542391231, 37.624026112365314], [126.90872305623625, 37.62617592418831], [126.90907711093193, 37.6284173869925], [126.9085363888229, 37.62953248627131], [126.90716875125813, 37.63057569094849], [126.90653080698213, 37.63252382600853], [126.90917331827582, 37.63477921305972], [126.91073981880626, 37.63546291925003], [126.91075527243767, 37.63672936765874], [126.91022643160979, 37.6386669054508], [126.910830711692, 37.63991156442151], [126.91075003517386, 37.6408890622691], [126.91171117837837, 37.64101565297668], [126.9124666704852, 37.64168520083475], [126.91221147817195, 37.642346381090874], [126.91245966899915, 37.644287609762515], [126.90764579187135, 37.64633556922871], [126.90750306672213, 37.6469174296829], [126.9052709176945, 37.64891495109539], [126.9066166725082, 37.64851848585712], [126.90645307071898, 37.64824496435801], [126.90672950427215, 37.64806161299828], [126.9125747964597, 37.645136585126146], [126.9134046217929, 37.64512059605494], [126.91419298372641, 37.64468054854746], [126.9178587695163, 37.64537470412195], [126.92126296971371, 37.64555585639261], [126.92242823189775, 37.64593674260272], [126.92541983773532, 37.64744305850206], [126.92974160493904, 37.65040462737802], [126.93473474828909, 37.65064153168362], [126.93704263897637, 37.65193036565025], [126.94039125047043, 37.65662763519157], [126.94254582391054, 37.65778929967491], [126.94631581870969, 37.65887398260524], [126.94730528258648, 37.65893159704494], [126.94783204466178, 37.65726869566157], [126.9492428236845, 37.65670988042833], [126.95125094146579, 37.65495019237508], [126.95257697405025, 37.65472100138367]]]}, "properties": {"name": "은평구", "total_spaces": 196975}}, {"type": "Feature", "geometry": {"type": "Polygon", "coordinates": [[[127.0817642632477, 37.696377459382106], [127.08428926010136, 37.69401039039624], [127.08420358495503, 37.69311652054705], [127.08513530026637, 37.6914164109572], [127.08492597076204, 37.69084331756816], [127.08623612268609, 37.690313909004125], [127.08801044336309, 37.690440727723896], [127.08899176885387, 37.68975554889664], [127.0899253342814, 37.68989084286566], [127.09078967789848, 37.68946898864467], [127.09283495017564, 37.68967886907079], [127.09376777321187, 37.688923862854], [127.09495178283213, 37.689166755675984], [127.0957919670953, 37.68886088371061], [127.09542762951382, 37.68820290354803], [127.09592373245917, 37.68771682859389], [127.0959065012361, 37.68684008628207], [127.09632165137754, 37.68594694856018], [127.09563299915646, 37.684322093899596], [127.094673576055, 37.684001040281515], [127.09281148140673, 37.681804410151706], [127.09266456548863, 37.68015124262523], [127.09182770982618, 37.67918728440309], [127.09227021677974, 37.67748185703751], [127.09298147030991, 37.677284783325014], [127.09361084680349, 37.676622361294655], [127.09446761274609, 37.67353135685565], [127.09556160378582, 37.67280745983735], [127.09573891356375, 37.672265045861366], [127.09554397570048, 37.67160974425834], [127.09591006068172, 37.670214915880955], [127.09505536364846, 37.66866733192198], [127.09521158856803, 37.667558166962166], [127.09410099854907, 37.666265584730986], [127.09463486383628, 37.66493003515626], [127.09440907623829, 37.664364570954824], [127.0952467522602, 37.66369268330657], [127.09396040799962, 37.66257057867719], [127.09634733149035, 37.66186339078366], [127.09670170799022, 37.66091708306615], [127.09574990049937, 37.65952133774444], [127.08603447555674, 37.65591269401863], [127.0865764464707, 37.65541198206819], [127.09062167117703, 37.654895440686104], [127.09126865999251, 37.655765235431], [127.09187029618279, 37.65601958306085], [127.09201430424667, 37.65547719863383], [127.09284933722897, 37.65487965946763], [127.09409069395387, 37.65283207134496], [127.09229616499789, 37.649922471174015], [127.09301414160086, 37.648059149568745], [127.09362075349541, 37.647656898717486], [127.09354220416904, 37.64684523709041], [127.09475214032085, 37.645560677955466], [127.09834292278742, 37.64511321046988], [127.10046083694466, 37.64573115603275], [127.10314447626722, 37.64506750229909], [127.10509554205703, 37.645351302446855], [127.10585075690281, 37.64492999384159], [127.10680377488697, 37.64504937126724], [127.10802797949287, 37.64463889148119], [127.10965073122377, 37.64254517955076], [127.11105637746168, 37.64252051388748], [127.11190712215583, 37.639820451291044], [127.11097698217014, 37.639688986846956], [127.11047903257136, 37.638988656605406], [127.11083853638844, 37.63823403735164], [127.11186010846693, 37.63783721962778], [127.11208449026215, 37.63706076140066], [127.11238430380162, 37.6352283988172], [127.1117018672605, 37.63353519997446], [127.11203737202675, 37.63261814120979], [127.11084221141535, 37.630471266361496], [127.10893166824859, 37.62943154621714], [127.10787905678878, 37.6282237805995], [127.10536975382928, 37.62713949153813], [127.1052486853706, 37.6252292409846], [127.10350739754924, 37.6229036980539], [127.1040649799952, 37.621658173653195], [127.10571035369298, 37.620833462172854], [127.10150748859888, 37.61980294198128], [127.09980337819238, 37.618108278384895], [127.09860095528391, 37.61822921665698], [127.09708820884642, 37.61704904087879], [127.09304690168486, 37.61804135189831], [127.08924350173766, 37.619764267951005], [127.08876142645607, 37.620243834084185], [127.08806666786492, 37.619859458232064], [127.08609112271071, 37.620287448260605], [127.08490424631293, 37.61964212119576], [127.08163723624973, 37.61925076864618], [127.08060392681583, 37.61850365199464], [127.07878665770465, 37.618135453854734], [127.07190088653442, 37.61550580069498], [127.07140317298975, 37.615628010434406], [127.07118707039898, 37.61636863177054], [127.06800698287385, 37.615568311745584], [127.06620235168224, 37.614517137826155], [127.06601618841096, 37.614119963379295], [127.06201420213011, 37.61437548352523], [127.06091106335496, 37.61494704054492], [127.06092264245474, 37.61526491205856], [127.06045668321228, 37.615504187172924], [127.0606996896083, 37.61575408775802], [127.05813244328529, 37.617085420037604], [127.05335332986182, 37.62090157841139], [127.04754537092342, 37.62728348526341], [127.04516207650688, 37.62855758674519], [127.04148129879204, 37.63127872017819], [127.04402540000245, 37.63361755930879], [127.04501434061962, 37.636867195165934], [127.04551146193027, 37.63782908599635], [127.04590044669207, 37.63792410607952], [127.0465774457541, 37.63946789946833], [127.04640503345966, 37.641259783413965], [127.04761916272078, 37.64129619904432], [127.04895945454996, 37.6423444611793], [127.04958308028867, 37.64359741107532], [127.0505460467194, 37.64393122087662], [127.05026374820604, 37.645141461845064], [127.05098755488407, 37.64494914000932], [127.05124761979414, 37.6451959545246], [127.05289194024816, 37.641754364039876], [127.05413043160969, 37.640672927517244], [127.054936706762, 37.64076181829407], [127.05505011698592, 37.64338051234187], [127.0558925911726, 37.64597043431586], [127.05436127489699, 37.650408436294335], [127.05409555194962, 37.655738667578625], [127.0523045543387, 37.658426890197546], [127.05155591455417, 37.66059292670529], [127.05126634195116, 37.66397536083924], [127.04928777792894, 37.66737256603406], [127.0488231045439, 37.66909332980452], [127.04913542715495, 37.67312026910329], [127.05202639969589, 37.6838242942408], [127.0519206022309, 37.68480189230562], [127.05077669218353, 37.687021577515175], [127.05179833709037, 37.68710533080485], [127.05482237286016, 37.68934769908893], [127.05682644987358, 37.6895680769905], [127.06038593620215, 37.6886893165794], [127.06511163272562, 37.689846861538115], [127.06570220360472, 37.690817899218736], [127.0677451371379, 37.69241965019737], [127.06826018357759, 37.69346617314941], [127.06939269615431, 37.6943659325084], [127.07043023926262, 37.69407673928911], [127.07262764512011, 37.69434938567952], [127.07409990960544, 37.695496097577674], [127.0766141422167, 37.69594557080247], [127.07734114272841, 37.69638432774312], [127.0817642632477, 37.696377459382106]]]}, "properties": {"name": "노원구", "total_spaces": 180331}}, {"type": "Feature", "geometry": {"type": "Polygon", "coordinates": [[[127.05006143430045, 37.688183843581776], [127.0519206022309, 37.68480189230562], [127.05202639969589, 37.6838242942408], [127.04913542715495, 37.67312026910329], [127.0488231045439, 37.66909332980452], [127.04928777792894, 37.66737256603406], [127.05126634195116, 37.66397536083924], [127.05155591455417, 37.66059292670529], [127.0523045543387, 37.658426890197546], [127.05409555194962, 37.655738667578625], [127.05436127489699, 37.650408436294335], [127.0558925911726, 37.64597043431586], [127.05505011698592, 37.64338051234187], [127.054936706762, 37.64076181829407], [127.05413043160969, 37.640672927517244], [127.05289194024816, 37.641754364039876], [127.05124761979414, 37.6451959545246], [127.05098755488407, 37.64494914000932], [127.05026374820604, 37.645141461845064], [127.0505460467194, 37.64393122087662], [127.04958308028867, 37.64359741107532], [127.04895945454996, 37.6423444611793], [127.04761916272078, 37.64129619904432], [127.04640503345966, 37.641259783413965], [127.0465774457541, 37.63946789946833], [127.04590044669207, 37.63792410607952], [127.04551146193027, 37.63782908599635], [127.04501434061962, 37.636867195165934], [127.04402540000245, 37.63361755930879], [127.04148129879204, 37.63127872017819], [127.03996870181452, 37.6322429881171], [127.0384792506463, 37.633913652472806], [127.03743800568256, 37.63643220734261], [127.03468580722327, 37.63760090529954], [127.03267062757565, 37.64163107531155], [127.02740163566203, 37.6450690116923], [127.02566437986455, 37.64585857896943], [127.02461727646948, 37.64740227343741], [127.02236341954826, 37.647984667328664], [127.02113955971909, 37.64901621304695], [127.01820409948853, 37.64861460416809], [127.01634032371337, 37.648899786610336], [127.01497994721262, 37.64945770997712], [127.01438803487407, 37.65037451878924], [127.01324478967399, 37.650439677108935], [127.01256293143757, 37.65274990023899], [127.0138896372498, 37.65901858220846], [127.01457694534373, 37.66043641627935], [127.01445236288916, 37.66193204678301], [127.0157827037865, 37.66144761999603], [127.01645762580347, 37.661739789883605], [127.01601779997465, 37.662908576686775], [127.01544999042365, 37.663480763365484], [127.01575074731028, 37.66473167288568], [127.01544517905181, 37.66616453846195], [127.01582765970016, 37.666863591545805], [127.01816097132883, 37.66877728988831], [127.01851614994004, 37.669958358154986], [127.01663196613288, 37.672666881296436], [127.01386720051521, 37.67537208990109], [127.01312401543302, 37.67760995357751], [127.01236285793108, 37.6783693759306], [127.01198110998939, 37.679294032143886], [127.00869883747073, 37.679701685412006], [127.00810799758312, 37.68031100156767], [127.00880374089272, 37.68197015488373], [127.00796354151193, 37.68328815491337], [127.00834869736643, 37.68399173490915], [127.00829243025292, 37.684677601872274], [127.00872344014809, 37.68501403245068], [127.00897269351236, 37.686972219276306], [127.00868602600761, 37.68830482782173], [127.00808662429098, 37.68902338607052], [127.00805770982517, 37.69059501645434], [127.00839083736739, 37.69147513198052], [127.00811274591176, 37.691938302362296], [127.00895902486567, 37.69378270469882], [127.00883722023836, 37.694611322137895], [127.01053151726981, 37.69688530605689], [127.01194833721918, 37.69824424378499], [127.01448914390484, 37.69826820531741], [127.0149388527563, 37.698545202746594], [127.01495812549504, 37.69931130503585], [127.01584591511906, 37.70102529209884], [127.01930059966574, 37.70137957797035], [127.01988601788095, 37.70075106320865], [127.022089953694, 37.69960393614844], [127.02333555205944, 37.69983205141541], [127.02489704242589, 37.69943729718438], [127.02676382683698, 37.70021315264136], [127.02716548028872, 37.70071957888078], [127.0280824844635, 37.70054875512441], [127.02921813992747, 37.699005023065006], [127.03006729781971, 37.69523201534837], [127.03114442470769, 37.692939065472586], [127.03223769264481, 37.692573893328024], [127.03246569028539, 37.691712845058746], [127.03415954857225, 37.69189427163312], [127.03535576227017, 37.69241705975353], [127.03589494700765, 37.69224346727964], [127.03736628365752, 37.69309191108647], [127.0383839574792, 37.693247014546834], [127.03916581808771, 37.694065804643174], [127.03969323715978, 37.694089285548486], [127.0415767836414, 37.69535958992464], [127.04213750306552, 37.6950282921577], [127.04312277650399, 37.69515492899634], [127.04321050817127, 37.694269696213965], [127.04287332495271, 37.693868320676344], [127.04501249186073, 37.69288746592791], [127.0450853971171, 37.6924414593328], [127.04675156139471, 37.69274209364542], [127.04775158401564, 37.69326286014541], [127.04820480951012, 37.69391363165448], [127.04897388259552, 37.69394598483999], [127.05009508661409, 37.69034840912925], [127.05006143430045, 37.688183843581776]]]}, "properties": {"name": "도봉구", "total_spaces": 121083}}, {"type": "Feature", "geometry": {"type": "Polygon", "coordinates": [[[126.99173635663968, 37.679465274389045], [126.99379926026367, 37.68024927235525], [126.99420888504847, 37.68097908495444], [126.99580935392524, 37.681929979132214], [126.99798603572611, 37.683824073673435], [127.00119361574846, 37.684442698750765], [127.00196398334627, 37.68372727154179], [127.00305320417642, 37.68429177673593], [127.00356550664401, 37.68506801124288], [127.00419063458111, 37.685173018106866], [127.00586177042767, 37.685214919892125], [127.00829243025292, 37.684677601872274], [127.00834869736643, 37.68399173490915], [127.0079665502731, 37.683258873205574], [127.00880638950126, 37.681884562496606], [127.00813739613486, 37.68025834942813], [127.00869883747073, 37.679701685412006], [127.01198110998939, 37.679294032143886], [127.01236285793108, 37.6783693759306], [127.01312401543302, 37.67760995357751], [127.01386720051521, 37.67537208990109], [127.01663196613288, 37.672666881296436], [127.01851614994004, 37.669958358154986], [127.01816097132883, 37.66877728988831], [127.01582765970016, 37.666863591545805], [127.01544517905181, 37.66616453846195], [127.01575074731028, 37.66473167288568], [127.01544999042365, 37.663480763365484], [127.01601779997465, 37.662908576686775], [127.01645762580347, 37.661739789883605], [127.0157827037865, 37.66144761999603], [127.01445236288916, 37.66193204678301], [127.01457694534373, 37.66043641627935], [127.0138896372498, 37.65901858220846], [127.01256293143757, 37.65274990023899], [127.01324478967399, 37.650439677108935], [127.01438803487407, 37.65037451878924], [127.01497994721262, 37.64945770997712], [127.01634032371337, 37.648899786610336], [127.01820409948853, 37.64861460416809], [127.02113955971909, 37.64901621304695], [127.02236341954826, 37.647984667328664], [127.02461727646948, 37.64740227343741], [127.02566437986455, 37.64585857896943], [127.02740163566203, 37.6450690116923], [127.03267062757565, 37.64163107531155], [127.03468580722327, 37.63760090529954], [127.03743800568256, 37.63643220734261], [127.0384792506463, 37.633913652472806], [127.03996870181452, 37.6322429881171], [127.04289320576159, 37.63043581860872], [127.04516207650688, 37.62855758674519], [127.04735465846593, 37.62743925994546], [127.04998632283005, 37.624430908379864], [127.04623827777654, 37.622075481495806], [127.04396079033432, 37.61867653008576], [127.0401944472115, 37.61594531900446], [127.03911862162593, 37.6163085930075], [127.03918092202501, 37.61596732664209], [127.03986564247394, 37.61562980142153], [127.03681790735057, 37.612507163189996], [127.03041110925595, 37.609138952369584], [127.03019431995463, 37.612327635823014], [127.0264147832187, 37.612669740309265], [127.02602814109251, 37.612226369424306], [127.02433594556754, 37.6120822700986], [127.0222351344525, 37.61126924010435], [127.02202960482059, 37.61228710360804], [127.02047926821038, 37.61254780279823], [127.01925830488429, 37.61375277362726], [127.01822148976584, 37.61398295668047], [127.01764274640013, 37.61457092738353], [127.01621873541106, 37.61498415685501], [127.01501528888461, 37.61481029863098], [127.01475244644718, 37.61559221100429], [127.0130712082895, 37.61570360237185], [127.01147021519314, 37.616419183366446], [127.0107116981042, 37.61644317718385], [127.01007411695754, 37.61700493034218], [127.00982219291906, 37.617833005910384], [127.00850252167551, 37.61853191443318], [127.00804580633017, 37.619369289293], [127.0073104250981, 37.62144496090106], [127.00792567538109, 37.62396908058361], [127.0044725390916, 37.624443358033695], [127.00235781297329, 37.62559495645253], [126.99999948846576, 37.625774300836056], [126.99657169507012, 37.62908699461595], [126.9949224492655, 37.629976630520765], [126.9941018442592, 37.62991914438417], [126.99290993934106, 37.632394783643626], [126.99126924873397, 37.63200920267588], [126.9868093192753, 37.63512217373205], [126.98560356348688, 37.635444679962376], [126.98454469868585, 37.63666366798505], [126.98538396301669, 37.6391538624176], [126.98636759235605, 37.64065102282623], [126.98589492962505, 37.6405690285674], [126.98531120292478, 37.6416016947571], [126.98411383784466, 37.641906448563525], [126.98324894168526, 37.64364661076114], [126.9842024686868, 37.644472274379126], [126.98494326917341, 37.64582412698285], [126.9846422752693, 37.64745879298387], [126.98378424553631, 37.64839793458153], [126.98363126497023, 37.64990591973524], [126.98256469339705, 37.65055698963245], [126.98224367250839, 37.65130474730219], [126.9813265104666, 37.651946257302036], [126.98060145523058, 37.65381340211501], [126.9796439282433, 37.654883980907215], [126.97944816650735, 37.65582743403417], [126.97995365895203, 37.65658322007229], [126.98128642590137, 37.657420517912016], [126.98264063981291, 37.65759446157357], [126.9849962293332, 37.65930272461488], [126.98821558947826, 37.6637984283283], [126.98984195513303, 37.66390249408315], [126.9924314125706, 37.66483072472893], [126.99415560551877, 37.66627690713163], [126.99370951120045, 37.66790200857793], [126.99383878726138, 37.67139384923788], [126.99412668141116, 37.672213189351204], [126.99341363626321, 37.6738945817389], [126.99377448493205, 37.67492227709853], [126.99296941345025, 37.67565003774506], [126.9927570799146, 37.67841065521579], [126.99173635663968, 37.679465274389045]]]}, "properties": {"name": "강북구", "total_spaces": 98423}}, {"type": "Feature", "geometry": {"type": "Polygon", "coordinates": [[[126.97507471161043, 37.631386135475765], [126.97655153155749, 37.63241019398253], [126.97730808900269, 37.63350419560107], [126.97904239130274, 37.6338609882252], [126.980807713362, 37.63476566806886], [126.98154625107843, 37.6347227173914], [126.98226752958817, 37.63570490325009], [126.98359483705823, 37.636454331730455], [126.9841250577201, 37.63630574976097], [126.98462544409938, 37.6365648535794], [126.98560356348688, 37.635444679962376], [126.9868093192753, 37.63512217373205], [126.99126924873397, 37.63200920267588], [126.99290993934106, 37.632394783643626], [126.9941018442592, 37.62991914438417], [126.9949224492655, 37.629976630520765], [126.99657169507012, 37.62908699461595], [126.99999948846576, 37.625774300836056], [127.00235781297329, 37.62559495645253], [127.0044725390916, 37.624443358033695], [127.00792567538109, 37.62396908058361], [127.0073104250981, 37.62144496090106], [127.00804580633017, 37.619369289293], [127.00850252167551, 37.61853191443318], [127.00982219291906, 37.617833005910384], [127.01007411695754, 37.61700493034218], [127.0107116981042, 37.61644317718385], [127.01147021519314, 37.616419183366446], [127.0130712082895, 37.61570360237185], [127.01475244644718, 37.61559221100429], [127.01501528888461, 37.61481029863098], [127.01621873541106, 37.61498415685501], [127.01764274640013, 37.61457092738353], [127.01822148976584, 37.61398295668047], [127.01925830488429, 37.61375277362726], [127.02047926821038, 37.61254780279823], [127.02202960482059, 37.61228710360804], [127.0222351344525, 37.61126924010435], [127.02433594556754, 37.6120822700986], [127.02602814109251, 37.612226369424306], [127.0264147832187, 37.612669740309265], [127.03019431995463, 37.612327635823014], [127.03041110925595, 37.609138952369584], [127.03727835505826, 37.61283447500538], [127.03986564247394, 37.61562980142153], [127.03918092202501, 37.61596732664209], [127.03911862162593, 37.6163085930075], [127.0401944472115, 37.61594531900446], [127.04396079033432, 37.61867653008576], [127.04623827777654, 37.622075481495806], [127.04998632283005, 37.624430908379864], [127.05420819408646, 37.62017450304417], [127.05813244328529, 37.617085420037604], [127.0606996896083, 37.61575408775802], [127.06045668321228, 37.615504187172924], [127.06092264245474, 37.61526491205856], [127.06091106335496, 37.61494704054492], [127.06201420213011, 37.61437548352523], [127.06601618841096, 37.614119963379295], [127.06620235168224, 37.614517137826155], [127.06800698287385, 37.615568311745584], [127.07118707039898, 37.61636863177054], [127.07171786449614, 37.60681171968491], [127.07054316245095, 37.606910957443915], [127.07046824853778, 37.609335487436105], [127.06858822022716, 37.6093224929274], [127.0687344833572, 37.60687117558016], [127.06736912299975, 37.60648480445013], [127.06620468377842, 37.605562504605274], [127.06542323139759, 37.6055167549479], [127.06497301948205, 37.60587429367393], [127.06370325619271, 37.60528285511947], [127.06233454798256, 37.60528103428567], [127.06106737377523, 37.60368102853856], [127.06012359282856, 37.60306686174527], [127.0599504615589, 37.60228647117404], [127.06055600369008, 37.6018945238197], [127.05916049988953, 37.601023794021394], [127.05732929495369, 37.60118600637723], [127.05737750776755, 37.60153652229925], [127.05542849263995, 37.6010311886963], [127.05508032042418, 37.60134106014948], [127.05428006919298, 37.60066089674667], [127.05202998968763, 37.59995263832934], [127.05132742630656, 37.60162651315966], [127.05099491426228, 37.60156668132257], [127.05027340159441, 37.60110522771309], [127.04894699822555, 37.598220368905594], [127.04815799275221, 37.59755592630436], [127.04764747021025, 37.59628771067287], [127.04696900829802, 37.59609369920642], [127.04610876693923, 37.596657986902], [127.04402522409552, 37.596307653437435], [127.04324937254785, 37.597222710421384], [127.04217710711883, 37.59645246191016], [127.04196611280506, 37.596930618951056], [127.04106326464866, 37.594973255658395], [127.04074147877003, 37.59505219913015], [127.04075390245815, 37.59580029331416], [127.03906285497877, 37.591270018300584], [127.0363507105566, 37.59124353864719], [127.03638866246315, 37.58992330315572], [127.02911119509643, 37.5823749701032], [127.02315979149503, 37.57834457854967], [127.02287361293594, 37.57780600952332], [127.02250878112095, 37.578096361625526], [127.02273420765043, 37.578358733713436], [127.02185256771362, 37.57886344138833], [127.01919429026745, 37.57805044726777], [127.01872364720892, 37.57749415744702], [127.01809202760994, 37.57764459998164], [127.01823403707786, 37.579098828814125], [127.01756040840755, 37.57973805959901], [127.01639017319567, 37.581842579019224], [127.01468586387877, 37.58222654519466], [127.01280108473743, 37.581317307433224], [127.01138293976257, 37.5813700858275], [127.0102947352156, 37.58022535597183], [127.00884142503578, 37.5804526725692], [127.00692689296966, 37.58234203132799], [127.00737062467272, 37.58333534725873], [127.00686359943525, 37.585307122404174], [127.00644436250268, 37.58564219466642], [127.00652753962369, 37.586128160250766], [127.00593336363639, 37.58690978884837], [127.00429981718861, 37.58708665700944], [127.00419494240782, 37.58795047909333], [127.00233776710611, 37.58915388486221], [127.00150964359283, 37.59020156428561], [127.00191195179718, 37.591248676917814], [127.00094208618138, 37.592392645095316], [126.99853226379771, 37.592506358007064], [126.99648728281794, 37.59202566958337], [126.99563841135536, 37.59223933262542], [126.9943772511553, 37.59124592747706], [126.99237535595672, 37.59193250862996], [126.99145386463627, 37.59137072602403], [126.98921518776444, 37.59119228786045], [126.98907503627167, 37.591394431613566], [126.98947586553666, 37.59179484825216], [126.98647979488139, 37.59250628236081], [126.98427353658217, 37.593581812370644], [126.98201152781185, 37.59584321205355], [126.98156691001162, 37.59716505005236], [126.98156655864933, 37.599143553772905], [126.98490862357457, 37.59943886195681], [126.98637476220196, 37.60007960207715], [126.98774121798424, 37.60121557154006], [126.98590068699426, 37.60713592508549], [126.98627154177083, 37.60993859089521], [126.98695961852435, 37.61057471462526], [126.98683931017763, 37.613143060245086], [126.9870680512621, 37.61355190875111], [126.98669707569489, 37.61468372037144], [126.98280584044896, 37.616693762777906], [126.98293687566871, 37.6178253589461], [126.98201918199688, 37.61871267671492], [126.9818006301352, 37.619305316593035], [126.98208452719321, 37.6199228167851], [126.98148324021297, 37.620845376288294], [126.98137362273955, 37.621733667680935], [126.98087016183919, 37.62275225109997], [126.97920855559238, 37.624571364555905], [126.9796891382691, 37.62625093645187], [126.97943776724567, 37.62695646906749], [126.97966650869844, 37.62797461807448], [126.98049682065465, 37.62864543517625], [126.980508210826, 37.62905453794746], [126.97952401305812, 37.629202175433626], [126.97821334213644, 37.62843581018916], [126.97589567350924, 37.628861605312714], [126.97645315235303, 37.62965402333634], [126.97623408804624, 37.63101163885491], [126.97507471161043, 37.631386135475765]]]}, "properties": {"name": "성북구", "total_spaces": 170556}}, {"type": "Feature", "geometry": {"type": "Polygon", "coordinates": [[[127.07140317298975, 37.615628010434406], [127.07190088653442, 37.61550580069498], [127.07878665770465, 37.618135453854734], [127.08060392681583, 37.61850365199464], [127.08163723624973, 37.61925076864618], [127.08490424631293, 37.61964212119576], [127.08609112271071, 37.620287448260605], [127.08806666786492, 37.619859458232064], [127.08876142645607, 37.620243834084185], [127.09243572533823, 37.61827917632533], [127.09614817091298, 37.617102167868815], [127.09708820884642, 37.61704904087879], [127.09860095528391, 37.61822921665698], [127.09980337819238, 37.618108278384895], [127.10150748859888, 37.61980294198128], [127.10571035369298, 37.620833462172854], [127.10880442075201, 37.62045509391944], [127.11097930869997, 37.62075633269102], [127.11394519453894, 37.619428540916495], [127.11536955277266, 37.61954261344684], [127.11571184575983, 37.61919991034042], [127.11558572410523, 37.61866451230094], [127.11695411240966, 37.61795675701429], [127.11716984287781, 37.61692323406931], [127.11666219320912, 37.6161835187486], [127.11661969986152, 37.61467835953485], [127.11700345942131, 37.61427507732349], [127.11722294375723, 37.61235915172851], [127.11758665823312, 37.61170699108765], [127.11679657833847, 37.61014625229933], [127.11661509862245, 37.608821705079464], [127.1183171397446, 37.607613843780214], [127.11827577024314, 37.60627958688635], [127.11790332656811, 37.60573767618925], [127.11801122703973, 37.60457755523697], [127.11727239672767, 37.603959983049386], [127.11690181514695, 37.60289296330113], [127.11383185573871, 37.59996378876231], [127.11405282283087, 37.59900572069967], [127.11499314155316, 37.59789773735256], [127.11836803722373, 37.59501326840001], [127.11782383826807, 37.59400526714567], [127.11296218101116, 37.59306336097314], [127.11289382423338, 37.592307161963156], [127.11052760694619, 37.58920435330708], [127.10932814365641, 37.58466420886406], [127.1072470982644, 37.585301848820905], [127.10658030487792, 37.58463824901724], [127.10234803651483, 37.58417680604874], [127.10119839897578, 37.58380443651051], [127.10117814282845, 37.58333903824727], [127.09975055328407, 37.583051356274154], [127.09880130569744, 37.58330976792625], [127.09726957887742, 37.5826431645945], [127.09990455230366, 37.58272293136557], [127.10276861906287, 37.58176264916086], [127.10267160039916, 37.57830322719819], [127.1010524966588, 37.575727781723934], [127.10125526541182, 37.574980354632004], [127.10085480754583, 37.574176842948425], [127.10093022109878, 37.573559884881746], [127.10025733716722, 37.572984099323996], [127.09948769645155, 37.57252946036683], [127.0984432089347, 37.5724855546659], [127.09810644085681, 37.57207193959992], [127.09418834588833, 37.57046540948838], [127.09263166935972, 37.57041059090572], [127.09230486282226, 37.569864055743004], [127.09117343993283, 37.56955942916274], [127.08997711882922, 37.569705052713665], [127.08910908628475, 37.57017843689681], [127.0883990124926, 37.57006577497138], [127.08815846826829, 37.57082418918453], [127.08614711868073, 37.57082058000204], [127.0785759309308, 37.57186077379009], [127.07846092787571, 37.575435234135746], [127.07784727869266, 37.57971334813114], [127.07701401582662, 37.581351989464515], [127.0711650358604, 37.58874901594721], [127.06950432600941, 37.59550201784331], [127.06972753555638, 37.59755556895312], [127.07198513833629, 37.6003242035863], [127.07270960744191, 37.602270173738894], [127.07170077035929, 37.60632153921351], [127.07140317298975, 37.615628010434406]]]}, "properties": {"name": "중랑구", "total_spaces": 133688}}, {"type": "Feature", "geometry": {"type": "Polygon", "coordinates": [[[127.02336817930893, 37.5717397407898], [127.02315979149503, 37.57834457854967], [127.02949908117334, 37.58272485557345], [127.03638866246315, 37.58992330315572], [127.0363507105566, 37.59124353864719], [127.03906285497877, 37.591270018300584], [127.04075390245815, 37.59580029331416], [127.04074147877003, 37.59505219913015], [127.04106326464866, 37.594973255658395], [127.04196611280506, 37.596930618951056], [127.04217710711883, 37.59645246191016], [127.04324937254785, 37.597222710421384], [127.04402522409552, 37.596307653437435], [127.04610876693923, 37.596657986902], [127.04696900829802, 37.59609369920642], [127.04764747021025, 37.59628771067287], [127.04815799275221, 37.59755592630436], [127.04894699822555, 37.598220368905594], [127.05027340159441, 37.60110522771309], [127.05099491426228, 37.60156668132257], [127.05132742630656, 37.60162651315966], [127.05202998968763, 37.59995263832934], [127.05428006919298, 37.60066089674667], [127.05508032042418, 37.60134106014948], [127.05542849263995, 37.6010311886963], [127.05737750776755, 37.60153652229925], [127.05732929495369, 37.60118600637723], [127.05916049988953, 37.601023794021394], [127.06055600369008, 37.6018945238197], [127.0599504615589, 37.60228647117404], [127.06012359282856, 37.60306686174527], [127.06106737377523, 37.60368102853856], [127.06233454798256, 37.60528103428567], [127.06370325619271, 37.60528285511947], [127.06497301948205, 37.60587429367393], [127.06542323139759, 37.6055167549479], [127.06620468377842, 37.605562504605274], [127.06736912299975, 37.60648480445013], [127.06810119656029, 37.606507762965286], [127.06809456063607, 37.606805372397965], [127.0687344833572, 37.60687117558016], [127.06858822022716, 37.6093224929274], [127.07046824853778, 37.609335487436105], [127.07054316245095, 37.606910957443915], [127.07171786449614, 37.60681171968491], [127.07272073806779, 37.60243825663972], [127.07198513833629, 37.6003242035863], [127.06972753555638, 37.59755556895312], [127.06941951080563, 37.59620680498787], [127.06962619492556, 37.59488280266269], [127.0711650358604, 37.58874901594721], [127.07701401582662, 37.581351989464515], [127.07784727869266, 37.57971334813114], [127.07864446844755, 37.572632762667695], [127.07760346234735, 37.56974126784126], [127.0721017506745, 37.56004554259046], [127.07076619235093, 37.56057369373025], [127.0633071325409, 37.5614836084313], [127.05870704736262, 37.56245814965612], [127.04794931518276, 37.5703741120983], [127.04218046161758, 37.57302092027285], [127.03792747958144, 37.57289842265957], [127.03653336342485, 37.57251676932377], [127.0351015082443, 37.57195772829513], [127.032408270093, 37.57018605171066], [127.0311345100858, 37.569826264465846], [127.02971908957889, 37.56992543815078], [127.02336817930893, 37.5717397407898]]]}, "properties": {"name": "동대문구", "total_spaces": 154495}}, {"type": "Feature", "geometry": {"type": "Polygon", "coordinates": [[[127.0785759309308, 37.57186077379009], [127.08614711868073, 37.57082058000204], [127.08815846826829, 37.57082418918453], [127.0883990124926, 37.57006577497138], [127.08910908628475, 37.57017843689681], [127.08997711882922, 37.569705052713665], [127.09117343993283, 37.56955942916274], [127.09230486282226, 37.569864055743004], [127.09263166935972, 37.57041059090572], [127.09418834588833, 37.57046540948838], [127.09810644085681, 37.57207193959992], [127.0984432089347, 37.5724855546659], [127.09948769645155, 37.57252946036683], [127.10093022109878, 37.573559884881746], [127.10176059836198, 37.572467298887275], [127.10297433342015, 37.572365464160384], [127.10397420269659, 37.571729123067186], [127.10419011559732, 37.57105150557116], [127.10334188975494, 37.56964923353482], [127.10230134888135, 37.56436723880128], [127.10170748884511, 37.56331978183414], [127.10195790170769, 37.56226034415547], [127.10130534690552, 37.56160796205119], [127.10114602036414, 37.56002320048591], [127.11059726009042, 37.55982169807144], [127.11167188978818, 37.56027485526299], [127.11308335990931, 37.560331249663754], [127.11344250795952, 37.559844375654244], [127.11389689046953, 37.558598889570554], [127.11388950996786, 37.55333035911563], [127.11244447368281, 37.54950730253723], [127.1120718502943, 37.54754546274913], [127.10956441552052, 37.54346995291431], [127.1027300093347, 37.53400432482909], [127.0987643259135, 37.527642980888146], [127.09225086686064, 37.526786025258595], [127.0906709728779, 37.52606389877456], [127.08428502569146, 37.524420289293474], [127.07758024282315, 37.52357504653593], [127.07285460803065, 37.52371258131441], [127.06618920167982, 37.525261061997185], [127.05656652273345, 37.52910107819281], [127.07369805624955, 37.5594395068574], [127.0721017506745, 37.56004554259046], [127.0785759309308, 37.57186077379009]]]}, "properties": {"name": "광진구", "total_spaces": 141543}}, {"type": "Feature", "geometry": {"type": "Polygon", "coordinates": [[[127.02336817930893, 37.5717397407898], [127.02971908957889, 37.56992543815078], [127.0311345100858, 37.569826264465846], [127.032408270093, 37.57018605171066], [127.0351015082443, 37.57195772829513], [127.03653336342485, 37.57251676932377], [127.03792747958144, 37.57289842265957], [127.04218046161758, 37.57302092027285], [127.04794931518276, 37.5703741120983], [127.05870704736262, 37.56245814965612], [127.0633071325409, 37.5614836084313], [127.07076619235093, 37.56057369373025], [127.07369805624955, 37.5594395068574], [127.05656652273345, 37.52910107819281], [127.04905847523659, 37.532552048637605], [127.04693177963165, 37.534205645626244], [127.04596165163977, 37.53250285526803], [127.02985695484544, 37.538864325016135], [127.02485652280284, 37.53764767090113], [127.02092441406802, 37.53511940732995], [127.01561162023039, 37.53843384454165], [127.01509820822454, 37.5383854763304], [127.01478926787165, 37.53890132984025], [127.012711675844, 37.53942017898498], [127.01153310783708, 37.538981332417634], [127.00932273701561, 37.53967751605642], [127.00934516333677, 37.54111431613059], [127.0083369517613, 37.541859386727886], [127.00857617619037, 37.54388604193499], [127.00931973068926, 37.54475995734127], [127.01070587839712, 37.5446238641661], [127.00889125363743, 37.54579922260084], [127.00961800603662, 37.548051090735115], [127.01078233361986, 37.5480864816662], [127.0116576231756, 37.548511565039895], [127.01512076658032, 37.55161850981869], [127.01518520856168, 37.55204816236033], [127.0167899793916, 37.55337523757514], [127.01741137280258, 37.55598267795851], [127.01788028605779, 37.55657022839679], [127.01937086951837, 37.557499158364294], [127.02116020704578, 37.5578916495491], [127.02285713498644, 37.55786826721223], [127.02279408263198, 37.55876701589999], [127.02241041038499, 37.55901795372731], [127.02334442500167, 37.56003787393214], [127.0233349046161, 37.5607443077438], [127.02512459804473, 37.56251356274386], [127.02626525362965, 37.56299366899734], [127.02659120881957, 37.563584311153214], [127.02670557413094, 37.56498982943509], [127.02361527185889, 37.565168956618265], [127.02336817930893, 37.5717397407898]]]}, "properties": {"name": "성동구", "total_spaces": 121885}}, {"type": "Feature", "geometry": {"type": "Polygon", "coordinates": [[[127.00860606504766, 37.54397979962552], [127.0083369517613, 37.541859386727886], [127.00934516333677, 37.54111431613059], [127.00932273701561, 37.53967751605642], [127.01153310783708, 37.538981332417634], [127.012711675844, 37.53942017898498], [127.01478926787165, 37.53890132984025], [127.01509820822454, 37.5383854763304], [127.01561162023039, 37.53843384454165], [127.02092441406802, 37.53511940732995], [127.01260925817355, 37.52831262749706], [127.0095477835465, 37.52636447459504], [127.0081192236573, 37.52482160944269], [127.00607815941291, 37.52157502601754], [127.00373172187817, 37.51970721683737], [126.98937918626494, 37.51270784393249], [126.98862377549003, 37.51409726973373], [126.98738176519784, 37.51368069826835], [126.98248558898915, 37.513506005935334], [126.98209468196069, 37.51204069629694], [126.96460251906906, 37.51277843973601], [126.96120555495952, 37.51378954277477], [126.95740471850083, 37.51529763516709], [126.95342086266989, 37.517538152845084], [126.95040252562951, 37.520026730781595], [126.94794106123918, 37.52358231888372], [126.94771654088787, 37.52536027391712], [126.94670953541375, 37.52705002051022], [126.94357048103107, 37.529418137136474], [126.94508160082648, 37.53493492114597], [126.94558769911258, 37.534978803764545], [126.94543267694384, 37.53519215302281], [126.94639556851004, 37.53574221220296], [126.94735377719475, 37.535209098639974], [126.94757058563926, 37.535846650549225], [126.9486701682263, 37.53563006466508], [126.95112691252375, 37.536212560572956], [126.95296665616391, 37.53741643843612], [126.9529914325712, 37.538467794629696], [126.95367311628313, 37.5382309990401], [126.95461713190166, 37.53915714773107], [126.95561104871003, 37.53947147788517], [126.95646124439834, 37.54036547728711], [126.95716617836445, 37.5417783312241], [126.95831446552579, 37.54274338165], [126.95739132895622, 37.54313469031747], [126.95804565991575, 37.54498985009186], [126.95773583710658, 37.54508659224651], [126.95788501061834, 37.5454791419761], [126.95849943024545, 37.54546078444293], [126.96021453275836, 37.54631029982584], [126.96014702442395, 37.546570155944906], [126.96085834718728, 37.547198563003334], [126.96062696753381, 37.54739810902108], [126.96196648036192, 37.547773884482154], [126.9617277208001, 37.548221202772915], [126.96191987147007, 37.54864445168986], [126.96374713679178, 37.5488950753452], [126.96393592268046, 37.54970715382684], [126.96238693872291, 37.551503846007634], [126.96572993450192, 37.55411834231935], [126.96848896605884, 37.55538362986379], [126.96907578546387, 37.55517234140851], [126.96907280177223, 37.553896876151406], [126.97217207409881, 37.5538881140425], [126.97189304781976, 37.554312917656], [126.97221713026458, 37.554429282588316], [126.97424691465365, 37.553572983237146], [126.97585947395883, 37.55337062178444], [126.97665859841389, 37.552708283091285], [126.9765784857009, 37.554863322763005], [126.9769260711542, 37.555056263897164], [126.97876860220434, 37.55405062122065], [126.97888316214198, 37.553548622611025], [126.980528582127, 37.553403641833995], [126.98083912317456, 37.55392542643116], [126.9823502112572, 37.55357401354511], [126.98270380955192, 37.5537995995963], [126.98374356293068, 37.553035889649806], [126.9844692447344, 37.55309315324481], [126.98542909468785, 37.55374622450621], [126.9875738903283, 37.55157989630012], [126.99028407602846, 37.55142814303335], [126.99119831938374, 37.550910438270414], [126.99532050273987, 37.54723721645609], [126.99637075726919, 37.547410707765216], [126.99674752164776, 37.547787450632946], [126.99679998961102, 37.54851331390254], [126.99860699900765, 37.54968381616969], [126.99852176267432, 37.54993130503118], [127.00025318047983, 37.549508152005785], [127.00209774729998, 37.5498302616848], [127.00268442803853, 37.54960078617214], [127.00422524914342, 37.550375613226635], [127.00471566103158, 37.54834724458768], [127.00589465616856, 37.548204737521374], [127.00501390027352, 37.54732095060992], [127.00528458198107, 37.54695153576532], [127.00484251816887, 37.54618232745728], [127.00725791515464, 37.54381065528649], [127.00860606504766, 37.54397979962552]]]}, "properties": {"name": "용산구", "total_spaces": 105891}}, {"type": "Feature", "geometry": {"type": "Polygon", "coordinates": [[[127.02336817930893, 37.5717397407898], [127.02361527185889, 37.565168956618265], [127.02670557413094, 37.56498982943509], [127.02659120881957, 37.563584311153214], [127.02626525362965, 37.56299366899734], [127.02512459804473, 37.56251356274386], [127.0233349046161, 37.5607443077438], [127.02334442500167, 37.56003787393214], [127.02241041038499, 37.55901795372731], [127.02279408263198, 37.55876701589999], [127.02285713498644, 37.55786826721223], [127.02116020704578, 37.5578916495491], [127.01937086951837, 37.557499158364294], [127.01788028605779, 37.55657022839679], [127.01741137280258, 37.55598267795851], [127.0167899793916, 37.55337523757514], [127.01518520856168, 37.55204816236033], [127.01512076658032, 37.55161850981869], [127.0116576231756, 37.548511565039895], [127.01078233361986, 37.5480864816662], [127.00961800603662, 37.548051090735115], [127.00889125363743, 37.54579922260084], [127.01070587839712, 37.5446238641661], [127.00935933659548, 37.5447714986765], [127.00860606504766, 37.54397979962552], [127.00725791515464, 37.54381065528649], [127.00484251816887, 37.54618232745728], [127.00528458198107, 37.54695153576532], [127.00501390027352, 37.54732095060992], [127.00589465616856, 37.548204737521374], [127.00471566103158, 37.54834724458768], [127.00422524914342, 37.550375613226635], [127.00268442803853, 37.54960078617214], [127.00209774729998, 37.5498302616848], [127.00025318047983, 37.549508152005785], [126.99852176267432, 37.54993130503118], [126.99860699900765, 37.54968381616969], [126.99679998961102, 37.54851331390254], [126.99674752164776, 37.547787450632946], [126.99637075726919, 37.547410707765216], [126.99532050273987, 37.54723721645609], [126.99119831938374, 37.550910438270414], [126.99028407602846, 37.55142814303335], [126.9875738903283, 37.55157989630012], [126.98542909468785, 37.55374622450621], [126.9844692447344, 37.55309315324481], [126.98374356293068, 37.553035889649806], [126.98270380955192, 37.5537995995963], [126.9823502112572, 37.55357401354511], [126.98083912317456, 37.55392542643116], [126.980528582127, 37.553403641833995], [126.97888316214198, 37.553548622611025], [126.97876860220434, 37.55405062122065], [126.9769260711542, 37.555056263897164], [126.9765784857009, 37.554863322763005], [126.97665859841389, 37.552708283091285], [126.97585947395883, 37.55337062178444], [126.97424691465365, 37.553572983237146], [126.97221713026458, 37.554429282588316], [126.97189304781976, 37.554312917656], [126.97217207409881, 37.5538881140425], [126.96907280177223, 37.553896876151406], [126.96907578546387, 37.55517234140851], [126.96848896605884, 37.55538362986379], [126.96572993450192, 37.55411834231935], [126.96238693872291, 37.551503846007634], [126.961753995062, 37.55234943959504], [126.96171732621576, 37.55380396383516], [126.96215002078283, 37.554147048356896], [126.96170271491079, 37.5553429629726], [126.96205019784257, 37.55532646762248], [126.96309806970835, 37.55642292399973], [126.96321599956362, 37.557150230152565], [126.96291848778473, 37.557293165417555], [126.96303668753738, 37.5581826498874], [126.96161158072371, 37.55845106596409], [126.96148351073441, 37.55885365237208], [126.96206792892066, 37.55926098376022], [126.96375848345832, 37.55934966453299], [126.9669014600634, 37.56130633799526], [126.9695925740396, 37.56201352818319], [126.96663704105096, 37.5659325567598], [126.96945081382921, 37.56844851990512], [126.96956852921477, 37.56821035306083], [126.9711480129287, 37.56882231565337], [126.97181269344082, 37.56830807682264], [126.97259365204731, 37.56847720602128], [126.97268779646416, 37.56925630222672], [126.9757832275781, 37.56940877771454], [126.98890576314709, 37.56810841782614], [126.9966966659119, 37.56870983960279], [127.00188477768918, 37.56961177031045], [127.01600575302575, 37.56982374049889], [127.02040418091879, 37.57172561106736], [127.02181478170802, 37.571944148077925], [127.02336817930893, 37.5717397407898]]]}, "properties": {"name": "중구", "total_spaces": 106103}}, {"type": "Feature", "geometry": {"type": "Polygon", "coordinates": [[[126.97178600727493, 37.632285204797846], [126.9744564087817, 37.63187702855394], [126.97623408804624, 37.63101163885491], [126.97645315235303, 37.62965402333634], [126.97589567350924, 37.628861605312714], [126.97821334213644, 37.62843581018916], [126.97952401305812, 37.629202175433626], [126.980508210826, 37.62905453794746], [126.98049682065465, 37.62864543517625], [126.97966650869844, 37.62797461807448], [126.97943776724567, 37.62695646906749], [126.9796891382691, 37.62625093645187], [126.97920855559238, 37.624571364555905], [126.98087016183919, 37.62275225109997], [126.98137362273955, 37.621733667680935], [126.98148324021297, 37.620845376288294], [126.98208452719321, 37.6199228167851], [126.9818006301352, 37.619305316593035], [126.98201918199688, 37.61871267671492], [126.98293687566871, 37.6178253589461], [126.98280584044896, 37.616693762777906], [126.98669707569489, 37.61468372037144], [126.9870680512621, 37.61355190875111], [126.98683931017763, 37.613143060245086], [126.98695961852435, 37.61057471462526], [126.98627154177083, 37.60993859089521], [126.98590068699426, 37.60713592508549], [126.98774121798424, 37.60121557154006], [126.98637476220196, 37.60007960207715], [126.98490862357457, 37.59943886195681], [126.98156655864933, 37.599143553772905], [126.98156691001162, 37.59716505005236], [126.98201152781185, 37.59584321205355], [126.98427353658217, 37.593581812370644], [126.98647979488139, 37.59250628236081], [126.98947586553666, 37.59179484825216], [126.98907503627167, 37.591394431613566], [126.98921518776444, 37.59119228786045], [126.99145386463627, 37.59137072602403], [126.99237535595672, 37.59193250862996], [126.9943772511553, 37.59124592747706], [126.99563841135536, 37.59223933262542], [126.99648728281794, 37.59202566958337], [126.99853226379771, 37.592506358007064], [127.00094208618138, 37.592392645095316], [127.00191195179718, 37.591248676917814], [127.00150964359283, 37.59020156428561], [127.00233776710611, 37.58915388486221], [127.00419494240782, 37.58795047909333], [127.00429981718861, 37.58708665700944], [127.00593336363639, 37.58690978884837], [127.00652753962369, 37.586128160250766], [127.00644436250268, 37.58564219466642], [127.00686359943525, 37.585307122404174], [127.00737062467272, 37.58333534725873], [127.00692689296966, 37.58234203132799], [127.00884142503578, 37.5804526725692], [127.0102947352156, 37.58022535597183], [127.01138293976257, 37.5813700858275], [127.01280108473743, 37.581317307433224], [127.01468586387877, 37.58222654519466], [127.01678635400512, 37.58153647469908], [127.01756040840755, 37.57973805959901], [127.01823403707786, 37.579098828814125], [127.01809202760994, 37.57764459998164], [127.01872364720892, 37.57749415744702], [127.01919429026745, 37.57805044726777], [127.02132048332005, 37.57883537600197], [127.02273420765043, 37.578358733713436], [127.02250878112095, 37.578096361625526], [127.02287361293594, 37.57780600952332], [127.02316801743063, 37.57804162025453], [127.02336817930893, 37.5717397407898], [127.02181478170802, 37.571944148077925], [127.02040418091879, 37.57172561106736], [127.01600575302575, 37.56982374049889], [127.00188477768918, 37.56961177031045], [126.9966966659119, 37.56870983960279], [126.98890576314709, 37.56810841782614], [126.9757832275781, 37.56940877771454], [126.97268779646416, 37.56925630222672], [126.97259365204731, 37.56847720602128], [126.97166889742391, 37.568325497202125], [126.9711480129287, 37.56882231565337], [126.96956852921477, 37.56821035306083], [126.96945081382921, 37.56844851990512], [126.96663704105096, 37.5659325567598], [126.9594252053457, 37.57311389581599], [126.95626847898207, 37.57584722433911], [126.95355602538422, 37.578875721545735], [126.95545520628411, 37.57896995521618], [126.95574651262228, 37.57930371508738], [126.955794815861, 37.58072926318067], [126.9565178589291, 37.58087904842188], [126.95645764887631, 37.5812833430165], [126.95700194703717, 37.581583127421865], [126.95910646062632, 37.58156700878076], [126.96067362808395, 37.5807977813242], [126.95967872259034, 37.582495791764075], [126.9567011327811, 37.58469254117117], [126.95845120667852, 37.59054114976663], [126.95832611452238, 37.59148263305995], [126.95632915657518, 37.5951497363343], [126.95628849733849, 37.595971023972375], [126.957135430941, 37.59838710811812], [126.95673132550024, 37.59866457102023], [126.95409330967246, 37.598550917596135], [126.9527493477046, 37.60040611411475], [126.95280199862442, 37.602694632801075], [126.9532649089895, 37.60320275203762], [126.95343740018171, 37.605174003525704], [126.95275970667204, 37.605951667514326], [126.95262466876304, 37.60679937968658], [126.95188810734481, 37.6071881839368], [126.95132572251019, 37.60827728976206], [126.9506569807264, 37.60830910094118], [126.95037697571067, 37.60787847946129], [126.94978176501306, 37.6088006003535], [126.95002757535778, 37.610318299083616], [126.95063393692963, 37.610964453295274], [126.95098358435195, 37.612057888282706], [126.9506747831964, 37.615430803882134], [126.9493556133083, 37.61772069009563], [126.95073489780427, 37.61889678965991], [126.95068642873424, 37.61990136181985], [126.95096927705323, 37.61986122076613], [126.95181552286734, 37.621330740928876], [126.95109301602741, 37.62191776070802], [126.95171635684318, 37.62432842774889], [126.9521716148673, 37.62482303151385], [126.95419932544424, 37.62531348807635], [126.95675301084701, 37.62536572770327], [126.95954233023545, 37.628482451506486], [126.96099268860424, 37.628517308371244], [126.96518972941752, 37.62944780967599], [126.9661790232446, 37.63056673150446], [126.96676351706752, 37.63055029332386], [126.96762943102554, 37.629809208676726], [126.96925206086824, 37.6302232691059], [126.97178600727493, 37.632285204797846]]]}, "properties": {"name": "종로구", "total_spaces": 89539}}]}