{"type": "FeatureCollection", "features": [{"type": "Feature", "geometry": {"type": "Point", "coordinates": [126.8330225, 37.52408435]}, "properties": {"name": "신월7동주민센터", "spaces": 48, "address": "서울특별시 양천구 지양로14길 17 (신월동", "type": "노외", "category": "공영", "gu": "양천구", "dong": "신월7동", "data_date": "2026-08-19"}}, {"type": "Feature", "geometry": {"type": "Point", "coordinates": [126.859864, 37.52753859]}, "properties": {"name": "벚꽃길", "spaces": 74, "address": "서울특별시 양천구 신정중앙로17길 7", "type": "노외", "category": "공영", "gu": "양천구", "dong": "신정4동", "data_date": "2026-08-19"}}, {"type": "Feature", "geometry": {"type": "Point", "coordinates": [126.863652, 37.54834]}, "properties": {"name": "깨비시장 고객주차장", "spaces": 54, "address": "서울특별시 양천구 등촌로 208", "type": "노외", "category": "공영", "gu": "양천구", "dong": "목3동", "data_date": "2026-08-19"}}, {"type": "Feature", "geometry": {"type": "Point", "coordinates": [126.865489, 37.53897]}, "properties": {"name": "경창시장", "spaces": 32, "address": "서울특별시 양천구 목동 723-8", "type": "노외", "category": "공영", "gu": "양천구", "dong": "목4동", "data_date": "2026-08-19"}}, {"type": "Feature", "geometry": {"type": "Point", "coordinates": [126.865192, 37.545483]}, "properties": {"name": "목3동 등마루", "spaces": 100, "address": "서울특별시 양천구 목동 965-2", "type": "노외", "category": "공영", "gu": "양천구", "dong": "목3동", "data_date": "2026-08-19"}}, {"type": "Feature", "geometry": {"type": "Point", "coordinates": [126.82415, 37.53504]}, "properties": {"name": "여울", "spaces": 76, "address": "서울특별시 양천구 가로공원로 72", "type": "노외", "category": "공영", "gu": "양천구", "dong": "신월3동", "data_date": "2026-08-19"}}, {"type": "Feature", "geometry": {"type": "Point", "coordinates": [126.831899, 37.528116]}, "properties": {"name": "서서울", "spaces": 70, "address": "서울특별시 양천구 신월동 267-8", "type": "노외", "category": "공영", "gu": "양천구", "dong": "신월3동", "data_date": "2026-08-19"}}, {"type": "Feature", "geometry": {"type": "Point", "coordinates": [126.865489, 37.538968]}, "properties": {"name": "목사랑시장 고객주차장", "spaces": 24, "address": "서울특별시 양천구 목동 723-8", "type": "노외", "category": "공영", "gu": "양천구", "dong": "목4동", "data_date": "2026-08-19"}}, {"type": "Feature", "geometry": {"type": "Point", "coordinates": [126.835606, 37.51907417]}, "properties": {"name": "해맞이", "spaces": 249, "address": "서울특별시 양천구 신월동 987", "type": "노외", "category": "공영", "gu": "양천구", "dong": "신월7동", "data_date": "2026-08-19"}}, {"type": "Feature", "geometry": {"type": "Point", "coordinates": [126.860059, 37.514938]}, "properties": {"name": "신정7동 한사랑교회 앞", "spaces": 88, "address": "서울특별시 양천구 신정동 324-11", "type": "노외", "category": "공영", "gu": "양천구", "dong": "신정7동", "data_date": "2026-08-19"}}, {"type": "Feature", "geometry": {"type": "Point", "coordinates": [126.862569, 37.516383]}, "properties": {"name": "문화회관서측", "spaces": 23, "address": "서울특별시 양천구 신정동 323-25", "type": "노외", "category": "공영", "gu": "양천구", "dong": "신정7동", "data_date": "2026-08-19"}}, {"type": "Feature", "geometry": {"type": "Point", "coordinates": [126.862641, 37.515383]}, "properties": {"name": "누리", "spaces": 20, "address": "서울특별시 양천구 신정동 323-13", "type": "노외", "category": "공영", "gu": "양천구", "dong": "신정7동", "data_date": "2026-08-19"}}, {"type": "Feature", "geometry": {"type": "Point", "coordinates": [126.861336, 37.516217]}, "properties": {"name": "밝은빛", "spaces": 21, "address": "서울특별시 양천구 신정동 323-18", "type": "노외", "category": "공영", "gu": "양천구", "dong": "신정7동", "data_date": "2026-08-19"}}, {"type": "Feature", "geometry": {"type": "Point", "coordinates": [126.861494, 37.515221]}, "properties": {"name": "하늘", "spaces": 30, "address": "서울특별시 양천구 신정동 323-33", "type": "노외", "category": "공영", "gu": "양천구", "dong": "신정7동", "data_date": "2026-08-19"}}, {"type": "Feature", "geometry": {"type": "Point", "coordinates": [126.863847, 37.517019]}, "properties": {"name": "문화회관동측", "spaces": 80, "address": "서울특별시 양천구 신정동 322-5", "type": "노외", "category": "공영", "gu": "양천구", "dong": "신정6동", "data_date": "2026-08-19"}}, {"type": "Feature", "geometry": {"type": "Point", "coordinates": [126.863346, 37.516521]}, "properties": {"name": "문화회관 지하", "spaces": 93, "address": "서울특별시 양천구 목동서로 367", "type": "노외", "category": "공영", "gu": "양천구", "dong": "신정6동", "data_date": "2026-08-19"}}, {"type": "Feature", "geometry": {"type": "Point", "coordinates": [126.869272, 37.522152]}, "properties": {"name": "어울림", "spaces": 32, "address": "서울특별시 양천구 신정동 318-2", "type": "노외", "category": "공영", "gu": "양천구", "dong": "신정6동", "data_date": "2026-08-19"}}, {"type": "Feature", "geometry": {"type": "Point", "coordinates": [126.828598, 37.532717]}, "properties": {"name": "신월3동", "spaces": 161, "address": "서울특별시 양천구 신월동 170-6", "type": "노외", "category": "공영", "gu": "양천구", "dong": "신월3동", "data_date": "2026-08-19"}}, {"type": "Feature", "geometry": {"type": "Point", "coordinates": [126.849601, 37.516131]}, "properties": {"name": "다락골", "spaces": 101, "address": "서울특별시 양천구 중앙로29길 41", "type": "노외", "category": "공영", "gu": "양천구", "dong": "신정3동", "data_date": "2026-08-19"}}, {"type": "Feature", "geometry": {"type": "Point", "coordinates": [126.860547, 37.521636]}, "properties": {"name": "법마을", "spaces": 18, "address": "서울특별시 양천구 신정동 1018-3", "type": "노외", "category": "공영", "gu": "양천구", "dong": "신정1동", "data_date": "2026-08-19"}}, {"type": "Feature", "geometry": {"type": "Point", "coordinates": [126.824559, 37.533173]}, "properties": {"name": "능골", "spaces": 61, "address": "서울특별시 양천구 신월동 152-38", "type": "노외", "category": "공영", "gu": "양천구", "dong": "신월3동", "data_date": "2026-08-19"}}, {"type": "Feature", "geometry": {"type": "Point", "coordinates": [126.828575, 37.534498]}, "properties": {"name": "신우", "spaces": 107, "address": "서울특별시 양천구 신월동 166-23", "type": "노외", "category": "공영", "gu": "양천구", "dong": "신월3동", "data_date": "2026-08-19"}}, {"type": "Feature", "geometry": {"type": "Point", "coordinates": [126.845025, 37.524363]}, "properties": {"name": "당곡", "spaces": 45, "address": "서울특별시 양천구 신월동 482-11", "type": "노외", "category": "공영", "gu": "양천구", "dong": "신월2동", "data_date": "2026-08-19"}}, {"type": "Feature", "geometry": {"type": "Point", "coordinates": [126.836284, 37.533088]}, "properties": {"name": "신영시장", "spaces": 23, "address": "서울특별시 양천구 신월동 114-16", "type": "노외", "category": "공영", "gu": "양천구", "dong": "신월1동", "data_date": "2026-08-19"}}, {"type": "Feature", "geometry": {"type": "Point", "coordinates": [126.833012, 37.530475]}, "properties": {"name": "마을마당", "spaces": 114, "address": "서울특별시 양천구 곰달래로3길 13", "type": "노외", "category": "공영", "gu": "양천구", "dong": "신월1동", "data_date": "2026-08-19"}}, {"type": "Feature", "geometry": {"type": "Point", "coordinates": [126.836015, 37.529539]}, "properties": {"name": "곰달래", "spaces": 108, "address": "서울특별시 양천구 곰달래로10길 4", "type": "노외", "category": "공영", "gu": "양천구", "dong": "신월1동", "data_date": "2026-08-19"}}, {"type": "Feature", "geometry": {"type": "Point", "coordinates": [126.830828, 37.536725]}, "properties": {"name": "가로공원", "spaces": 376, "address": "서울특별시 양천구 가로공원로 133", "type": "노외", "category": "공영", "gu": "양천구", "dong": "신월5동", "data_date": "2026-08-19"}}, {"type": "Feature", "geometry": {"type": "Point", "coordinates": [126.876896, 37.532926]}, "properties": {"name": "목동타운홀", "spaces": 23, "address": "서울특별시 양천구 목동동로 345", "type": "노외", "category": "공영", "gu": "양천구", "dong": "목5동", "data_date": "2026-08-19"}}, {"type": "Feature", "geometry": {"type": "Point", "coordinates": [126.879208, 37.536671]}, "properties": {"name": "우리", "spaces": 39, "address": "서울특별시 양천구 목동 907-8", "type": "노외", "category": "공영", "gu": "양천구", "dong": "목5동", "data_date": "2026-08-19"}}, {"type": "Feature", "geometry": {"type": "Point", "coordinates": [126.879351, 37.535438]}, "properties": {"name": "광장", "spaces": 42, "address": "서울특별시 양천구 목동 907-19", "type": "노외", "category": "공영", "gu": "양천구", "dong": "목5동", "data_date": "2026-08-19"}}, {"type": "Feature", "geometry": {"type": "Point", "coordinates": [126.876594, 37.533463]}, "properties": {"name": "도서관", "spaces": 48, "address": "서울특별시 양천구 목동 905-32", "type": "노외", "category": "공영", "gu": "양천구", "dong": "목5동", "data_date": "2026-08-19"}}, {"type": "Feature", "geometry": {"type": "Point", "coordinates": [126.866172, 37.548771]}, "properties": {"name": "한두", "spaces": 33, "address": "서울특별시 양천구 목동 610-5", "type": "노외", "category": "공영", "gu": "양천구", "dong": "목3동", "data_date": "2026-08-19"}}, {"type": "Feature", "geometry": {"type": "Point", "coordinates": [126.865111, 37.542031]}, "properties": {"name": "목3동 해운", "spaces": 64, "address": "서울특별시 양천구 목동중앙남로14가길 39", "type": "노외", "category": "공영", "gu": "양천구", "dong": "목3동", "data_date": "2026-08-19"}}, {"type": "Feature", "geometry": {"type": "Point", "coordinates": [126.874609, 37.545977]}, "properties": {"name": "목2동 월촌", "spaces": 85, "address": "서울특별시 양천구 목동 525", "type": "노외", "category": "공영", "gu": "양천구", "dong": "목2동", "data_date": "2026-08-19"}}, {"type": "Feature", "geometry": {"type": "Point", "coordinates": [126.875401, 37.531823]}, "properties": {"name": "양천사회단체봉사센터", "spaces": 21, "address": "서울특별시 양천구 목동서로 131", "type": "노외", "category": "공영", "gu": "양천구", "dong": "목5동", "data_date": "2026-08-19"}}, {"type": "Feature", "geometry": {"type": "Point", "coordinates": [126.879105, 37.529393]}, "properties": {"name": "목동", "spaces": 894, "address": "서울특별시 양천구 목동동로 316-10", "type": "노외", "category": "공영", "gu": "양천구", "dong": "목1동", "data_date": "2026-08-19"}}, {"type": "Feature", "geometry": {"type": "Point", "coordinates": [126.85074, 37.521105]}, "properties": {"name": "신정네거리", "spaces": 84, "address": "서울특별시 양천구 중앙로45길 19", "type": "노외", "category": "공영", "gu": "양천구", "dong": "신정3동", "data_date": "2026-08-19"}}, {"type": "Feature", "geometry": {"type": "Point", "coordinates": [126.874295, 37.530443]}, "properties": {"name": "바람개비", "spaces": 186, "address": "서울특별시 양천구 목동 919-8", "type": "노외", "category": "공영", "gu": "양천구", "dong": "목1동", "data_date": "2026-08-19"}}, {"type": "Feature", "geometry": {"type": "Point", "coordinates": [126.877866, 37.530553]}, "properties": {"name": "한마음", "spaces": 280, "address": "서울특별시 양천구 목동 914-5", "type": "노외", "category": "공영", "gu": "양천구", "dong": "목1동", "data_date": "2026-08-19"}}, {"type": "Feature", "geometry": {"type": "Point", "coordinates": [126.877689, 37.518377]}, "properties": {"name": "신정교 주차장", "spaces": 285, "address": "서울특별시 양천구 신정동 871-3", "type": "노외", "category": "공영", "gu": "양천구", "dong": "신정2동", "data_date": "2026-08-19"}}, {"type": "Feature", "geometry": {"type": "Point", "coordinates": [126.867026, 37.517265]}, "properties": {"name": "양천구청", "spaces": 70, "address": "서울특별시 양천구 신정동 321-3", "type": "노상", "category": "공영", "gu": "양천구", "dong": "신정6동", "data_date": "2026-08-19"}}, {"type": "Feature", "geometry": {"type": "Point", "coordinates": [126.869218, 37.51879987]}, "properties": {"name": "양천공원옆(전기차충전소)", "spaces": 11, "address": "서울특별시 양천구 신정동 320-3", "type": "노상", "category": "공영", "gu": "양천구", "dong": "신정6동", "data_date": "2026-08-19"}}, {"type": "Feature", "geometry": {"type": "Point", "coordinates": [126.869232, 37.519832]}, "properties": {"name": "한전뒷길", "spaces": 24, "address": "서울특별시 양천구 신정동 319-25", "type": "노상", "category": "공영", "gu": "양천구", "dong": "신정6동", "data_date": "2026-08-19"}}, {"type": "Feature", "geometry": {"type": "Point", "coordinates": [126.871319, 37.528215]}, "properties": {"name": "한국통신", "spaces": 28, "address": "서울특별시 양천구 목동 924-1", "type": "노상", "category": "공영", "gu": "양천구", "dong": "목1동", "data_date": "2026-08-19"}}, {"type": "Feature", "geometry": {"type": "Point", "coordinates": [126.875162, 37.527803]}, "properties": {"name": "현대41타워 옆", "spaces": 24, "address": "서울특별시 양천구 목동 917-2", "type": "노상", "category": "공영", "gu": "양천구", "dong": "목1동", "data_date": "2026-08-19"}}, {"type": "Feature", "geometry": {"type": "Point", "coordinates": [126.881493, 37.536811]}, "properties": {"name": "부영그린", "spaces": 17, "address": "서울특별시 양천구 목동 908-35", "type": "노상", "category": "공영", "gu": "양천구", "dong": "목5동", "data_date": "2026-08-19"}}, {"type": "Feature", "geometry": {"type": "Point", "coordinates": [126.877953, 37.535439]}, "properties": {"name": "법안정사", "spaces": 38, "address": "서울특별시 양천구 목동 907-1", "type": "노상", "category": "공영", "gu": "양천구", "dong": "목5동", "data_date": "2026-08-19"}}, {"type": "Feature", "geometry": {"type": "Point", "coordinates": [126.876616, 37.533828]}, "properties": {"name": "파리공원(전기차충전소)", "spaces": 21, "address": "서울특별시 양천구 목동 906-1", "type": "노상", "category": "공영", "gu": "양천구", "dong": "목5동", "data_date": "2026-08-19"}}, {"type": "Feature", "geometry": {"type": "Point", "coordinates": [126.8268996, 37.539061]}, "properties": {"name": "신월5동 복개", "spaces": 54, "address": "서울특별시 양천구 신월동 53-2", "type": "노상", "category": "공영", "gu": "양천구", "dong": "신월5동", "data_date": "2026-08-19"}}, {"type": "Feature", "geometry": {"type": "Point", "coordinates": [126.834359, 37.529915]}, "properties": {"name": "곰달래로5길", "spaces": 75, "address": "서울특별시 양천구 신월동 126-36", "type": "노상", "category": "공영", "gu": "양천구", "dong": "신월1동", "data_date": "2026-08-19"}}, {"type": "Feature", "geometry": {"type": "Point", "coordinates": [126.834076, 37.536449]}, "properties": {"name": "신월1동저지2구역", "spaces": 33, "address": "서울특별시 양천구 신월동 90-1", "type": "노상", "category": "공영", "gu": "양천구", "dong": "신월1동", "data_date": "2026-08-19"}}, {"type": "Feature", "geometry": {"type": "Point", "coordinates": [126.838204, 37.529866]}, "properties": {"name": "신월1동저지1구역", "spaces": 58, "address": "서울특별시 양천구 신월동 228-1", "type": "노상", "category": "공영", "gu": "양천구", "dong": "신월1동", "data_date": "2026-08-19"}}, {"type": "Feature", "geometry": {"type": "Point", "coordinates": [126.853945, 37.519317]}, "properties": {"name": "신정1,3동 복개", "spaces": 145, "address": "서울특별시 양천구 신정동 1146", "type": "노상", "category": "공영", "gu": "양천구", "dong": "신정1동", "data_date": "2026-08-19"}}, {"type": "Feature", "geometry": {"type": "Point", "coordinates": [126.861916, 37.527819]}, "properties": {"name": "신정4동 로데오길", "spaces": 53, "address": "서울특별시 양천구 목동로25길 19", "type": "노상", "category": "공영", "gu": "양천구", "dong": "신정4동", "data_date": "2026-08-19"}}, {"type": "Feature", "geometry": {"type": "Point", "coordinates": [126.853214, 37.527965]}, "properties": {"name": "신정4동길", "spaces": 112, "address": "서울특별시 양천구 신정중앙로 11", "type": "노상", "category": "공영", "gu": "양천구", "dong": "신정4동", "data_date": "2026-08-19"}}, {"type": "Feature", "geometry": {"type": "Point", "coordinates": [126.861702, 37.516263]}, "properties": {"name": "굿모닝탑 앞", "spaces": 17, "address": "서울특별시 양천구 신정동 323-4", "type": "노상", "category": "공영", "gu": "양천구", "dong": "신정7동", "data_date": "2026-08-19"}}, {"type": "Feature", "geometry": {"type": "Point", "coordinates": [126.865097, 37.51662]}, "properties": {"name": "양천경찰서", "spaces": 31, "address": "서울특별시 양천구 신정동 322-3", "type": "노상", "category": "공영", "gu": "양천구", "dong": "신정6동", "data_date": "2026-08-19"}}, {"type": "Feature", "geometry": {"type": "Point", "coordinates": [126.8760816, 37.48330365]}, "properties": {"name": "견인보관소", "spaces": 55, "address": "서울특별시 금천구 가산디지털2로 169-34", "type": "노외", "category": "공영", "gu": "금천구", "dong": "가산동", "data_date": "2026-07-02"}}, {"type": "Feature", "geometry": {"type": "Point", "coordinates": [126.888308, 37.47438522]}, "properties": {"name": "LG전자 앞", "spaces": 32, "address": "서울특별시 금천구 가산로9길 87", "type": "노상", "category": "공영", "gu": "금천구", "dong": "가산동", "data_date": "2026-07-02"}}, {"type": "Feature", "geometry": {"type": "Point", "coordinates": [126.8904216, 37.47253319]}, "properties": {"name": "모아래", "spaces": 27, "address": "서울특별시 금천구 가산로3길 92", "type": "노상", "category": "공영", "gu": "금천구", "dong": "가산동", "data_date": "2026-07-02"}}, {"type": "Feature", "geometry": {"type": "Point", "coordinates": [126.8919782, 37.47115076]}, "properties": {"name": "사조냉장 옆(노상)", "spaces": 27, "address": "서울특별시 금천구 두산로7길 16", "type": "노상", "category": "공영", "gu": "금천구", "dong": "독산1동", "data_date": "2026-07-02"}}, {"type": "Feature", "geometry": {"type": "Point", "coordinates": [126.8900322, 37.46772828]}, "properties": {"name": "범일운수 뒤", "spaces": 37, "address": "서울특별시 금천구 범안로9길 23", "type": "노상", "category": "공영", "gu": "금천구", "dong": "독산1동", "data_date": "2026-07-02"}}, {"type": "Feature", "geometry": {"type": "Point", "coordinates": [126.8948279, 37.469155]}, "properties": {"name": "가산중학교 앞", "spaces": 19, "address": "서울특별시 금천구 두산로14길 18", "type": "노상", "category": "공영", "gu": "금천구", "dong": "독산1동", "data_date": "2026-07-02"}}, {"type": "Feature", "geometry": {"type": "Point", "coordinates": [126.8992959, 37.46379603]}, "properties": {"name": "독산2동마을공원공영주차장", "spaces": 103, "address": "서울특별시 금천구 시흥대로 98길 27", "type": "노외", "category": "공영", "gu": "금천구", "dong": "독산2동", "data_date": "2026-07-02"}}, {"type": "Feature", "geometry": {"type": "Point", "coordinates": [126.8955792, 37.4766319]}, "properties": {"name": "가산동 공영주차장", "spaces": 130, "address": "서울특별시 금천구 시흥대로 153길 53", "type": "노외", "category": "공영", "gu": "금천구", "dong": "가산동", "data_date": "2026-07-02"}}, {"type": "Feature", "geometry": {"type": "Point", "coordinates": [126.9090376, 37.45458796]}, "properties": {"name": "삼성 공영주차장", "spaces": 51, "address": "서울특별시 금천구 독산로24마길 30", "type": "노외", "category": "공영", "gu": "금천구", "dong": "시흥4동", "data_date": "2026-07-02"}}, {"type": "Feature", "geometry": {"type": "Point", "coordinates": [126.9093508, 37.45934816]}, "properties": {"name": "시흥4동 공영주차장(신흥초교지하)", "spaces": 124, "address": "서울특별시 금천구 독산로36나길 21", "type": "노외", "category": "공영", "gu": "금천구", "dong": "시흥4동", "data_date": "2026-07-02"}}, {"type": "Feature", "geometry": {"type": "Point", "coordinates": [126.9109725, 37.46074109]}, "properties": {"name": "시흥4동 효봉 주차장", "spaces": 69, "address": "서울특별시 금천구 독산로50마길 6", "type": "노외", "category": "공영", "gu": "금천구", "dong": "시흥4동", "data_date": "2026-07-02"}}, {"type": "Feature", "geometry": {"type": "Point", "coordinates": [126.9057099, 37.44292641]}, "properties": {"name": "시흥3동 공영주차장", "spaces": 44, "address": "서울특별시 금천구 시흥대로28길 35-9", "type": "노외", "category": "공영", "gu": "금천구", "dong": "시흥3동", "data_date": "2026-07-02"}}, {"type": "Feature", "geometry": {"type": "Point", "coordinates": [126.8967063, 37.4506859]}, "properties": {"name": "시흥1동 공영주차장", "spaces": 82, "address": "서울특별시 금천구 시흥대로51길 93", "type": "노외", "category": "공영", "gu": "금천구", "dong": "시흥1동", "data_date": "2026-07-02"}}, {"type": "Feature", "geometry": {"type": "Point", "coordinates": [126.9027669, 37.4778527]}, "properties": {"name": "독본 구룡 공영주차장", "spaces": 22, "address": "서울특별시 금천구 독산로107길 13", "type": "노외", "category": "공영", "gu": "금천구", "dong": "독산3동", "data_date": "2026-07-02"}}, {"type": "Feature", "geometry": {"type": "Point", "coordinates": [126.9018966, 37.4763283]}, "properties": {"name": "독산본동 다목적", "spaces": 46, "address": "서울특별시 금천구 시흥대로150길 56", "type": "노외", "category": "공영", "gu": "금천구", "dong": "독산3동", "data_date": "2026-07-02"}}, {"type": "Feature", "geometry": {"type": "Point", "coordinates": [126.9045064, 37.4694056]}, "properties": {"name": "독산4동 공영주차장", "spaces": 63, "address": "서울특별시 금천구 독산로78다길 9", "type": "노외", "category": "공영", "gu": "금천구", "dong": "독산4동", "data_date": "2026-07-02"}}, {"type": "Feature", "geometry": {"type": "Point", "coordinates": [126.9063493, 37.4794373]}, "properties": {"name": "독산3동 공영주차장", "spaces": 50, "address": "서울특별시 금천구 독산로108길 44", "type": "노외", "category": "공영", "gu": "금천구", "dong": "독산3동", "data_date": "2026-07-02"}}, {"type": "Feature", "geometry": {"type": "Point", "coordinates": [126.9000339, 37.4638287]}, "properties": {"name": "독산2동 공영주차장", "spaces": 66, "address": "서울특별시 금천구 시흥대로98길 36", "type": "노외", "category": "공영", "gu": "금천구", "dong": "독산2동", "data_date": "2026-07-02"}}, {"type": "Feature", "geometry": {"type": "Point", "coordinates": [126.8948157, 37.46494122]}, "properties": {"name": "독산1동 공영주차장", "spaces": 66, "address": "서울특별시 금천구 범안로12가길 65", "type": "노외", "category": "공영", "gu": "금천구", "dong": "독산1동", "data_date": "2026-07-02"}}, {"type": "Feature", "geometry": {"type": "Point", "coordinates": [126.8796914, 37.48571424]}, "properties": {"name": "가산디지털서측", "spaces": 160, "address": "서울특별시 금천구 가산디지털1로 230", "type": "노외", "category": "공영", "gu": "금천구", "dong": "가산동", "data_date": "2026-07-02"}}, {"type": "Feature", "geometry": {"type": "Point", "coordinates": [126.8846349, 37.4794157]}, "properties": {"name": "SJ테크노빌(삼보)", "spaces": 37, "address": "서울특별시 금천구 벚꽃로278", "type": "노상", "category": "공영", "gu": "금천구", "dong": "가산동", "data_date": "2026-07-02"}}, {"type": "Feature", "geometry": {"type": "Point", "coordinates": [126.8825735, 37.48294979]}, "properties": {"name": "가산디지털역 환승", "spaces": 41, "address": "서울특별시 금천구 벚꽃로46길 1", "type": "노상", "category": "공영", "gu": "금천구", "dong": "가산동", "data_date": "2026-07-02"}}, {"type": "Feature", "geometry": {"type": "Point", "coordinates": [127.0160616, 37.56947694]}, "properties": {"name": "청계8가", "spaces": 19, "address": "서울특별시 중구 흥인동 162-1", "type": "노상", "category": "공영", "gu": "중구", "dong": "신당동", "data_date": "2026-05-15"}}, {"type": "Feature", "geometry": {"type": "Point", "coordinates": [127.0043893, 37.56692913]}, "properties": {"name": "훈련원공원", "spaces": 873, "address": "서울특별시 중구 을지로5가 40-3", "type": "노외", "category": "공영", "gu": "중구", "dong": "광희동", "data_date": "2026-05-15"}}, {"type": "Feature", "geometry": {"type": "Point", "coordinates": [126.8177876, 37.5667867]}, "properties": {"name": "신방화역", "spaces": 199, "address": "서울특별시 강서구 마곡동 739", "type": "노외", "category": "공영", "gu": "강서구", "dong": "방화1동", "data_date": "2026-05-15"}}, {"type": "Feature", "geometry": {"type": "Point", "coordinates": [126.9840636, 37.55599161]}, "properties": {"name": "소파로케이블카앞", "spaces": 2, "address": "서울특별시 중구 회현동1가 산1-15", "type": "노상", "category": "공영", "gu": "중구", "dong": "명동", "data_date": "2026-05-15"}}, {"type": "Feature", "geometry": {"type": "Point", "coordinates": [126.984057, 37.55692491]}, "properties": {"name": "소파길노상", "spaces": 21, "address": "서울특별시 중구 회현동1가 산 1-19", "type": "노상", "category": "공영", "gu": "중구", "dong": "명동", "data_date": "2026-05-15"}}, {"type": "Feature", "geometry": {"type": "Point", "coordinates": [127.103294, 37.514277]}, "properties": {"name": "잠실역", "spaces": 357, "address": "서울특별시 송파구 신천동 27(지하)", "type": "노외", "category": "공영", "gu": "송파구", "dong": "잠실6동", "data_date": "2026-05-15"}}, {"type": "Feature", "geometry": {"type": "Point", "coordinates": [127.102903, 37.522315]}, "properties": {"name": "신천유수지", "spaces": 192, "address": "서울특별시 송파구 신천동 14", "type": "노외", "category": "공영", "gu": "송파구", "dong": "잠실4동", "data_date": "2026-05-15"}}, {"type": "Feature", "geometry": {"type": "Point", "coordinates": [127.104999, 37.517102]}, "properties": {"name": "성내역(잠실나루역)", "spaces": 28, "address": "서울특별시 송파구 신천동 11-1(잠실나루역 교차로부근)", "type": "노상", "category": "공영", "gu": "송파구", "dong": "잠실6동", "data_date": "2026-05-15"}}, {"type": "Feature", "geometry": {"type": "Point", "coordinates": [127.0170773, 37.54219225]}, "properties": {"name": "옥수역", "spaces": 31, "address": "서울특별시 성동구 옥수동 401-1(옥수역7번출구 부근)", "type": "노상", "category": "공영", "gu": "성동구", "dong": "옥수동", "data_date": "2026-05-15"}}, {"type": "Feature", "geometry": {"type": "Point", "coordinates": [127.0341178, 37.4836851]}, "properties": {"name": "양재역", "spaces": 894, "address": "서울특별시 서초구 양재동 23", "type": "노외", "category": "공영", "gu": "서초구", "dong": "양재1동", "data_date": "2026-05-15"}}, {"type": "Feature", "geometry": {"type": "Point", "coordinates": [127.0078452709, 37.5044921229]}, "properties": {"name": "반포천복개공영주차장", "spaces": 1181, "address": "서울특별시 서초구 사평대로 205", "type": "노외", "category": "공영", "gu": "서초구", "dong": "반포4동", "data_date": "2026-05-15"}}, {"type": "Feature", "geometry": {"type": "Point", "coordinates": [126.9839861, 37.4752427]}, "properties": {"name": "사당노외", "spaces": 183, "address": "서울특별시 서초구 방배동 507-1", "type": "노외", "category": "공영", "gu": "서초구", "dong": "방배2동", "data_date": "2026-05-15"}}, {"type": "Feature", "geometry": {"type": "Point", "coordinates": [126.980127, 37.505255]}, "properties": {"name": "동작대교(위)", "spaces": 47, "address": "서울특별시 서초구 반포동 1333-1 서울시 동작구 동작동 316-3", "type": "노상", "category": "공영", "gu": "동작구", "dong": "사당2동", "data_date": "2026-05-15"}}, {"type": "Feature", "geometry": {"type": "Point", "coordinates": [127.0706008, 37.57826388]}, "properties": {"name": "장안2동", "spaces": 80, "address": "서울특별시 동대문구 장안동 286-9", "type": "노외", "category": "공영", "gu": "동대문구", "dong": "장안2동", "data_date": "2026-05-15"}}, {"type": "Feature", "geometry": {"type": "Point", "coordinates": [127.0241924, 37.57267066]}, "properties": {"name": "신설동", "spaces": 79, "address": "서울특별시 동대문구 신설동 114-29", "type": "노외", "category": "공영", "gu": "동대문구", "dong": "용신동", "data_date": "2026-05-15"}}, {"type": "Feature", "geometry": {"type": "Point", "coordinates": [127.0251495, 37.57142462]}, "properties": {"name": "청계8(남)", "spaces": 72, "address": "서울특별시 동대문구 신설동 109-2", "type": "노상", "category": "공영", "gu": "동대문구", "dong": "용신동", "data_date": "2026-05-15"}}, {"type": "Feature", "geometry": {"type": "Point", "coordinates": [127.0251495, 37.57142462]}, "properties": {"name": "청계8(북)", "spaces": 38, "address": "서울특별시 동대문구 신설동 109-2", "type": "노상", "category": "공영", "gu": "동대문구", "dong": "용신동", "data_date": "2026-05-15"}}, {"type": "Feature", "geometry": {"type": "Point", "coordinates": [127.0670036008, 37.5694719036]}, "properties": {"name": "장안1동", "spaces": 71, "address": "서울특별시 동대문구 답십리로66길 75", "type": "노외", "category": "공영", "gu": "동대문구", "dong": "장안1동", "data_date": "2026-05-15"}}, {"type": "Feature", "geometry": {"type": "Point", "coordinates": [127.045677, 37.65237]}, "properties": {"name": "창동역(서)", "spaces": 107, "address": "서울특별시 도봉구 창동 330", "type": "노외", "category": "공영", "gu": "도봉구", "dong": "창5동", "data_date": "2026-05-15"}}, {"type": "Feature", "geometry": {"type": "Point", "coordinates": [127.0449195, 37.689721]}, "properties": {"name": "도봉산역", "spaces": 358, "address": "서울특별시 도봉구 도봉동 288-19", "type": "노외", "category": "공영", "gu": "도봉구", "dong": "도봉1동", "data_date": "2026-05-15"}}, {"type": "Feature", "geometry": {"type": "Point", "coordinates": [127.0405739, 37.68749583]}, "properties": {"name": "도봉산", "spaces": 142, "address": "서울특별시 도봉구 도봉동 282-26", "type": "노외", "category": "공영", "gu": "도봉구", "dong": "도봉1동", "data_date": "2026-05-15"}}, {"type": "Feature", "geometry": {"type": "Point", "coordinates": [127.0610792, 37.61581538]}, "properties": {"name": "석계역", "spaces": 70, "address": "서울특별시 노원구 월계동 50-9", "type": "노외", "category": "공영", "gu": "노원구", "dong": "월계1동", "data_date": "2026-05-15"}}, {"type": "Feature", "geometry": {"type": "Point", "coordinates": [127.081017, 37.670582]}, "properties": {"name": "당고개위", "spaces": 24, "address": "서울특별시 노원구 상계동 111-567(도로양쪽)", "type": "노상", "category": "공영", "gu": "노원구", "dong": "상계3·4동", "data_date": "2026-05-15"}}, {"type": "Feature", "geometry": {"type": "Point", "coordinates": [126.9056423, 37.46327]}, "properties": {"name": "남부여성발전센터", "spaces": 128, "address": "서울특별시 금천구 시흥동 산139-2", "type": "노외", "category": "공영", "gu": "금천구", "dong": "시흥4동", "data_date": "2026-05-15"}}, {"type": "Feature", "geometry": {"type": "Point", "coordinates": [126.8894033, 37.46681389]}, "properties": {"name": "독산동 금천교", "spaces": 21, "address": "서울특별시 금천구 독산동 1081-4", "type": "노상", "category": "공영", "gu": "금천구", "dong": "독산1동", "data_date": "2026-05-15"}}, {"type": "Feature", "geometry": {"type": "Point", "coordinates": [126.8876715, 37.46665894]}, "properties": {"name": "가산동 금천교", "spaces": 37, "address": "서울특별시 금천구 가산동 677", "type": "노상", "category": "공영", "gu": "금천구", "dong": "가산동", "data_date": "2026-05-15"}}, {"type": "Feature", "geometry": {"type": "Point", "coordinates": [126.839183, 37.487288]}, "properties": {"name": "천왕역", "spaces": 327, "address": "서울특별시 구로구 천왕동 14-38", "type": "노외", "category": "공영", "gu": "구로구", "dong": "오류2동", "data_date": "2026-05-15"}}, {"type": "Feature", "geometry": {"type": "Point", "coordinates": [126.8514218, 37.52379115]}, "properties": {"name": "웃우물", "spaces": 79, "address": "서울특별시 양천구 신정동 943-25", "type": "노외", "category": "공영", "gu": "양천구", "dong": "신정4동", "data_date": "2026-05-15"}}, {"type": "Feature", "geometry": {"type": "Point", "coordinates": [126.8380819, 37.52569689]}, "properties": {"name": "신월4동", "spaces": 46, "address": "서울특별시 양천구 신월동 411-1", "type": "노외", "category": "공영", "gu": "양천구", "dong": "신월4동", "data_date": "2026-05-15"}}, {"type": "Feature", "geometry": {"type": "Point", "coordinates": [126.880647, 37.536794]}, "properties": {"name": "목동체비지", "spaces": 55, "address": "서울특별시 양천구 목동 908-26", "type": "노외", "category": "공영", "gu": "양천구", "dong": "목5동", "data_date": "2026-05-15"}}, {"type": "Feature", "geometry": {"type": "Point", "coordinates": [127.127733, 37.47014985]}, "properties": {"name": "복정역", "spaces": 329, "address": "서울특별시 송파구 장지동 600-2", "type": "노외", "category": "공영", "gu": "송파구", "dong": "장지동", "data_date": "2026-05-15"}}, {"type": "Feature", "geometry": {"type": "Point", "coordinates": [127.0025236, 37.54766329]}, "properties": {"name": "장충단로(한남광장)", "spaces": 5, "address": "서울특별시 용산구 한남동 산9-19", "type": "노상", "category": "공영", "gu": "용산구", "dong": "한남동", "data_date": "2026-05-15"}}, {"type": "Feature", "geometry": {"type": "Point", "coordinates": [127.00258, 37.539522]}, "properties": {"name": "한강진역", "spaces": 174, "address": "서울특별시 용산구 한남동 산10-84", "type": "노외", "category": "공영", "gu": "용산구", "dong": "한남동", "data_date": "2026-05-15"}}, {"type": "Feature", "geometry": {"type": "Point", "coordinates": [126.9653156, 37.5342877]}, "properties": {"name": "용산주차빌딩", "spaces": 561, "address": "서울특별시 용산구 한강로2가 12-9", "type": "노외", "category": "공영", "gu": "용산구", "dong": "한강로동", "data_date": "2026-05-15"}}, {"type": "Feature", "geometry": {"type": "Point", "coordinates": [126.9843841, 37.518016]}, "properties": {"name": "동작대교", "spaces": 88, "address": "서울특별시 용산구 용산동6가 69-11(금강아산병원측 이촌지하차도 상부)", "type": "노외", "category": "공영", "gu": "용산구", "dong": "서빙고동", "data_date": "2026-05-15"}}, {"type": "Feature", "geometry": {"type": "Point", "coordinates": [126.9798165281, 37.55486]}, "properties": {"name": "남산공원 소월로", "spaces": 12, "address": "서울특별시 중구 회현동1가 100-115", "type": "노상", "category": "공영", "gu": "중구", "dong": "회현동", "data_date": "2026-05-15"}}, {"type": "Feature", "geometry": {"type": "Point", "coordinates": [126.9025865, 37.519471]}, "properties": {"name": "영남", "spaces": 570, "address": "서울특별시 영등포구 영등포동4가 123", "type": "노외", "category": "공영", "gu": "영등포구", "dong": "영등포동", "data_date": "2026-05-15"}}, {"type": "Feature", "geometry": {"type": "Point", "coordinates": [126.9301289, 37.52866136]}, "properties": {"name": "여의서로", "spaces": 84, "address": "서울특별시 영등포구 여의도동 8-1", "type": "노상", "category": "공영", "gu": "영등포구", "dong": "여의동", "data_date": "2026-05-15"}}, {"type": "Feature", "geometry": {"type": "Point", "coordinates": [126.9344042, 37.52063683]}, "properties": {"name": "원효대교 남단", "spaces": 13, "address": "서울특별시 영등포구 여의도동 5", "type": "노상", "category": "공영", "gu": "영등포구", "dong": "여의동", "data_date": "2026-05-15"}}, {"type": "Feature", "geometry": {"type": "Point", "coordinates": [126.916906, 37.522469]}, "properties": {"name": "여의도공원", "spaces": 48, "address": "서울특별시 영등포구 여의도동", "type": "노상", "category": "공영", "gu": "영등포구", "dong": "여의동", "data_date": "2026-05-15"}}, {"type": "Feature", "geometry": {"type": "Point", "coordinates": [126.8901951, 37.539702]}, "properties": {"name": "양평동(동)", "spaces": 6, "address": "서울특별시 영등포구 양평동5가 44-1(양평교하부)", "type": "노상", "category": "공영", "gu": "영등포구", "dong": "양평2동", "data_date": "2026-05-15"}}, {"type": "Feature", "geometry": {"type": "Point", "coordinates": [126.8973225, 37.51340449]}, "properties": {"name": "문래1동", "spaces": 11, "address": "서울특별시 영등포구 문래동3가 54-12", "type": "노상", "category": "공영", "gu": "영등포구", "dong": "문래동", "data_date": "2026-05-15"}}, {"type": "Feature", "geometry": {"type": "Point", "coordinates": [126.8955124, 37.4927353]}, "properties": {"name": "대림역", "spaces": 18, "address": "서울특별시 영등포구 대림동 808-24", "type": "노상", "category": "공영", "gu": "영등포구", "dong": "대림3동", "data_date": "2026-05-15"}}, {"type": "Feature", "geometry": {"type": "Point", "coordinates": [126.90071, 37.53258726]}, "properties": {"name": "당산고가밑", "spaces": 23, "address": "서울특별시 영등포구 당산동5가 9-15", "type": "노상", "category": "공영", "gu": "영등포구", "dong": "당산2동", "data_date": "2026-05-15"}}, {"type": "Feature", "geometry": {"type": "Point", "coordinates": [126.8955585, 37.524327]}, "properties": {"name": "영등포구청역", "spaces": 137, "address": "서울특별시 영등포구 당산동3가 370-3", "type": "노외", "category": "공영", "gu": "영등포구", "dong": "당산1동", "data_date": "2026-05-15"}}, {"type": "Feature", "geometry": {"type": "Point", "coordinates": [126.899559, 37.526251]}, "properties": {"name": "당산노외", "spaces": 236, "address": "서울특별시 영등포구 당산동3가 2-1", "type": "노외", "category": "공영", "gu": "영등포구", "dong": "당산1동", "data_date": "2026-05-15"}}, {"type": "Feature", "geometry": {"type": "Point", "coordinates": [126.8233807, 37.49215028]}, "properties": {"name": "온수역(남)", "spaces": 42, "address": "서울특별시 구로구 온수동 51-26", "type": "노상", "category": "공영", "gu": "구로구", "dong": "수궁동", "data_date": "2026-05-15"}}, {"type": "Feature", "geometry": {"type": "Point", "coordinates": [127.016534, 37.57000804]}, "properties": {"name": "청계7", "spaces": 39, "address": "서울특별시 종로구 창신동 436-87", "type": "노상", "category": "공영", "gu": "중구", "dong": "신당동", "data_date": "2026-05-15"}}, {"type": "Feature", "geometry": {"type": "Point", "coordinates": [127.002583, 37.56967102]}, "properties": {"name": "청계5(북)", "spaces": 25, "address": "서울특별시 종로구 종로5가 458-2", "type": "노상", "category": "공영", "gu": "종로구", "dong": "종로5·6가동", "data_date": "2026-05-15"}}, {"type": "Feature", "geometry": {"type": "Point", "coordinates": [127.002583, 37.56967102]}, "properties": {"name": "청계5(방산동)", "spaces": 37, "address": "서울특별시 종로구 종로5가 458-2", "type": "노상", "category": "공영", "gu": "종로구", "dong": "종로5·6가동", "data_date": "2026-05-15"}}, {"type": "Feature", "geometry": {"type": "Point", "coordinates": [127.002583, 37.56967102]}, "properties": {"name": "청계5(동호로_북)", "spaces": 6, "address": "서울특별시 종로구 종로5가 458-2", "type": "노상", "category": "공영", "gu": "종로구", "dong": "종로5·6가동", "data_date": "2026-05-15"}}, {"type": "Feature", "geometry": {"type": "Point", "coordinates": [127.002583, 37.56967102]}, "properties": {"name": "청계5(동호로_남)", "spaces": 11, "address": "서울특별시 종로구 종로5가 458-2", "type": "노상", "category": "공영", "gu": "종로구", "dong": "종로5·6가동", "data_date": "2026-05-15"}}, {"type": "Feature", "geometry": {"type": "Point", "coordinates": [127.002583, 37.56967102]}, "properties": {"name": "청계5(남)", "spaces": 5, "address": "서울특별시 종로구 종로5가 458-2", "type": "노상", "category": "공영", "gu": "종로구", "dong": "종로5·6가동", "data_date": "2026-05-15"}}, {"type": "Feature", "geometry": {"type": "Point", "coordinates": [126.9880587, 37.5706125]}, "properties": {"name": "탑골공원", "spaces": 2, "address": "서울특별시 종로구 종로2가 38-4", "type": "노상", "category": "공영", "gu": "종로구", "dong": "종로1·2·3·4가동", "data_date": "2026-05-15"}}, {"type": "Feature", "geometry": {"type": "Point", "coordinates": [126.996584, 37.572407]}, "properties": {"name": "동순라길(종묘)", "spaces": 5, "address": "서울특별시 종로구 인의동 112-10 일대", "type": "노상", "category": "공영", "gu": "종로구", "dong": "종로1·2·3·4가동", "data_date": "2026-05-15"}}, {"type": "Feature", "geometry": {"type": "Point", "coordinates": [126.9972633, 37.56882754]}, "properties": {"name": "청계3(창경궁로_북)", "spaces": 11, "address": "서울특별시 종로구 예지동 140-1", "type": "노상", "category": "공영", "gu": "종로구", "dong": "종로1·2·3·4가동", "data_date": "2026-05-15"}}, {"type": "Feature", "geometry": {"type": "Point", "coordinates": [126.9972633, 37.56882754]}, "properties": {"name": "청계3(창경궁로_남)", "spaces": 12, "address": "서울특별시 종로구 예지동 140-1", "type": "노상", "category": "공영", "gu": "종로구", "dong": "종로1·2·3·4가동", "data_date": "2026-05-15"}}, {"type": "Feature", "geometry": {"type": "Point", "coordinates": [126.9972633, 37.56882754]}, "properties": {"name": "청계3(북)", "spaces": 19, "address": "서울특별시 종로구 예지동 140-1", "type": "노상", "category": "공영", "gu": "종로구", "dong": "종로1·2·3·4가동", "data_date": "2026-05-15"}}, {"type": "Feature", "geometry": {"type": "Point", "coordinates": [126.9972633, 37.56882754]}, "properties": {"name": "청계3(동호로)", "spaces": 12, "address": "서울특별시 종로구 예지동 140-1", "type": "노상", "category": "공영", "gu": "종로구", "dong": "종로1·2·3·4가동", "data_date": "2026-05-15"}}, {"type": "Feature", "geometry": {"type": "Point", "coordinates": [126.9972633, 37.568802]}, "properties": {"name": "청계3(남)", "spaces": 20, "address": "서울특별시 종로구 예지동 140-1", "type": "노상", "category": "공영", "gu": "중구", "dong": "을지로동", "data_date": "2026-05-15"}}, {"type": "Feature", "geometry": {"type": "Point", "coordinates": [126.9759604, 37.573403]}, "properties": {"name": "세종로", "spaces": 1260, "address": "서울특별시 종로구 세종로 80-1(지하)", "type": "노외", "category": "공영", "gu": "종로구", "dong": "사직동", "data_date": "2026-05-15"}}, {"type": "Feature", "geometry": {"type": "Point", "coordinates": [126.9814806, 37.569834]}, "properties": {"name": "서울글로벌센터", "spaces": 44, "address": "서울특별시 종로구 서린동 63", "type": "노외", "category": "공영", "gu": "종로구", "dong": "종로1·2·3·4가동", "data_date": "2026-05-15"}}, {"type": "Feature", "geometry": {"type": "Point", "coordinates": [126.9875127, 37.56900318]}, "properties": {"name": "청계1(북)", "spaces": 12, "address": "서울특별시 종로구 관철동 13-14", "type": "노상", "category": "공영", "gu": "종로구", "dong": "종로1·2·3·4가동", "data_date": "2026-05-15"}}, {"type": "Feature", "geometry": {"type": "Point", "coordinates": [126.9867292, 37.56845]}, "properties": {"name": "관철동", "spaces": 7, "address": "서울특별시 종로구 관철동 11-4, 11-14(보도블럭)", "type": "노상", "category": "공영", "gu": "종로구", "dong": "종로1·2·3·4가동", "data_date": "2026-05-15"}}, {"type": "Feature", "geometry": {"type": "Point", "coordinates": [126.9911997, 37.56843336]}, "properties": {"name": "청계2(북2)", "spaces": 9, "address": "서울특별시 종로구 관수동 91-4", "type": "노상", "category": "공영", "gu": "종로구", "dong": "종로1·2·3·4가동", "data_date": "2026-05-15"}}, {"type": "Feature", "geometry": {"type": "Point", "coordinates": [126.9911997, 37.56843336]}, "properties": {"name": "청계2(북1)", "spaces": 12, "address": "서울특별시 종로구 관수동 91-4", "type": "노상", "category": "공영", "gu": "종로구", "dong": "종로1·2·3·4가동", "data_date": "2026-05-15"}}, {"type": "Feature", "geometry": {"type": "Point", "coordinates": [126.9911997, 37.56843336]}, "properties": {"name": "청계2(돈화문로)", "spaces": 10, "address": "서울특별시 종로구 관수동 91-4", "type": "노상", "category": "공영", "gu": "종로구", "dong": "종로1·2·3·4가동", "data_date": "2026-05-15"}}, {"type": "Feature", "geometry": {"type": "Point", "coordinates": [126.919322, 37.638007]}, "properties": {"name": "구파발역", "spaces": 399, "address": "서울특별시 은평구 진관동 66-30", "type": "노외", "category": "공영", "gu": "은평구", "dong": "진관동", "data_date": "2026-05-15"}}, {"type": "Feature", "geometry": {"type": "Point", "coordinates": [126.9206117, 37.60176568]}, "properties": {"name": "진흥로", "spaces": 14, "address": "서울특별시 은평구 역촌동 41-8", "type": "노상", "category": "공영", "gu": "은평구", "dong": "녹번동(근사)", "data_date": "2026-05-15"}}, {"type": "Feature", "geometry": {"type": "Point", "coordinates": [126.798212, 37.5778861]}, "properties": {"name": "개화역", "spaces": 483, "address": "서울특별시 강서구 개화동 664", "type": "노외", "category": "공영", "gu": "강서구", "dong": "방화2동", "data_date": "2026-05-15"}}, {"type": "Feature", "geometry": {"type": "Point", "coordinates": [126.859775, 37.560338]}, "properties": {"name": "가양3동", "spaces": 56, "address": "서울특별시 강서구 가양동 1488-12", "type": "노외", "category": "공영", "gu": "강서구", "dong": "가양3동", "data_date": "2026-05-15"}}, {"type": "Feature", "geometry": {"type": "Point", "coordinates": [126.853082, 37.56333]}, "properties": {"name": "가양역", "spaces": 79, "address": "서울특별시 강서구 가양동 1480-10", "type": "노외", "category": "공영", "gu": "강서구", "dong": "가양2동", "data_date": "2026-05-15"}}, {"type": "Feature", "geometry": {"type": "Point", "coordinates": [126.841653, 37.57170967]}, "properties": {"name": "가양라이품", "spaces": 38, "address": "서울특별시 강서구 가양동 1457-1", "type": "노외", "category": "공영", "gu": "강서구", "dong": "가양1동", "data_date": "2026-05-15"}}, {"type": "Feature", "geometry": {"type": "Point", "coordinates": [126.8917, 37.49157]}, "properties": {"name": "동구로", "spaces": 70, "address": "서울특별시 구로구 구로4동 94-1", "type": "노외", "category": "공영", "gu": "구로구", "dong": "구로4동", "data_date": "2026-05-15"}}, {"type": "Feature", "geometry": {"type": "Point", "coordinates": [127.0807575, 37.56448656]}, "properties": {"name": "중곡1동", "spaces": 132, "address": "서울특별시 광진구 면목로 126", "type": "노외", "category": "공영", "gu": "광진구", "dong": "중곡1동", "data_date": "2026-05-15"}}, {"type": "Feature", "geometry": {"type": "Point", "coordinates": [126.914523, 37.48829247]}, "properties": {"name": "신대방역", "spaces": 60, "address": "서울특별시 관악구 신림동 498", "type": "노외", "category": "공영", "gu": "동작구", "dong": "신대방1동", "data_date": "2026-05-15"}}, {"type": "Feature", "geometry": {"type": "Point", "coordinates": [126.9040672, 37.4846976]}, "properties": {"name": "구로디지털단지역(상)", "spaces": 31, "address": "서울특별시 관악구 신림동 1677-4", "type": "노외", "category": "공영", "gu": "관악구", "dong": "조원동", "data_date": "2026-05-15"}}, {"type": "Feature", "geometry": {"type": "Point", "coordinates": [126.931441, 37.488045]}, "properties": {"name": "봉천복개3", "spaces": 62, "address": "서울특별시 관악구 신림동 1467-3~4, 1467-6", "type": "노상", "category": "공영", "gu": "관악구", "dong": "보라매동", "data_date": "2026-05-15"}}, {"type": "Feature", "geometry": {"type": "Point", "coordinates": [126.80519, 37.57213001]}, "properties": {"name": "개화산역", "spaces": 321, "address": "서울특별시 강서구 방화동 845", "type": "노외", "category": "공영", "gu": "강서구", "dong": "방화2동", "data_date": "2026-05-15"}}, {"type": "Feature", "geometry": {"type": "Point", "coordinates": [126.813315, 37.57729223]}, "properties": {"name": "방화역(동)", "spaces": 66, "address": "서울특별시 강서구 방화동 830-4", "type": "노외", "category": "공영", "gu": "강서구", "dong": "방화3동", "data_date": "2026-05-15"}}, {"type": "Feature", "geometry": {"type": "Point", "coordinates": [126.812175, 37.577574]}, "properties": {"name": "방화역(서)", "spaces": 69, "address": "서울특별시 강서구 방화동 829-1", "type": "노외", "category": "공영", "gu": "강서구", "dong": "방화3동", "data_date": "2026-05-15"}}, {"type": "Feature", "geometry": {"type": "Point", "coordinates": [126.9014944, 37.48531492]}, "properties": {"name": "구로디지털단지역", "spaces": 91, "address": "서울특별시 구로구 구로동 810-3", "type": "노외", "category": "공영", "gu": "구로구", "dong": "대림2동", "data_date": "2026-05-15"}}, {"type": "Feature", "geometry": {"type": "Point", "coordinates": [126.8938632, 37.49497371]}, "properties": {"name": "대림역2", "spaces": 31, "address": "서울특별시 구로구 구로동 73-9", "type": "노상", "category": "공영", "gu": "구로구", "dong": "구로4동", "data_date": "2026-05-15"}}, {"type": "Feature", "geometry": {"type": "Point", "coordinates": [126.8824865, 37.49266454]}, "properties": {"name": "가마산고가밑", "spaces": 18, "address": "서울특별시 구로구 구로동 414-13", "type": "노상", "category": "공영", "gu": "구로구", "dong": "구로2동", "data_date": "2026-05-15"}}, {"type": "Feature", "geometry": {"type": "Point", "coordinates": [126.894332, 37.492847]}, "properties": {"name": "대림노외", "spaces": 93, "address": "서울특별시 구로구 구로동 120-3 외 8필지", "type": "노외", "category": "공영", "gu": "구로구", "dong": "구로4동", "data_date": "2026-05-15"}}, {"type": "Feature", "geometry": {"type": "Point", "coordinates": [127.071912, 37.49567866]}, "properties": {"name": "학여울역", "spaces": 180, "address": "서울특별시 강남구 대치동 514", "type": "노외", "category": "공영", "gu": "강남구", "dong": "대치2동", "data_date": "2026-05-15"}}, {"type": "Feature", "geometry": {"type": "Point", "coordinates": [127.0703164, 37.49509713]}, "properties": {"name": "영동6교밑", "spaces": 39, "address": "서울특별시 강남구 대치동 512-1(극동교회앞)", "type": "노상", "category": "공영", "gu": "강남구", "dong": "대치2동", "data_date": "2026-05-15"}}, {"type": "Feature", "geometry": {"type": "Point", "coordinates": [126.921133, 37.504395]}, "properties": {"name": "해군본부앞", "spaces": 20, "address": "서울특별시 영등포구 신길동 812", "type": "노상", "category": "공영", "gu": "영등포구", "dong": "신길7동", "data_date": "2026-05-15"}}, {"type": "Feature", "geometry": {"type": "Point", "coordinates": [127.0282393, 37.61674547]}, "properties": {"name": "도봉로 15길", "spaces": 16, "address": "서울특별시 강북구 미아동 458-7", "type": "노상", "category": "공영", "gu": "강북구", "dong": "송천동", "data_date": "2026-05-15"}}, {"type": "Feature", "geometry": {"type": "Point", "coordinates": [127.125129, 37.53850411]}, "properties": {"name": "천호역", "spaces": 1431, "address": "서울특별시 강동구 천호동 455", "type": "노외", "category": "공영", "gu": "강동구", "dong": "천호2동", "data_date": "2026-05-15"}}, {"type": "Feature", "geometry": {"type": "Point", "coordinates": [127.135091, 37.552364]}, "properties": {"name": "볕우물", "spaces": 96, "address": "서울특별시 강동구 암사1동 473-3", "type": "노외", "category": "공영", "gu": "강동구", "dong": "암사1동", "data_date": "2026-05-15"}}, {"type": "Feature", "geometry": {"type": "Point", "coordinates": [127.1558987, 37.553611]}, "properties": {"name": "명일파출소", "spaces": 12, "address": "서울특별시 강동구 명일동 47-9(명일파출소 뒤)", "type": "노상", "category": "공영", "gu": "강동구", "dong": "명일2동", "data_date": "2026-05-15"}}, {"type": "Feature", "geometry": {"type": "Point", "coordinates": [127.08409, 37.484686]}, "properties": {"name": "일원역", "spaces": 67, "address": "서울특별시 강남구 일원본동 716-2", "type": "노외", "category": "공영", "gu": "강남구", "dong": "일원본동", "data_date": "2026-05-15"}}, {"type": "Feature", "geometry": {"type": "Point", "coordinates": [127.0790178, 37.48283301]}, "properties": {"name": "일원터널", "spaces": 11, "address": "서울특별시 강남구 일원동 722-2", "type": "노외", "category": "공영", "gu": "강남구", "dong": "일원본동", "data_date": "2026-05-15"}}, {"type": "Feature", "geometry": {"type": "Point", "coordinates": [127.0262531, 37.52923653]}, "properties": {"name": "동호대교(남)", "spaces": 18, "address": "서울특별시 강남구 압구정동 435(동호대교하부 올림픽대로 진입부)", "type": "노상", "category": "공영", "gu": "강남구", "dong": "신사동", "data_date": "2026-05-15"}}, {"type": "Feature", "geometry": {"type": "Point", "coordinates": [127.0284809, 37.52643082]}, "properties": {"name": "압구정고가2", "spaces": 19, "address": "서울특별시 강남구 신사동 668(압구정고가하부)", "type": "노상", "category": "공영", "gu": "강남구", "dong": "신사동", "data_date": "2026-05-15"}}, {"type": "Feature", "geometry": {"type": "Point", "coordinates": [127.028448, 37.52643082]}, "properties": {"name": "압구정고가1", "spaces": 19, "address": "서울특별시 강남구 신사동 668(압구정고가하부)", "type": "노상", "category": "공영", "gu": "강남구", "dong": "신사동", "data_date": "2026-05-15"}}, {"type": "Feature", "geometry": {"type": "Point", "coordinates": [127.0999519, 37.48785438]}, "properties": {"name": "수서역", "spaces": 568, "address": "서울특별시 강남구 수서동 735", "type": "노외", "category": "공영", "gu": "강남구", "dong": "수서동", "data_date": "2026-05-15"}}, {"type": "Feature", "geometry": {"type": "Point", "coordinates": [126.9818795, 37.55508319]}, "properties": {"name": "남산파출소", "spaces": 13, "address": "서울특별시 중구 회현동1가 147-32", "type": "노상", "category": "공영", "gu": "중구", "dong": "회현동", "data_date": "2026-05-15"}}, {"type": "Feature", "geometry": {"type": "Point", "coordinates": [126.993161, 37.560058]}, "properties": {"name": "남산한옥마을", "spaces": 16, "address": "서울특별시 중구 필동2가 83-1", "type": "노상", "category": "공영", "gu": "중구", "dong": "필동", "data_date": "2026-05-15"}}, {"type": "Feature", "geometry": {"type": "Point", "coordinates": [126.9889387982, 37.559809]}, "properties": {"name": "남산예장", "spaces": 39, "address": "서울특별시 중구 퇴계로26길 36", "type": "노외", "category": "공영", "gu": "중구", "dong": "필동", "data_date": "2026-05-15"}}, {"type": "Feature", "geometry": {"type": "Point", "coordinates": [126.9943975, 37.56428338]}, "properties": {"name": "마른내길", "spaces": 34, "address": "서울특별시 중구 인현동1가 87-8", "type": "노상", "category": "공영", "gu": "중구", "dong": "을지로동", "data_date": "2026-05-15"}}, {"type": "Feature", "geometry": {"type": "Point", "coordinates": [127.0078625, 37.569573]}, "properties": {"name": "청계5(평화시장)", "spaces": 20, "address": "서울특별시 중구 을지로6가 17-442", "type": "노상", "category": "공영", "gu": "중구", "dong": "광희동", "data_date": "2026-05-15"}}, {"type": "Feature", "geometry": {"type": "Point", "coordinates": [126.9926255, 37.56523043]}, "properties": {"name": "돈화문로", "spaces": 49, "address": "서울특별시 중구 을지로3가 296-24(도로양쪽)", "type": "노상", "category": "공영", "gu": "중구", "dong": "을지로동", "data_date": "2026-05-15"}}, {"type": "Feature", "geometry": {"type": "Point", "coordinates": [126.99265, 37.56627504]}, "properties": {"name": "을지로", "spaces": 93, "address": "서울특별시 중구 을지로3가 282-8", "type": "노상", "category": "공영", "gu": "중구", "dong": "을지로동", "data_date": "2026-05-15"}}, {"type": "Feature", "geometry": {"type": "Point", "coordinates": [127.0121114623, 37.5672655579]}, "properties": {"name": "DDP동측(양쪽)", "spaces": 20, "address": "서울특별시 중구 마장로 22", "type": "노상", "category": "공영", "gu": "중구", "dong": "신당동", "data_date": "2026-05-15"}}, {"type": "Feature", "geometry": {"type": "Point", "coordinates": [127.0002701, 37.56461446]}, "properties": {"name": "마른내로", "spaces": 14, "address": "서울특별시 중구 오장동 69-3", "type": "노상", "category": "공영", "gu": "중구", "dong": "광희동", "data_date": "2026-05-15"}}, {"type": "Feature", "geometry": {"type": "Point", "coordinates": [126.9980128, 37.56533866]}, "properties": {"name": "배오개길", "spaces": 20, "address": "서울특별시 중구 예관동 22-1", "type": "노상", "category": "공영", "gu": "중구", "dong": "광희동", "data_date": "2026-05-15"}}, {"type": "Feature", "geometry": {"type": "Point", "coordinates": [127.012141, 37.567102]}, "properties": {"name": "동대문", "spaces": 1092, "address": "서울특별시 중구 신당동 257-1", "type": "노외", "category": "공영", "gu": "중구", "dong": "신당동", "data_date": "2026-05-15"}}, {"type": "Feature", "geometry": {"type": "Point", "coordinates": [127.015083, 37.569599]}, "properties": {"name": "청계6(청평화)", "spaces": 5, "address": "서울특별시 중구 신당동 217-118+서울시 종로구 창신동 436-91", "type": "노상", "category": "공영", "gu": "중구", "dong": "신당동", "data_date": "2026-05-15"}}, {"type": "Feature", "geometry": {"type": "Point", "coordinates": [127.011183, 37.569577]}, "properties": {"name": "청계6(신평화)", "spaces": 7, "address": "서울특별시 중구 신당동 217-118+서울시 종로구 창신동 436-91", "type": "노상", "category": "공영", "gu": "중구", "dong": "신당동", "data_date": "2026-05-15"}}, {"type": "Feature", "geometry": {"type": "Point", "coordinates": [127.011002, 37.569971]}, "properties": {"name": "청계6(북)", "spaces": 28, "address": "서울특별시 중구 신당동 217-118+서울시 종로구 창신동 436-91", "type": "노상", "category": "공영", "gu": "종로구", "dong": "창신1동", "data_date": "2026-05-15"}}, {"type": "Feature", "geometry": {"type": "Point", "coordinates": [127.013098, 37.569582]}, "properties": {"name": "청계6(동평화)", "spaces": 6, "address": "서울특별시 중구 신당동 217-118+서울시 종로구 창신동 436-91", "type": "노상", "category": "공영", "gu": "중구", "dong": "신당동", "data_date": "2026-05-15"}}, {"type": "Feature", "geometry": {"type": "Point", "coordinates": [126.9835051, 37.56725124]}, "properties": {"name": "동국제강", "spaces": 13, "address": "서울특별시 중구 삼각동 111-1", "type": "노상", "category": "공영", "gu": "중구", "dong": "명동", "data_date": "2026-05-15"}}, {"type": "Feature", "geometry": {"type": "Point", "coordinates": [126.977703, 37.559277]}, "properties": {"name": "남대문 시장", "spaces": 2, "address": "서울특별시 중구 남창동 51-4 일대", "type": "노상", "category": "공영", "gu": "중구", "dong": "회현동", "data_date": "2026-05-15"}}, {"type": "Feature", "geometry": {"type": "Point", "coordinates": [126.9773, 37.5598]}, "properties": {"name": "남대문 초입", "spaces": 3, "address": "서울특별시 중구 남창동 51-4 일대", "type": "노상", "category": "공영", "gu": "중구", "dong": "회현동", "data_date": "2026-05-15"}}, {"type": "Feature", "geometry": {"type": "Point", "coordinates": [126.978563, 37.556118]}, "properties": {"name": "남산공원 소파로", "spaces": 21, "address": "서울특별시 중구 남창동 205-107 일대", "type": "노상", "category": "공영", "gu": "중구", "dong": "회현동", "data_date": "2026-05-15"}}, {"type": "Feature", "geometry": {"type": "Point", "coordinates": [126.9779181, 37.56101255]}, "properties": {"name": "남대문 화물", "spaces": 9, "address": "서울특별시 중구 남대문로 4가 24-1", "type": "노상", "category": "공영", "gu": "중구", "dong": "회현동", "data_date": "2026-05-15"}}, {"type": "Feature", "geometry": {"type": "Point", "coordinates": [126.9948635, 37.57313353]}, "properties": {"name": "종묘", "spaces": 1317, "address": "서울특별시 종로구 훈정동 2", "type": "노외", "category": "공영", "gu": "종로구", "dong": "종로1·2·3·4가동", "data_date": "2026-05-15"}}, {"type": "Feature", "geometry": {"type": "Point", "coordinates": [126.9229741, 37.49044046]}, "properties": {"name": "보라매상업", "spaces": 64, "address": "서울특별시 동작구 신대방동 431-3", "type": "노외", "category": "공영", "gu": "동작구", "dong": "신대방2동", "data_date": "2026-05-15"}}, {"type": "Feature", "geometry": {"type": "Point", "coordinates": [127.0479008482, 37.6686873571]}, "properties": {"name": "도봉월드상가공영주차장", "spaces": 17, "address": "서울특별시 도봉구 방학동 720-4", "type": "노상", "category": "공영", "gu": "도봉구", "dong": "방학1동", "data_date": "2026-04-21"}}, {"type": "Feature", "geometry": {"type": "Point", "coordinates": [127.0464544027, 37.6736578457]}, "properties": {"name": "도봉2동법조2타운공영주차장", "spaces": 64, "address": "서울특별시 도봉구 도봉로160길", "type": "노외", "category": "공영", "gu": "도봉구", "dong": "도봉2동", "data_date": "2026-04-21"}}, {"type": "Feature", "geometry": {"type": "Point", "coordinates": [127.03353, 37.653242895]}, "properties": {"name": "쌍문2동제2공영주차장", "spaces": 18, "address": "서울특별시 도봉구 도봉로123길", "type": "노외", "category": "공영", "gu": "도봉구", "dong": "쌍문2동", "data_date": "2026-04-21"}}, {"type": "Feature", "geometry": {"type": "Point", "coordinates": [127.0258414031, 37.648652263]}, "properties": {"name": "쌍문1동제2공영주차장", "spaces": 11, "address": "서울특별시 도봉구 우이천로30길 25", "type": "노외", "category": "공영", "gu": "도봉구", "dong": "쌍문1동", "data_date": "2026-04-21"}}, {"type": "Feature", "geometry": {"type": "Point", "coordinates": [127.03355, 37.6513297622]}, "properties": {"name": "쌍문2동제1공영주차장", "spaces": 14, "address": "서울특별시 도봉구 노해로 227", "type": "노외", "category": "공영", "gu": "도봉구", "dong": "쌍문2동", "data_date": "2026-04-21"}}, {"type": "Feature", "geometry": {"type": "Point", "coordinates": [127.0223431536, 37.6531909586]}, "properties": {"name": "쌍문1동제1공영주차장", "spaces": 29, "address": "서울특별시 도봉구 우이천로38길 94", "type": "노외", "category": "공영", "gu": "도봉구", "dong": "쌍문1동", "data_date": "2026-04-21"}}, {"type": "Feature", "geometry": {"type": "Point", "coordinates": [127.03084, 37.6521258961]}, "properties": {"name": "쌍문4동제1공영주차장", "spaces": 12, "address": "서울특별시 도봉구 노해로53길", "type": "노외", "category": "공영", "gu": "도봉구", "dong": "쌍문4동", "data_date": "2026-04-21"}}, {"type": "Feature", "geometry": {"type": "Point", "coordinates": [127.03463, 37.66721]}, "properties": {"name": "방학2동제1공영주차장", "spaces": 20, "address": "서울특별시 도봉구 도당로13바길", "type": "노외", "category": "공영", "gu": "도봉구", "dong": "방학2동", "data_date": "2026-04-21"}}, {"type": "Feature", "geometry": {"type": "Point", "coordinates": [127.0318424618, 37.6683560795]}, "properties": {"name": "방학2동제3공영주차장", "spaces": 23, "address": "서울특별시 도봉구 시루봉로15마길 5", "type": "노외", "category": "공영", "gu": "도봉구", "dong": "방학2동", "data_date": "2026-04-21"}}, {"type": "Feature", "geometry": {"type": "Point", "coordinates": [127.03869, 37.6611511427]}, "properties": {"name": "쌍문2동제3공영주차장", "spaces": 37, "address": "서울특별시 도봉구 도봉로139길 56-14", "type": "노외", "category": "공영", "gu": "도봉구", "dong": "쌍문2동", "data_date": "2026-04-21"}}, {"type": "Feature", "geometry": {"type": "Point", "coordinates": [127.0361404338, 37.6413547414]}, "properties": {"name": "창2동제4공영주차장", "spaces": 82, "address": "서울특별시 도봉구 덕릉로59길 63", "type": "노외", "category": "공영", "gu": "도봉구", "dong": "창2동", "data_date": "2026-04-21"}}, {"type": "Feature", "geometry": {"type": "Point", "coordinates": [127.0373050821, 37.6439971784]}, "properties": {"name": "창2동제1공영주차장", "spaces": 19, "address": "서울특별시 도봉구 도봉로104길", "type": "노외", "category": "공영", "gu": "도봉구", "dong": "창2동", "data_date": "2026-04-21"}}, {"type": "Feature", "geometry": {"type": "Point", "coordinates": [127.0456545486, 37.6523644174]}, "properties": {"name": "창동역 서측 주차장", "spaces": 124, "address": "서울특별시 도봉구 창동 330", "type": "노외", "category": "공영", "gu": "도봉구", "dong": "창5동", "data_date": "2026-04-21"}}, {"type": "Feature", "geometry": {"type": "Point", "coordinates": [127.04908859, 37.6544778723]}, "properties": {"name": "창동역 동측 주차장", "spaces": 534, "address": "서울특별시 도봉구 창동 1-9", "type": "노외", "category": "공영", "gu": "도봉구", "dong": "창4동", "data_date": "2026-04-21"}}, {"type": "Feature", "geometry": {"type": "Point", "coordinates": [127.0406278, 37.6610954]}, "properties": {"name": "쌍문2동제4공영주차장", "spaces": 17, "address": "서울특별시 도봉구 쌍문2동 708-18", "type": "노외", "category": "공영", "gu": "도봉구", "dong": "쌍문2동", "data_date": "2026-04-21"}}, {"type": "Feature", "geometry": {"type": "Point", "coordinates": [127.0449194561, 37.6897506981]}, "properties": {"name": "도봉산역 환승주차장", "spaces": 364, "address": "서울특별시 도봉구 도봉동 288-19", "type": "노외", "category": "공영", "gu": "도봉구", "dong": "도봉1동", "data_date": "2026-04-21"}}, {"type": "Feature", "geometry": {"type": "Point", "coordinates": [127.0405738645, 37.68749583]}, "properties": {"name": "도봉산 주차장", "spaces": 194, "address": "서울특별시 도봉구 도봉동 282-26", "type": "노외", "category": "공영", "gu": "도봉구", "dong": "도봉1동", "data_date": "2026-04-21"}}, {"type": "Feature", "geometry": {"type": "Point", "coordinates": [127.042244849, 37.6904787749]}, "properties": {"name": "도봉권역 공영차고지", "spaces": 190, "address": "서울특별시 도봉구 도봉동 341-1", "type": "노외", "category": "공영", "gu": "도봉구", "dong": "도봉1동", "data_date": "2026-04-21"}}, {"type": "Feature", "geometry": {"type": "Point", "coordinates": [127.0335622468, 37.6656358875]}, "properties": {"name": "방학2동제2공영주차장", "spaces": 30, "address": "서울특별시 도봉구 방학동 632-14", "type": "노외", "category": "공영", "gu": "도봉구", "dong": "방학2동", "data_date": "2026-04-21"}}, {"type": "Feature", "geometry": {"type": "Point", "coordinates": [127.04648, 37.6736578457]}, "properties": {"name": "도봉2동법조타운공영주차장", "spaces": 164, "address": "서울특별시 도봉구 도봉동 624-105", "type": "노외", "category": "공영", "gu": "도봉구", "dong": "도봉2동", "data_date": "2026-04-21"}}, {"type": "Feature", "geometry": {"type": "Point", "coordinates": [127.02934, 37.64925]}, "properties": {"name": "쌍문3동제2공영주차장", "spaces": 32, "address": "서울특별시 도봉구 쌍문동 315-62", "type": "노외", "category": "공영", "gu": "도봉구", "dong": "쌍문3동", "data_date": "2026-04-21"}}, {"type": "Feature", "geometry": {"type": "Point", "coordinates": [127.03532, 37.64113]}, "properties": {"name": "창2동제2공영주차장", "spaces": 12, "address": "서울특별시 도봉구 창동 632-75", "type": "노외", "category": "공영", "gu": "도봉구", "dong": "창2동", "data_date": "2026-04-21"}}, {"type": "Feature", "geometry": {"type": "Point", "coordinates": [127.0457640163, 37.6803629062]}, "properties": {"name": "도봉2동제2공영주차장", "spaces": 58, "address": "서울특별시 도봉구 도봉로170길 2", "type": "노외", "category": "공영", "gu": "도봉구", "dong": "도봉2동", "data_date": "2026-04-21"}}, {"type": "Feature", "geometry": {"type": "Point", "coordinates": [127.0392035501, 37.66582]}, "properties": {"name": "방학1동제2공영주차장", "spaces": 9, "address": "서울특별시 도봉구 방학동 684-4", "type": "노외", "category": "공영", "gu": "도봉구", "dong": "방학1동", "data_date": "2026-04-21"}}, {"type": "Feature", "geometry": {"type": "Point", "coordinates": [127.0415040431, 37.6738298677]}, "properties": {"name": "화학부대공영주차장", "spaces": 135, "address": "서울특별시 도봉구 도봉동 132-2", "type": "노외", "category": "공영", "gu": "도봉구", "dong": "도봉1동", "data_date": "2026-04-21"}}, {"type": "Feature", "geometry": {"type": "Point", "coordinates": [127.0340186204, 37.6645053115]}, "properties": {"name": "도깨비시장공영주차장", "spaces": 81, "address": "서울특별시 도봉구 방학로10길 51", "type": "노외", "category": "공영", "gu": "도봉구", "dong": "방학2동", "data_date": "2026-04-21"}}, {"type": "Feature", "geometry": {"type": "Point", "coordinates": [127.037229446, 37.6700855433]}, "properties": {"name": "방학2동제4공영주차장", "spaces": 34, "address": "서울특별시 도봉구 방학동 600-13", "type": "노외", "category": "공영", "gu": "도봉구", "dong": "방학2동", "data_date": "2026-04-21"}}, {"type": "Feature", "geometry": {"type": "Point", "coordinates": [127.0396, 37.6525139899]}, "properties": {"name": "창5동제1공영주차장", "spaces": 9, "address": "서울특별시 도봉구 도봉로126길", "type": "노외", "category": "공영", "gu": "도봉구", "dong": "창5동", "data_date": "2026-04-21"}}, {"type": "Feature", "geometry": {"type": "Point", "coordinates": [127.042486168, 37.6749747236]}, "properties": {"name": "도봉1동제1공영주차장", "spaces": 19, "address": "서울특별시 도봉구 도봉동 599-34", "type": "노외", "category": "공영", "gu": "도봉구", "dong": "도봉1동", "data_date": "2026-04-21"}}, {"type": "Feature", "geometry": {"type": "Point", "coordinates": [127.041196924, 37.6331096114]}, "properties": {"name": "창3동제1공영주차장", "spaces": 80, "address": "서울특별시 도봉구 우이천로4길 24-11", "type": "노외", "category": "공영", "gu": "도봉구", "dong": "창3동", "data_date": "2026-04-21"}}, {"type": "Feature", "geometry": {"type": "Point", "coordinates": [127.0374195358, 37.63841]}, "properties": {"name": "창2동제3공영주차장", "spaces": 18, "address": "서울특별시 도봉구 창동 578-4", "type": "노외", "category": "공영", "gu": "도봉구", "dong": "창2동", "data_date": "2026-04-21"}}, {"type": "Feature", "geometry": {"type": "Point", "coordinates": [127.037192, 37.6471281036]}, "properties": {"name": "창1동제1공영주차장", "spaces": 42, "address": "서울특별시 도봉구 도봉로112길 43", "type": "노외", "category": "공영", "gu": "도봉구", "dong": "창1동", "data_date": "2026-04-21"}}, {"type": "Feature", "geometry": {"type": "Point", "coordinates": [127.0392035501, 37.6658536019]}, "properties": {"name": "쌍문3동제1공영주차장", "spaces": 8, "address": "서울특별시 도봉구 방학동 684-4", "type": "노외", "category": "공영", "gu": "도봉구", "dong": "방학1동", "data_date": "2026-04-21"}}, {"type": "Feature", "geometry": {"type": "Point", "coordinates": [127.04284, 37.66938]}, "properties": {"name": "방학1동제1공영주차장", "spaces": 18, "address": "서울특별시 도봉구 도당로31길", "type": "노외", "category": "공영", "gu": "도봉구", "dong": "방학1동", "data_date": "2026-04-21"}}, {"type": "Feature", "geometry": {"type": "Point", "coordinates": [127.0393217, 37.6709401946]}, "properties": {"name": "방학2동제5공영주차장", "spaces": 28, "address": "서울특별시 도봉구 시루봉로 273", "type": "노외", "category": "공영", "gu": "도봉구", "dong": "방학2동", "data_date": "2026-04-21"}}, {"type": "Feature", "geometry": {"type": "Point", "coordinates": [127.045755, 37.6803234]}, "properties": {"name": "도봉구견인보관소", "spaces": 23, "address": "서울특별시 도봉구 도봉로170길 2", "type": "노외", "category": "공영", "gu": "도봉구", "dong": "도봉2동", "data_date": "2026-04-21"}}, {"type": "Feature", "geometry": {"type": "Point", "coordinates": [127.0462315313, 37.6832962188]}, "properties": {"name": "도봉2동제6공영주차장", "spaces": 13, "address": "서울특별시 도봉구 도봉로 884", "type": "노외", "category": "공영", "gu": "도봉구", "dong": "도봉2동", "data_date": "2026-04-21"}}, {"type": "Feature", "geometry": {"type": "Point", "coordinates": [127.045755, 37.6803234]}, "properties": {"name": "도봉2동제5공영주차장", "spaces": 9, "address": "서울특별시 도봉구 도봉로170길 2", "type": "노외", "category": "공영", "gu": "도봉구", "dong": "도봉2동", "data_date": "2026-04-21"}}, {"type": "Feature", "geometry": {"type": "Point", "coordinates": [127.045755, 37.6803234]}, "properties": {"name": "도봉2동제4공영주차장", "spaces": 72, "address": "서울특별시 도봉구 도봉로170길 2", "type": "노외", "category": "공영", "gu": "도봉구", "dong": "도봉2동", "data_date": "2026-04-21"}}, {"type": "Feature", "geometry": {"type": "Point", "coordinates": [127.045755, 37.6803234]}, "properties": {"name": "도봉2동제3공영주차장", "spaces": 28, "address": "서울특별시 도봉구 도봉로170길 2", "type": "노외", "category": "공영", "gu": "도봉구", "dong": "도봉2동", "data_date": "2026-04-21"}}, {"type": "Feature", "geometry": {"type": "Point", "coordinates": [127.0373805, 37.6782118]}, "properties": {"name": "도봉1동제3공영주차장", "spaces": 11, "address": "서울특별시 도봉구 도봉1동 470-4", "type": "노외", "category": "공영", "gu": "도봉구", "dong": "도봉1동", "data_date": "2026-04-21"}}, {"type": "Feature", "geometry": {"type": "Point", "coordinates": [126.972694, 37.53357838]}, "properties": {"name": "삼각지임시", "spaces": 169, "address": "서울특별시 용산구 한강대로 160", "type": "노외", "category": "공영", "gu": "용산구", "dong": "한강로동", "data_date": "2026-05-13"}}, {"type": "Feature", "geometry": {"type": "Point", "coordinates": [126.9743019, 37.52066695]}, "properties": {"name": "이촌1동", "spaces": 12, "address": "서울특별시 용산구 이촌동 301-244", "type": "노상", "category": "공영", "gu": "용산구", "dong": "이촌1동", "data_date": "2026-05-13"}}, {"type": "Feature", "geometry": {"type": "Point", "coordinates": [126.9686741, 37.52012404]}, "properties": {"name": "이촌로54길", "spaces": 22, "address": "서울특별시 용산구 이촌동 302-31", "type": "노상", "category": "공영", "gu": "용산구", "dong": "이촌1동", "data_date": "2026-05-13"}}, {"type": "Feature", "geometry": {"type": "Point", "coordinates": [126.969191, 37.53023598]}, "properties": {"name": "한강로2가동", "spaces": 14, "address": "서울특별시 용산구 한강대로 118-1", "type": "노상", "category": "공영", "gu": "용산구", "dong": "한강로동", "data_date": "2026-05-13"}}, {"type": "Feature", "geometry": {"type": "Point", "coordinates": [126.9957211, 37.53088001]}, "properties": {"name": "이태원1동", "spaces": 9, "address": "서울특별시 용산구 이태원동 22-36", "type": "노상", "category": "공영", "gu": "용산구", "dong": "이태원1동", "data_date": "2026-05-13"}}, {"type": "Feature", "geometry": {"type": "Point", "coordinates": [126.9791209, 37.51837375]}, "properties": {"name": "한강쇼핑", "spaces": 15, "address": "서울특별시 용산구 이촌로 291", "type": "노상", "category": "공영", "gu": "용산구", "dong": "이촌1동", "data_date": "2026-05-13"}}, {"type": "Feature", "geometry": {"type": "Point", "coordinates": [126.976155, 37.55042378]}, "properties": {"name": "후암동", "spaces": 39, "address": "서울특별시 용산구 후암로35길 23", "type": "노외", "category": "공영", "gu": "용산구", "dong": "후암동", "data_date": "2026-05-13"}}, {"type": "Feature", "geometry": {"type": "Point", "coordinates": [126.9698684, 37.5454353]}, "properties": {"name": "청파동청사", "spaces": 34, "address": "서울특별시 용산구 청파로49길 6", "type": "노외", "category": "공영", "gu": "용산구", "dong": "청파동", "data_date": "2026-05-13"}}, {"type": "Feature", "geometry": {"type": "Point", "coordinates": [126.9685904, 37.5427848]}, "properties": {"name": "청파동1마을공원", "spaces": 99, "address": "서울특별시 용산구 원효로97길 50", "type": "노외", "category": "공영", "gu": "용산구", "dong": "청파동", "data_date": "2026-05-13"}}, {"type": "Feature", "geometry": {"type": "Point", "coordinates": [126.9575712, 37.5389156]}, "properties": {"name": "용문동", "spaces": 39, "address": "서울특별시 용산구 새창로12길 13", "type": "노외", "category": "공영", "gu": "용산구", "dong": "용문동", "data_date": "2026-05-13"}}, {"type": "Feature", "geometry": {"type": "Point", "coordinates": [126.9855706, 37.54607483]}, "properties": {"name": "용산2가(소월)", "spaces": 60, "address": "서울특별시 용산구 신흥로 90", "type": "노외", "category": "공영", "gu": "용산구", "dong": "용산2가동", "data_date": "2026-05-13"}}, {"type": "Feature", "geometry": {"type": "Point", "coordinates": [126.9643647, 37.5516134]}, "properties": {"name": "서계동", "spaces": 31, "address": "서울특별시 용산구 효창원로104가길 16", "type": "노외", "category": "공영", "gu": "용산구", "dong": "청파동", "data_date": "2026-05-13"}}, {"type": "Feature", "geometry": {"type": "Point", "coordinates": [126.9634197, 37.53381211]}, "properties": {"name": "용산전자상가5", "spaces": 42, "address": "서울특별시 용산구 한강로3가 2-1", "type": "노외", "category": "공영", "gu": "용산구", "dong": "한강로동", "data_date": "2026-05-13"}}, {"type": "Feature", "geometry": {"type": "Point", "coordinates": [126.9603066, 37.5338443]}, "properties": {"name": "용산전자상가4", "spaces": 114, "address": "서울특별시 용산구 원효로3가 51-5", "type": "노외", "category": "공영", "gu": "용산구", "dong": "원효로2동", "data_date": "2026-05-13"}}, {"type": "Feature", "geometry": {"type": "Point", "coordinates": [126.9603363, 37.5325369]}, "properties": {"name": "용산전자상가3", "spaces": 167, "address": "서울특별시 용산구 한강로3가 19-2", "type": "노외", "category": "공영", "gu": "용산구", "dong": "한강로동", "data_date": "2026-05-13"}}, {"type": "Feature", "geometry": {"type": "Point", "coordinates": [126.9631106, 37.5326215]}, "properties": {"name": "용산전자상가2", "spaces": 196, "address": "서울특별시 용산구 한강로3가 14-1", "type": "노외", "category": "공영", "gu": "용산구", "dong": "한강로동", "data_date": "2026-05-13"}}, {"type": "Feature", "geometry": {"type": "Point", "coordinates": [126.9647712, 37.53203976]}, "properties": {"name": "용산전자상가1", "spaces": 202, "address": "서울특별시 용산구 한강로3가 12", "type": "노외", "category": "공영", "gu": "용산구", "dong": "한강로동", "data_date": "2026-05-13"}}, {"type": "Feature", "geometry": {"type": "Point", "coordinates": [126.9880824, 37.5430004]}, "properties": {"name": "용산2가동 기계식", "spaces": 54, "address": "서울특별시 용산구 신흥로2길 74", "type": "노외", "category": "공영", "gu": "용산구", "dong": "용산2가동", "data_date": "2026-05-13"}}, {"type": "Feature", "geometry": {"type": "Point", "coordinates": [126.9927159, 37.54047812]}, "properties": {"name": "이태원2동", "spaces": 109, "address": "서울특별시 용산구 회나무로 55", "type": "노외", "category": "공영", "gu": "용산구", "dong": "이태원2동", "data_date": "2026-05-13"}}, {"type": "Feature", "geometry": {"type": "Point", "coordinates": [127.0002687, 37.53485709]}, "properties": {"name": "한남동", "spaces": 248, "address": "서울특별시 용산구 이태원로 224-19", "type": "노외", "category": "공영", "gu": "용산구", "dong": "한남동", "data_date": "2026-05-13"}}, {"type": "Feature", "geometry": {"type": "Point", "coordinates": [127.007355, 37.53001857]}, "properties": {"name": "한남유수지", "spaces": 124, "address": "서울특별시 용산구 독서당로 18", "type": "노외", "category": "공영", "gu": "용산구", "dong": "한남동", "data_date": "2026-05-13"}}, {"type": "Feature", "geometry": {"type": "Point", "coordinates": [126.9552031, 37.5352563]}, "properties": {"name": "신창동", "spaces": 108, "address": "서울특별시 용산구 원효로35길 53", "type": "노외", "category": "공영", "gu": "용산구", "dong": "원효로2동", "data_date": "2026-05-13"}}, {"type": "Feature", "geometry": {"type": "Point", "coordinates": [126.950711, 37.592975]}, "properties": {"name": "홍제3동 제2공영", "spaces": 27, "address": "서울특별시 서대문구 홍제3동 8-173", "type": "노외", "category": "공영", "gu": "서대문구", "dong": "홍제3동", "data_date": "2026-04-29"}}, {"type": "Feature", "geometry": {"type": "Point", "coordinates": [126.948166, 37.595031]}, "properties": {"name": "홍제3동 제1공영", "spaces": 24, "address": "서울특별시 서대문구 홍제3동 278-41", "type": "노외", "category": "공영", "gu": "서대문구", "dong": "홍제3동", "data_date": "2026-04-29"}}, {"type": "Feature", "geometry": {"type": "Point", "coordinates": [126.936114, 37.584928]}, "properties": {"name": "홍제1동 제1공영", "spaces": 30, "address": "서울특별시 서대문구 홍제1동 361-36", "type": "노외", "category": "공영", "gu": "서대문구", "dong": "홍제1동", "data_date": "2026-04-29"}}, {"type": "Feature", "geometry": {"type": "Point", "coordinates": [126.9319203, 37.58757262]}, "properties": {"name": "홍은2동 제2공영", "spaces": 24, "address": "서울특별시 서대문구 연희로39나길 25", "type": "노외", "category": "공영", "gu": "서대문구", "dong": "홍은2동", "data_date": "2026-04-29"}}, {"type": "Feature", "geometry": {"type": "Point", "coordinates": [126.925681, 37.578957]}, "properties": {"name": "홍은2동 제1공영", "spaces": 29, "address": "서울특별시 서대문구 증가로10길 60-23", "type": "노외", "category": "공영", "gu": "서대문구", "dong": "홍은2동", "data_date": "2026-04-29"}}, {"type": "Feature", "geometry": {"type": "Point", "coordinates": [126.949863, 37.605768]}, "properties": {"name": "홍은1동 제3공영", "spaces": 8, "address": "서울특별시 서대문구 홍은1동 8-1262", "type": "노외", "category": "공영", "gu": "서대문구", "dong": "홍은1동", "data_date": "2026-04-29"}}, {"type": "Feature", "geometry": {"type": "Point", "coordinates": [126.949577, 37.598662]}, "properties": {"name": "홍은1동 제1공영", "spaces": 72, "address": "서울특별시 서대문구 포방터2길 10", "type": "노외", "category": "공영", "gu": "서대문구", "dong": "홍은1동", "data_date": "2026-04-29"}}, {"type": "Feature", "geometry": {"type": "Point", "coordinates": [126.9306604, 37.58211871]}, "properties": {"name": "홍연초등학교 공영", "spaces": 89, "address": "서울특별시 서대문구 백련사길 55", "type": "노외", "category": "공영", "gu": "서대문구", "dong": "홍은2동", "data_date": "2026-04-29"}}, {"type": "Feature", "geometry": {"type": "Point", "coordinates": [126.930636, 37.587733]}, "properties": {"name": "정원단지 회차 주차시설", "spaces": 9, "address": "서울특별시 서대문구 홍은2동 265-220", "type": "노외", "category": "공영", "gu": "서대문구", "dong": "홍은2동", "data_date": "2026-04-29"}}, {"type": "Feature", "geometry": {"type": "Point", "coordinates": [126.9604898, 37.57157589]}, "properties": {"name": "독립문문화공원 공영", "spaces": 120, "address": "서울특별시 서대문구 성산로 700", "type": "노외", "category": "공영", "gu": "서대문구", "dong": "천연동", "data_date": "2026-04-29"}}, {"type": "Feature", "geometry": {"type": "Point", "coordinates": [126.9344644, 37.56752792]}, "properties": {"name": "연희동 제3공영", "spaces": 35, "address": "서울특별시 서대문구 연희동 50-3", "type": "노외", "category": "공영", "gu": "서대문구", "dong": "연희동", "data_date": "2026-04-29"}}, {"type": "Feature", "geometry": {"type": "Point", "coordinates": [126.934308, 37.57672649]}, "properties": {"name": "연희동 제1공영", "spaces": 24, "address": "서울특별시 서대문구 연희동 151-32", "type": "노외", "category": "공영", "gu": "서대문구", "dong": "연희동", "data_date": "2026-04-29"}}, {"type": "Feature", "geometry": {"type": "Point", "coordinates": [126.9582929, 37.56005012]}, "properties": {"name": "북아현동 제2공영", "spaces": 50, "address": "서울특별시 서대문구 북아현로6길 60", "type": "노외", "category": "공영", "gu": "서대문구", "dong": "북아현동", "data_date": "2026-04-29"}}, {"type": "Feature", "geometry": {"type": "Point", "coordinates": [126.960347, 37.55829247]}, "properties": {"name": "북아현가구단지 공영", "spaces": 15, "address": "서울특별시 서대문구 북아현동 915", "type": "노외", "category": "공영", "gu": "서대문구", "dong": "북아현동", "data_date": "2026-04-29"}}, {"type": "Feature", "geometry": {"type": "Point", "coordinates": [126.908329, 37.580808]}, "properties": {"name": "북가좌2동 제2공영", "spaces": 9, "address": "서울특별시 서대문구 북가좌2동 346-20", "type": "노외", "category": "공영", "gu": "서대문구", "dong": "북가좌2동", "data_date": "2026-04-29"}}, {"type": "Feature", "geometry": {"type": "Point", "coordinates": [126.913443, 37.578673]}, "properties": {"name": "북가좌2동 제1공영", "spaces": 22, "address": "서울특별시 서대문구 북가좌2동 73-16", "type": "노외", "category": "공영", "gu": "서대문구", "dong": "북가좌2동", "data_date": "2026-04-29"}}, {"type": "Feature", "geometry": {"type": "Point", "coordinates": [126.9684152, 37.562169]}, "properties": {"name": "미근동 공영", "spaces": 27, "address": "서울특별시 서대문구 미근동 267-3", "type": "노외", "category": "공영", "gu": "서대문구", "dong": "충현동", "data_date": "2026-04-29"}}, {"type": "Feature", "geometry": {"type": "Point", "coordinates": [126.942279, 37.590854]}, "properties": {"name": "유진상가/인왕시장 앞 공영", "spaces": 64, "address": "서울특별시 서대문구 홍제3동 294-4", "type": "노상", "category": "공영", "gu": "서대문구", "dong": "홍제3동", "data_date": "2026-04-29"}}, {"type": "Feature", "geometry": {"type": "Point", "coordinates": [126.929661, 37.567117]}, "properties": {"name": "연희맛로 공영", "spaces": 54, "address": "서울특별시 서대문구 연희맛로 23", "type": "노상", "category": "공영", "gu": "서대문구", "dong": "연희동", "data_date": "2026-04-29"}}, {"type": "Feature", "geometry": {"type": "Point", "coordinates": [126.947704, 37.588295]}, "properties": {"name": "홍제2동 제1공영", "spaces": 17, "address": "서울특별시 서대문구 홍제2동 192-14", "type": "노외", "category": "공영", "gu": "서대문구", "dong": "홍제2동", "data_date": "2026-04-29"}}, {"type": "Feature", "geometry": {"type": "Point", "coordinates": [126.9342219, 37.586759]}, "properties": {"name": "홍은2동 제3공영", "spaces": 54, "address": "서울특별시 서대문구 연희로39길 12", "type": "노외", "category": "공영", "gu": "서대문구", "dong": "홍은2동", "data_date": "2026-04-29"}}, {"type": "Feature", "geometry": {"type": "Point", "coordinates": [126.9491809, 37.60152713]}, "properties": {"name": "홍은1동 제4공영", "spaces": 98, "address": "서울특별시 서대문구 홍은중앙로 125", "type": "노외", "category": "공영", "gu": "서대문구", "dong": "홍은1동", "data_date": "2026-04-29"}}, {"type": "Feature", "geometry": {"type": "Point", "coordinates": [126.9567878, 37.562837]}, "properties": {"name": "충현동 제2공영", "spaces": 38, "address": "서울특별시 서대문구 북아현로14길 24", "type": "노외", "category": "공영", "gu": "서대문구", "dong": "충현동", "data_date": "2026-04-29"}}, {"type": "Feature", "geometry": {"type": "Point", "coordinates": [126.964418, 37.565118]}, "properties": {"name": "충현동 제1공영", "spaces": 63, "address": "서울특별시 서대문구 경기대로 72", "type": "노외", "category": "공영", "gu": "서대문구", "dong": "충현동", "data_date": "2026-04-29"}}, {"type": "Feature", "geometry": {"type": "Point", "coordinates": [126.927991, 37.574957]}, "properties": {"name": "연희동 제6공영", "spaces": 43, "address": "서울특별시 서대문구 홍연길16", "type": "노외", "category": "공영", "gu": "서대문구", "dong": "연희동", "data_date": "2026-04-29"}}, {"type": "Feature", "geometry": {"type": "Point", "coordinates": [126.9276771, 37.57237112]}, "properties": {"name": "연희동 제2공영", "spaces": 39, "address": "서울특별시 서대문구 연희동 105-8", "type": "노외", "category": "공영", "gu": "서대문구", "dong": "연희동", "data_date": "2026-04-29"}}, {"type": "Feature", "geometry": {"type": "Point", "coordinates": [126.9471251, 37.56710999]}, "properties": {"name": "신촌동 봉원고가 하부 공영", "spaces": 23, "address": "서울특별시 서대문구 대신동 143-31", "type": "노외", "category": "공영", "gu": "서대문구", "dong": "신촌동", "data_date": "2026-04-29"}}, {"type": "Feature", "geometry": {"type": "Point", "coordinates": [126.9343532, 37.55912779]}, "properties": {"name": "신촌동 제1공영", "spaces": 23, "address": "서울특별시 서대문구 성산로22길 40", "type": "노외", "category": "공영", "gu": "서대문구", "dong": "신촌동", "data_date": "2026-04-29"}}, {"type": "Feature", "geometry": {"type": "Point", "coordinates": [126.9518349, 37.55963212]}, "properties": {"name": "북성초등학교 공영", "spaces": 100, "address": "서울특별시 서대문구 북아현로1나길22", "type": "노외", "category": "공영", "gu": "서대문구", "dong": "북아현동", "data_date": "2026-04-29"}}, {"type": "Feature", "geometry": {"type": "Point", "coordinates": [126.9229512, 37.5831553]}, "properties": {"name": "남가좌2동 제2공영", "spaces": 95, "address": "서울특별시 서대문구 명지대5길 10-8", "type": "노외", "category": "공영", "gu": "서대문구", "dong": "남가좌2동", "data_date": "2026-04-29"}}, {"type": "Feature", "geometry": {"type": "Point", "coordinates": [126.9217979, 37.57701887]}, "properties": {"name": "남가좌2동 제1공영", "spaces": 71, "address": "서울특별시 서대문구 가재울로14길 22", "type": "노외", "category": "공영", "gu": "서대문구", "dong": "남가좌2동", "data_date": "2026-04-29"}}, {"type": "Feature", "geometry": {"type": "Point", "coordinates": [126.916373, 37.569735]}, "properties": {"name": "남가좌1동 제2공영", "spaces": 32, "address": "서울특별시 서대문구 남가좌1동 152-83", "type": "노외", "category": "공영", "gu": "서대문구", "dong": "남가좌1동", "data_date": "2026-04-29"}}, {"type": "Feature", "geometry": {"type": "Point", "coordinates": [127.0150104475, 37.6220890906]}, "properties": {"name": "미양마을마당", "spaces": 10, "address": "서울특별시 강북구 인수봉로6길 39", "type": "노외", "category": "공영", "gu": "강북구", "dong": "삼양동", "data_date": "2026-04-14"}}, {"type": "Feature", "geometry": {"type": "Point", "coordinates": [127.0124546, 37.64414204]}, "properties": {"name": "장미원시장", "spaces": 152, "address": "서울특별시 강북구 인수봉로78길 24", "type": "노외", "category": "공영", "gu": "강북구", "dong": "인수동", "data_date": "2026-04-14"}}, {"type": "Feature", "geometry": {"type": "Point", "coordinates": [127.0235551, 37.6320481]}, "properties": {"name": "수유쌈지", "spaces": 19, "address": "서울특별시 강북구 도봉로 265", "type": "노외", "category": "공영", "gu": "강북구", "dong": "수유1동", "data_date": "2026-04-14"}}, {"type": "Feature", "geometry": {"type": "Point", "coordinates": [127.0335232, 37.6112017]}, "properties": {"name": "송중동(임시)", "spaces": 6, "address": "서울특별시 강북구 도봉로8길 67", "type": "노외", "category": "공영", "gu": "강북구", "dong": "송중동", "data_date": "2026-04-14"}}, {"type": "Feature", "geometry": {"type": "Point", "coordinates": [127.0218735, 37.6460297]}, "properties": {"name": "수유2동", "spaces": 62, "address": "서울특별시 강북구 한천로160길 40", "type": "노외", "category": "공영", "gu": "강북구", "dong": "수유2동", "data_date": "2026-04-14"}}, {"type": "Feature", "geometry": {"type": "Point", "coordinates": [127.0206239, 37.6333382]}, "properties": {"name": "색동공원", "spaces": 80, "address": "서울특별시 강북구 삼양로80나길 56", "type": "노외", "category": "공영", "gu": "강북구", "dong": "수유1동", "data_date": "2026-04-14"}}, {"type": "Feature", "geometry": {"type": "Point", "coordinates": [127.0364771, 37.6184131]}, "properties": {"name": "어울림소공원", "spaces": 45, "address": "서울특별시 강북구 오현로 56", "type": "노외", "category": "공영", "gu": "강북구", "dong": "송중동", "data_date": "2026-04-14"}}, {"type": "Feature", "geometry": {"type": "Point", "coordinates": [127.0149889, 37.6416051]}, "properties": {"name": "가오리", "spaces": 120, "address": "서울특별시 강북구 삼양로107길 30", "type": "노외", "category": "공영", "gu": "강북구", "dong": "인수동", "data_date": "2026-04-14"}}, {"type": "Feature", "geometry": {"type": "Point", "coordinates": [127.0182175, 37.622899]}, "properties": {"name": "삼양마을공원", "spaces": 95, "address": "서울특별시 강북구 삼양로47길 15", "type": "노외", "category": "공영", "gu": "강북구", "dong": "삼양동", "data_date": "2026-04-14"}}, {"type": "Feature", "geometry": {"type": "Point", "coordinates": [127.0202413, 37.6201434]}, "properties": {"name": "대지시장길", "spaces": 47, "address": "서울특별시 강북구 솔샘로 243-8", "type": "노외", "category": "공영", "gu": "강북구", "dong": "삼양동", "data_date": "2026-04-14"}}, {"type": "Feature", "geometry": {"type": "Point", "coordinates": [127.0174444, 37.6306612]}, "properties": {"name": "수유일공원", "spaces": 91, "address": "서울특별시 강북구 삼양로79길 5", "type": "노외", "category": "공영", "gu": "강북구", "dong": "수유1동", "data_date": "2026-04-14"}}, {"type": "Feature", "geometry": {"type": "Point", "coordinates": [127.0311622, 37.6220897]}, "properties": {"name": "오패산", "spaces": 76, "address": "서울특별시 강북구 도봉로34길 54", "type": "노외", "category": "공영", "gu": "강북구", "dong": "송중동", "data_date": "2026-04-14"}}, {"type": "Feature", "geometry": {"type": "Point", "coordinates": [127.0195388, 37.6240065]}, "properties": {"name": "냉천길", "spaces": 104, "address": "서울특별시 강북구 삼양로 230-12", "type": "노외", "category": "공영", "gu": "강북구", "dong": "송천동", "data_date": "2026-04-14"}}, {"type": "Feature", "geometry": {"type": "Point", "coordinates": [127.0134696, 37.6260722]}, "properties": {"name": "구세군길", "spaces": 87, "address": "서울특별시 강북구 인수봉로20가길 21", "type": "노외", "category": "공영", "gu": "강북구", "dong": "삼양동", "data_date": "2026-04-14"}}, {"type": "Feature", "geometry": {"type": "Point", "coordinates": [127.0365901, 37.6267046]}, "properties": {"name": "번2동", "spaces": 20, "address": "서울특별시 강북구 오현로21길 6", "type": "노외", "category": "공영", "gu": "강북구", "dong": "번2동", "data_date": "2026-04-14"}}, {"type": "Feature", "geometry": {"type": "Point", "coordinates": [127.0169821, 37.6279612]}, "properties": {"name": "은혜", "spaces": 20, "address": "서울특별시 강북구 삼양로67길 16", "type": "노외", "category": "공영", "gu": "강북구", "dong": "삼양동", "data_date": "2026-04-14"}}, {"type": "Feature", "geometry": {"type": "Point", "coordinates": [127.015692, 37.6258661]}, "properties": {"name": "삼양시장길", "spaces": 43, "address": "서울특별시 강북구 솔매로7가길 33", "type": "노외", "category": "공영", "gu": "강북구", "dong": "삼양동", "data_date": "2026-04-14"}}, {"type": "Feature", "geometry": {"type": "Point", "coordinates": [127.0154205, 37.6247155]}, "properties": {"name": "청암", "spaces": 47, "address": "서울특별시 강북구 솔매로22가길 20", "type": "노외", "category": "공영", "gu": "강북구", "dong": "삼양동", "data_date": "2026-04-14"}}, {"type": "Feature", "geometry": {"type": "Point", "coordinates": [127.0115891, 37.6567143]}, "properties": {"name": "우이동", "spaces": 82, "address": "서울특별시 강북구 삼양로155길 33", "type": "노외", "category": "공영", "gu": "강북구", "dong": "우이동", "data_date": "2026-04-14"}}, {"type": "Feature", "geometry": {"type": "Point", "coordinates": [127.0332067, 37.637324]}, "properties": {"name": "수송초등학교", "spaces": 185, "address": "서울특별시 강북구 한천로124길 14", "type": "노외", "category": "공영", "gu": "강북구", "dong": "번1동", "data_date": "2026-04-14"}}, {"type": "Feature", "geometry": {"type": "Point", "coordinates": [127.0218524, 37.6305304]}, "properties": {"name": "수유마을시장", "spaces": 116, "address": "서울특별시 강북구 도봉로69길 29", "type": "노외", "category": "공영", "gu": "강북구", "dong": "수유1동", "data_date": "2026-04-14"}}, {"type": "Feature", "geometry": {"type": "Point", "coordinates": [127.0334059, 37.6251004]}, "properties": {"name": "번동햇살", "spaces": 187, "address": "서울특별시 강북구 오현로21길 84", "type": "노외", "category": "공영", "gu": "강북구", "dong": "번2동", "data_date": "2026-04-14"}}, {"type": "Feature", "geometry": {"type": "Point", "coordinates": [127.0223435, 37.6285602]}, "properties": {"name": "미아동", "spaces": 155, "address": "서울특별시 강북구 도봉로61길 46", "type": "노외", "category": "공영", "gu": "강북구", "dong": "미아동", "data_date": "2026-04-14"}}, {"type": "Feature", "geometry": {"type": "Point", "coordinates": [127.0126653, 37.6633705]}, "properties": {"name": "교통광장", "spaces": 158, "address": "서울특별시 강북구 삼양로 678", "type": "노외", "category": "공영", "gu": "강북구", "dong": "우이동", "data_date": "2026-04-14"}}, {"type": "Feature", "geometry": {"type": "Point", "coordinates": [127.0185347, 37.6361708]}, "properties": {"name": "인수동", "spaces": 73, "address": "서울특별시 강북구 삼양로92길 34", "type": "노외", "category": "공영", "gu": "강북구", "dong": "인수동", "data_date": "2026-04-14"}}, {"type": "Feature", "geometry": {"type": "Point", "coordinates": [127.0257737, 37.6399548]}, "properties": {"name": "시범", "spaces": 45, "address": "서울특별시 강북구 한천로139가길 10", "type": "노외", "category": "공영", "gu": "강북구", "dong": "수유3동", "data_date": "2026-04-14"}}, {"type": "Feature", "geometry": {"type": "Point", "coordinates": [127.0335871, 37.6116327]}, "properties": {"name": "송중동", "spaces": 54, "address": "서울특별시 강북구 월계로7길 36", "type": "노외", "category": "공영", "gu": "강북구", "dong": "송중동", "data_date": "2026-04-14"}}, {"type": "Feature", "geometry": {"type": "Point", "coordinates": [127.0285111, 37.620006]}, "properties": {"name": "으뜸공원(무인)", "spaces": 76, "address": "서울특별시 강북구 솔샘로 67", "type": "노상", "category": "공영", "gu": "강북구", "dong": "송천동", "data_date": "2026-04-14"}}, {"type": "Feature", "geometry": {"type": "Point", "coordinates": [127.0193948, 37.6334583]}, "properties": {"name": "빨래골", "spaces": 35, "address": "서울특별시 강북구 수유로 30", "type": "노상", "category": "공영", "gu": "강북구", "dong": "수유1동", "data_date": "2026-04-14"}}, {"type": "Feature", "geometry": {"type": "Point", "coordinates": [127.0251254, 37.6436141]}, "properties": {"name": "가오천", "spaces": 60, "address": "서울특별시 강북구 한천로150길 46", "type": "노상", "category": "공영", "gu": "강북구", "dong": "수유3동", "data_date": "2026-04-14"}}, {"type": "Feature", "geometry": {"type": "Point", "coordinates": [127.0297161, 37.6187374]}, "properties": {"name": "교육청길", "spaces": 80, "address": "서울특별시 강북구 도봉로20가길 3", "type": "노상", "category": "공영", "gu": "강북구", "dong": "송중동", "data_date": "2026-04-14"}}, {"type": "Feature", "geometry": {"type": "Point", "coordinates": [127.0113669, 37.6474065]}, "properties": {"name": "아카데미", "spaces": 37, "address": "서울특별시 강북구 4.19로 25", "type": "노상", "category": "공영", "gu": "강북구", "dong": "우이동", "data_date": "2026-04-14"}}, {"type": "Feature", "geometry": {"type": "Point", "coordinates": [127.0197223, 37.6409017]}, "properties": {"name": "벽산", "spaces": 36, "address": "서울특별시 강북구 삼각산로 140", "type": "노상", "category": "공영", "gu": "강북구", "dong": "수유3동", "data_date": "2026-04-14"}}, {"type": "Feature", "geometry": {"type": "Point", "coordinates": [127.0252208, 37.6236738]}, "properties": {"name": "큰마을길", "spaces": 41, "address": "서울특별시 강북구 삼양로54길 133", "type": "노상", "category": "공영", "gu": "강북구", "dong": "미아동", "data_date": "2026-04-14"}}, {"type": "Feature", "geometry": {"type": "Point", "coordinates": [127.0191574, 37.6351482]}, "properties": {"name": "나눔터길", "spaces": 48, "address": "서울특별시 강북구 수유로 47", "type": "노상", "category": "공영", "gu": "강북구", "dong": "인수동", "data_date": "2026-04-14"}}, {"type": "Feature", "geometry": {"type": "Point", "coordinates": [127.0933314, 37.50179376]}, "properties": {"name": "삼전근린공원", "spaces": 166, "address": "서울특별시 송파구 백제고분로 240", "type": "노외", "category": "공영", "gu": "송파구", "dong": "삼전동", "data_date": "2026-04-23"}}, {"type": "Feature", "geometry": {"type": "Point", "coordinates": [127.109524, 37.52515748]}, "properties": {"name": "풍납유수지", "spaces": 309, "address": "서울특별시 송파구 올림픽로41길 108", "type": "노외", "category": "공영", "gu": "송파구", "dong": "풍납2동", "data_date": "2026-04-23"}}, {"type": "Feature", "geometry": {"type": "Point", "coordinates": [127.1238939, 37.48594949]}, "properties": {"name": "문정근린공원", "spaces": 290, "address": "서울특별시 송파구 문정로 지하12", "type": "노외", "category": "공영", "gu": "송파구", "dong": "문정1동", "data_date": "2026-04-23"}}, {"type": "Feature", "geometry": {"type": "Point", "coordinates": [127.1503534, 37.49228385]}, "properties": {"name": "거여동공영", "spaces": 123, "address": "서울특별시 송파구 오금로68길 8", "type": "노외", "category": "공영", "gu": "송파구", "dong": "거여2동", "data_date": "2026-04-23"}}, {"type": "Feature", "geometry": {"type": "Point", "coordinates": [127.1159657, 37.53610381]}, "properties": {"name": "풍납2공영", "spaces": 80, "address": "서울특별시 송파구 풍성로5길 16", "type": "노외", "category": "공영", "gu": "송파구", "dong": "풍납1동", "data_date": "2026-04-23"}}, {"type": "Feature", "geometry": {"type": "Point", "coordinates": [127.1201544, 37.53523736]}, "properties": {"name": "풍납1공영", "spaces": 46, "address": "서울특별시 송파구 풍성로25나길 6", "type": "노외", "category": "공영", "gu": "송파구", "dong": "풍납1동", "data_date": "2026-04-23"}}, {"type": "Feature", "geometry": {"type": "Point", "coordinates": [127.1133413, 37.50702452]}, "properties": {"name": "송파동", "spaces": 82, "address": "서울특별시 송파구 백제고분로44길13-25", "type": "노외", "category": "공영", "gu": "송파구", "dong": "송파1동", "data_date": "2026-04-23"}}, {"type": "Feature", "geometry": {"type": "Point", "coordinates": [127.0958792, 37.50024821]}, "properties": {"name": "삼전동", "spaces": 196, "address": "서울특별시 송파구 백제고분로32길 25-17", "type": "노외", "category": "공영", "gu": "송파구", "dong": "삼전동", "data_date": "2026-04-23"}}, {"type": "Feature", "geometry": {"type": "Point", "coordinates": [127.1548402, 37.50024799]}, "properties": {"name": "천마", "spaces": 141, "address": "서울특별시 송파구 성내천로33가길 20", "type": "노외", "category": "공영", "gu": "송파구", "dong": "마천2동", "data_date": "2026-04-23"}}, {"type": "Feature", "geometry": {"type": "Point", "coordinates": [127.149782, 37.4960533]}, "properties": {"name": "마천동3", "spaces": 47, "address": "서울특별시 송파구 마천로 301-1", "type": "노외", "category": "공영", "gu": "송파구", "dong": "마천1동", "data_date": "2026-04-23"}}, {"type": "Feature", "geometry": {"type": "Point", "coordinates": [127.1562576, 37.49427949]}, "properties": {"name": "마천동2", "spaces": 114, "address": "서울특별시 송파구 성내천로299-7", "type": "노외", "category": "공영", "gu": "송파구", "dong": "마천1동", "data_date": "2026-04-23"}}, {"type": "Feature", "geometry": {"type": "Point", "coordinates": [127.1555585, 37.4952871]}, "properties": {"name": "마천동1", "spaces": 215, "address": "서울특별시 송파구 성내천로43길 6", "type": "노외", "category": "공영", "gu": "송파구", "dong": "마천1동", "data_date": "2026-04-23"}}, {"type": "Feature", "geometry": {"type": "Point", "coordinates": [127.0863248, 37.5091148]}, "properties": {"name": "새마을시장", "spaces": 9, "address": "서울특별시 송파구 석촌호수로 80", "type": "노상", "category": "공영", "gu": "송파구", "dong": "잠실본동", "data_date": "2026-04-23"}}, {"type": "Feature", "geometry": {"type": "Point", "coordinates": [127.1077074, 37.50595877]}, "properties": {"name": "석촌역", "spaces": 40, "address": "서울특별시 송파구 백제고분로 379", "type": "노상", "category": "공영", "gu": "송파구", "dong": "송파1동", "data_date": "2026-04-23"}}, {"type": "Feature", "geometry": {"type": "Point", "coordinates": [127.1173449, 37.49543459]}, "properties": {"name": "비석거리", "spaces": 29, "address": "서울특별시 송파구 가락동 95-6", "type": "노상", "category": "공영", "gu": "송파구", "dong": "가락본동", "data_date": "2026-04-23"}}, {"type": "Feature", "geometry": {"type": "Point", "coordinates": [127.1247612, 37.48811167]}, "properties": {"name": "문정골길", "spaces": 68, "address": "서울특별시 송파구 문정동 41-14", "type": "노상", "category": "공영", "gu": "송파구", "dong": "문정1동", "data_date": "2026-04-23"}}, {"type": "Feature", "geometry": {"type": "Point", "coordinates": [127.1237652, 37.49000803]}, "properties": {"name": "로데오길", "spaces": 38, "address": "서울특별시 송파구 문정동 3-2", "type": "노상", "category": "공영", "gu": "송파구", "dong": "문정1동", "data_date": "2026-04-23"}}, {"type": "Feature", "geometry": {"type": "Point", "coordinates": [127.1351487, 37.50880282]}, "properties": {"name": "위례성길(방이습지)", "spaces": 39, "address": "서울특별시 송파구 방이동 452-4", "type": "노상", "category": "공영", "gu": "송파구", "dong": "오금동", "data_date": "2026-04-23"}}, {"type": "Feature", "geometry": {"type": "Point", "coordinates": [127.1180314, 37.51541561]}, "properties": {"name": "위례성길", "spaces": 83, "address": "서울특별시 송파구 방이동 12", "type": "노상", "category": "공영", "gu": "송파구", "dong": "방이2동", "data_date": "2026-04-23"}}, {"type": "Feature", "geometry": {"type": "Point", "coordinates": [127.080061, 37.51080658]}, "properties": {"name": "봉상시길", "spaces": 48, "address": "서울특별시 송파구 올림픽로 8길", "type": "노상", "category": "공영", "gu": "송파구", "dong": "잠실본동", "data_date": "2026-04-23"}}, {"type": "Feature", "geometry": {"type": "Point", "coordinates": [127.1035105, 37.51636905]}, "properties": {"name": "교통공원길", "spaces": 64, "address": "서울특별시 송파구 올림픽로 35다길", "type": "노상", "category": "공영", "gu": "송파구", "dong": "잠실6동", "data_date": "2026-04-23"}}, {"type": "Feature", "geometry": {"type": "Point", "coordinates": [127.090118, 37.54707799]}, "properties": {"name": "구의2동 복합청사 공영주차장", "spaces": 81, "address": "서울특별시 광진구 천호대로136길 55", "type": "노외", "category": "공영", "gu": "광진구", "dong": "구의2동", "data_date": "2026-04-17"}}, {"type": "Feature", "geometry": {"type": "Point", "coordinates": [127.0928443, 37.5529341]}, "properties": {"name": "구의2동 주택가공동 주차장", "spaces": 90, "address": "서울특별시 광진구 자양로 307", "type": "노외", "category": "공영", "gu": "광진구", "dong": "구의2동", "data_date": "2026-04-17"}}, {"type": "Feature", "geometry": {"type": "Point", "coordinates": [127.0846836, 37.56991861]}, "properties": {"name": "중곡3동 마을공원 공영주차장", "spaces": 162, "address": "서울특별시 광진구 용마산로33길 25", "type": "노외", "category": "공영", "gu": "광진구", "dong": "중곡3동", "data_date": "2026-04-17"}}, {"type": "Feature", "geometry": {"type": "Point", "coordinates": [127.0913608, 37.53915358]}, "properties": {"name": "구의3동 공영주차장", "spaces": 159, "address": "서울특별시 광진구 광나루로52길 83", "type": "노외", "category": "공영", "gu": "광진구", "dong": "구의3동", "data_date": "2026-04-17"}}, {"type": "Feature", "geometry": {"type": "Point", "coordinates": [127.0878657, 37.53826965]}, "properties": {"name": "구의1동 공영주차장", "spaces": 172, "address": "서울특별시 광진구 자양로18길 78", "type": "노외", "category": "공영", "gu": "광진구", "dong": "구의1동", "data_date": "2026-04-17"}}, {"type": "Feature", "geometry": {"type": "Point", "coordinates": [127.0732156, 37.54769328]}, "properties": {"name": "광진광장 공영", "spaces": 33, "address": "서울특별시 광진구 광나루로 389", "type": "노외", "category": "공영", "gu": "광진구", "dong": "군자동", "data_date": "2026-04-17"}}, {"type": "Feature", "geometry": {"type": "Point", "coordinates": [127.0802429, 37.55404255]}, "properties": {"name": "능동 공영주차장", "spaces": 77, "address": "서울특별시 광진구 천호대로112길 56", "type": "노외", "category": "공영", "gu": "광진구", "dong": "능동", "data_date": "2026-04-17"}}, {"type": "Feature", "geometry": {"type": "Point", "coordinates": [127.0681734, 37.53864952]}, "properties": {"name": "자양4동 공영", "spaces": 83, "address": "서울특별시 광진구 자양동 5-5", "type": "노외", "category": "공영", "gu": "광진구", "dong": "자양4동", "data_date": "2026-04-17"}}, {"type": "Feature", "geometry": {"type": "Point", "coordinates": [127.0782846, 37.52953686]}, "properties": {"name": "자양유수지", "spaces": 281, "address": "서울특별시 광진구 뚝섬로52길 58", "type": "노외", "category": "공영", "gu": "광진구", "dong": "자양2동", "data_date": "2026-04-17"}}, {"type": "Feature", "geometry": {"type": "Point", "coordinates": [127.0711809, 37.54529787]}, "properties": {"name": "화양동 공영", "spaces": 44, "address": "서울특별시 광진구 군자로 22", "type": "노외", "category": "공영", "gu": "광진구", "dong": "화양동", "data_date": "2026-04-17"}}, {"type": "Feature", "geometry": {"type": "Point", "coordinates": [126.9236294, 37.6246457]}, "properties": {"name": "새장골 공영주차장", "spaces": 49, "address": "서울특별시 은평구 통일로92다길 16-21", "type": "노외", "category": "공영", "gu": "은평구", "dong": "불광2동", "data_date": "2026-04-22"}}, {"type": "Feature", "geometry": {"type": "Point", "coordinates": [126.9073582, 37.5922795]}, "properties": {"name": "서신초교지하 공영주차장", "spaces": 110, "address": "서울특별시 은평구 은평터널로150", "type": "노외", "category": "공영", "gu": "은평구", "dong": "신사2동", "data_date": "2026-04-22"}}, {"type": "Feature", "geometry": {"type": "Point", "coordinates": [126.9272413, 37.6263689]}, "properties": {"name": "불광2동 복합청사지하 공영주차장", "spaces": 33, "address": "서울특별시 은평구 연서로41길 18", "type": "노외", "category": "공영", "gu": "은평구", "dong": "불광2동", "data_date": "2026-04-22"}}, {"type": "Feature", "geometry": {"type": "Point", "coordinates": [126.9422053, 37.6409732]}, "properties": {"name": "은평한문화 공영주차장", "spaces": 163, "address": "서울특별시 은평구 진관길 34", "type": "노외", "category": "공영", "gu": "은평구", "dong": "진관동", "data_date": "2026-04-22"}}, {"type": "Feature", "geometry": {"type": "Point", "coordinates": [126.9345554, 37.6052902]}, "properties": {"name": "은평평화공원지하 공영주차장", "spaces": 143, "address": "서울특별시 은평구 서오릉로47", "type": "노외", "category": "공영", "gu": "은평구", "dong": "녹번동", "data_date": "2026-04-22"}}, {"type": "Feature", "geometry": {"type": "Point", "coordinates": [126.9153621, 37.5934569]}, "properties": {"name": "응암3동 공영주차장", "spaces": 160, "address": "서울특별시 은평구 불광천길436", "type": "노외", "category": "공영", "gu": "은평구", "dong": "응암3동", "data_date": "2026-04-22"}}, {"type": "Feature", "geometry": {"type": "Point", "coordinates": [126.9071842, 37.595595]}, "properties": {"name": "봉산도시자연공원지하 공영주차장", "spaces": 106, "address": "서울특별시 은평구 가좌로11가길38-11", "type": "노외", "category": "공영", "gu": "은평구", "dong": "신사2동", "data_date": "2026-04-22"}}, {"type": "Feature", "geometry": {"type": "Point", "coordinates": [126.9242649, 37.6235198]}, "properties": {"name": "연신중학교지하 공영주차장", "spaces": 137, "address": "서울특별시 은평구 연서로33길16-32", "type": "노외", "category": "공영", "gu": "은평구", "dong": "불광2동", "data_date": "2026-04-22"}}, {"type": "Feature", "geometry": {"type": "Point", "coordinates": [126.9072893, 37.6110469]}, "properties": {"name": "구산동마을공원지하 공영주차장", "spaces": 77, "address": "서울특별시 은평구 서오릉로17길", "type": "노외", "category": "공영", "gu": "은평구", "dong": "구산동", "data_date": "2026-04-22"}}, {"type": "Feature", "geometry": {"type": "Point", "coordinates": [126.9231067, 37.5938136]}, "properties": {"name": "매바위 공영주차장", "spaces": 80, "address": "서울특별시 은평구 가좌로5길16-1", "type": "노외", "category": "공영", "gu": "은평구", "dong": "응암2동", "data_date": "2026-04-22"}}, {"type": "Feature", "geometry": {"type": "Point", "coordinates": [126.923891, 37.6236277]}, "properties": {"name": "연광초교지하 공영주차장", "spaces": 152, "address": "서울특별시 은평구 연서로35길37", "type": "노외", "category": "공영", "gu": "은평구", "dong": "불광2동", "data_date": "2026-04-22"}}, {"type": "Feature", "geometry": {"type": "Point", "coordinates": [126.8987805, 37.5803973]}, "properties": {"name": "수색동 공영주차장", "spaces": 111, "address": "서울특별시 은평구 수색로224", "type": "노외", "category": "공영", "gu": "은평구", "dong": "수색동", "data_date": "2026-04-22"}}, {"type": "Feature", "geometry": {"type": "Point", "coordinates": [127.1282712, 37.54214669]}, "properties": {"name": "천호2동 복합청사 공영주차장", "spaces": 285, "address": "서울특별시 강동구 천호동 422-12", "type": "노외", "category": "공영", "gu": "강동구", "dong": "천호2동", "data_date": "2026-04-17"}}, {"type": "Feature", "geometry": {"type": "Point", "coordinates": [127.129786, 37.54004284]}, "properties": {"name": "천호3동 복합청사 공영주차장", "spaces": 33, "address": "서울특별시 강동구 천호동 555", "type": "노외", "category": "공영", "gu": "강동구", "dong": "천호3동", "data_date": "2026-04-17"}}, {"type": "Feature", "geometry": {"type": "Point", "coordinates": [127.1282452, 37.53337316]}, "properties": {"name": "성내전통시장 공영주차장", "spaces": 28, "address": "서울특별시 강동구 성내동 224-37", "type": "노외", "category": "공영", "gu": "강동구", "dong": "성내2동", "data_date": "2026-04-17"}}, {"type": "Feature", "geometry": {"type": "Point", "coordinates": [127.1337133, 37.52857832]}, "properties": {"name": "둔촌역전통시장 공영주차장", "spaces": 18, "address": "서울특별시 강동구 풍성로54길 19", "type": "노외", "category": "공영", "gu": "강동구", "dong": "성내3동", "data_date": "2026-04-17"}}, {"type": "Feature", "geometry": {"type": "Point", "coordinates": [127.1340815, 37.54052322]}, "properties": {"name": "천호3동 제2공영주차장", "spaces": 182, "address": "서울특별시 강동구 성안로31마길 1", "type": "노외", "category": "공영", "gu": "강동구", "dong": "천호3동", "data_date": "2026-04-17"}}, {"type": "Feature", "geometry": {"type": "Point", "coordinates": [127.1683147, 37.55974191]}, "properties": {"name": "민속의집 공영주차장", "spaces": 26, "address": "서울특별시 강동구 고덕로83길 55", "type": "노외", "category": "공영", "gu": "강동구", "dong": "고덕2동", "data_date": "2026-04-17"}}, {"type": "Feature", "geometry": {"type": "Point", "coordinates": [127.1322482, 37.542977]}, "properties": {"name": "고분다리전통시장 공영주차장", "spaces": 26, "address": "서울특별시 강동구 구천면로 258-6", "type": "노외", "category": "공영", "gu": "강동구", "dong": "천호1동", "data_date": "2026-04-17"}}, {"type": "Feature", "geometry": {"type": "Point", "coordinates": [127.1429044, 37.55104077]}, "properties": {"name": "명일동 공영주차장", "spaces": 241, "address": "서울특별시 강동구 구천면로 395", "type": "노외", "category": "공영", "gu": "강동구", "dong": "명일1동", "data_date": "2026-04-17"}}, {"type": "Feature", "geometry": {"type": "Point", "coordinates": [127.1722779, 37.56598207]}, "properties": {"name": "강일동 공영주차장", "spaces": 90, "address": "서울특별시 강동구 아리수로91길 54", "type": "노외", "category": "공영", "gu": "강동구", "dong": "강일동", "data_date": "2026-04-17"}}, {"type": "Feature", "geometry": {"type": "Point", "coordinates": [127.1230055, 37.54033314]}, "properties": {"name": "천호2동 공영주차장", "spaces": 13, "address": "서울특별시 강동구 천호동 457-7", "type": "노외", "category": "공영", "gu": "강동구", "dong": "천호2동", "data_date": "2026-04-17"}}, {"type": "Feature", "geometry": {"type": "Point", "coordinates": [127.1379968, 37.55270787]}, "properties": {"name": "암사1동 공영주차장", "spaces": 114, "address": "서울특별시 강동구 고덕로28길 36", "type": "노외", "category": "공영", "gu": "강동구", "dong": "암사1동", "data_date": "2026-04-17"}}, {"type": "Feature", "geometry": {"type": "Point", "coordinates": [127.1299156, 37.53125722]}, "properties": {"name": "안말 공영주차장", "spaces": 169, "address": "서울특별시 강동구 풍성로45길 11", "type": "노외", "category": "공영", "gu": "강동구", "dong": "성내2동", "data_date": "2026-04-17"}}, {"type": "Feature", "geometry": {"type": "Point", "coordinates": [127.1332691, 37.53912769]}, "properties": {"name": "천호3동 공영주차장", "spaces": 187, "address": "서울특별시 강동구 진황도로29길 34", "type": "노외", "category": "공영", "gu": "강동구", "dong": "천호3동", "data_date": "2026-04-17"}}, {"type": "Feature", "geometry": {"type": "Point", "coordinates": [127.1362629, 37.54498878]}, "properties": {"name": "천호1동 공영주차장", "spaces": 188, "address": "서울특별시 강동구 구천면로42길 60", "type": "노외", "category": "공영", "gu": "강동구", "dong": "천호1동", "data_date": "2026-04-17"}}, {"type": "Feature", "geometry": {"type": "Point", "coordinates": [127.1218776, 37.54478899]}, "properties": {"name": "천호유수지 공영주차장", "spaces": 168, "address": "서울특별시 강동구 선사로 70", "type": "노외", "category": "공영", "gu": "강동구", "dong": "천호2동", "data_date": "2026-04-17"}}, {"type": "Feature", "geometry": {"type": "Point", "coordinates": [127.1284388, 37.55113335]}, "properties": {"name": "암사1동 노상공영주차장", "spaces": 19, "address": "서울특별시 강동구 올림픽로98길 8", "type": "노상", "category": "공영", "gu": "강동구", "dong": "암사1동", "data_date": "2026-04-17"}}, {"type": "Feature", "geometry": {"type": "Point", "coordinates": [127.1731116, 37.56549806]}, "properties": {"name": "강일동 노상공영주차장", "spaces": 46, "address": "서울특별시 강동구 강일동 688", "type": "노상", "category": "공영", "gu": "강동구", "dong": "강일동", "data_date": "2026-04-17"}}, {"type": "Feature", "geometry": {"type": "Point", "coordinates": [127.1226377, 37.53948963]}, "properties": {"name": "천호2동 제2노상공영주차장", "spaces": 7, "address": "서울특별시 강동구 천호동 458-26", "type": "노상", "category": "공영", "gu": "강동구", "dong": "천호2동", "data_date": "2026-04-17"}}, {"type": "Feature", "geometry": {"type": "Point", "coordinates": [127.1530457, 37.55291676]}, "properties": {"name": "주양쇼핑옆 노상공영주차장", "spaces": 45, "address": "서울특별시 강동구 명일동 47-21", "type": "노상", "category": "공영", "gu": "강동구", "dong": "명일2동", "data_date": "2026-04-17"}}, {"type": "Feature", "geometry": {"type": "Point", "coordinates": [127.1529874, 37.5520141]}, "properties": {"name": "주양쇼핑앞 노상공영주차장", "spaces": 37, "address": "서울특별시 강동구 동남로71길 56", "type": "노상", "category": "공영", "gu": "강동구", "dong": "명일2동", "data_date": "2026-04-17"}}, {"type": "Feature", "geometry": {"type": "Point", "coordinates": [126.96281, 37.508318]}, "properties": {"name": "흑석빗물펌프장", "spaces": 49, "address": "서울특별시 동작구 서달로15길 6", "type": "노외", "category": "공영", "gu": "동작구", "dong": "흑석동", "data_date": "2026-04-21"}}, {"type": "Feature", "geometry": {"type": "Point", "coordinates": [126.92658, 37.500189]}, "properties": {"name": "대방생태", "spaces": 38, "address": "서울특별시 동작구 대방동1길 9", "type": "노외", "category": "공영", "gu": "동작구", "dong": "대방동", "data_date": "2026-04-21"}}, {"type": "Feature", "geometry": {"type": "Point", "coordinates": [126.92748, 37.498725]}, "properties": {"name": "구릉", "spaces": 20, "address": "서울특별시 동작구 신대방동 351-14", "type": "노외", "category": "공영", "gu": "동작구", "dong": "신대방2동", "data_date": "2026-04-21"}}, {"type": "Feature", "geometry": {"type": "Point", "coordinates": [126.90784, 37.488794]}, "properties": {"name": "서광", "spaces": 63, "address": "서울특별시 동작구 신대방11길 32", "type": "노외", "category": "공영", "gu": "동작구", "dong": "신대방1동", "data_date": "2026-04-21"}}, {"type": "Feature", "geometry": {"type": "Point", "coordinates": [126.93525, 37.499808]}, "properties": {"name": "도화", "spaces": 61, "address": "서울특별시 동작구 성대로17길 지하 52", "type": "노외", "category": "공영", "gu": "동작구", "dong": "상도4동", "data_date": "2026-04-21"}}, {"type": "Feature", "geometry": {"type": "Point", "coordinates": [126.97869, 37.503643]}, "properties": {"name": "동작주차공원", "spaces": 143, "address": "서울특별시 동작구 현충로 213", "type": "노외", "category": "공영", "gu": "동작구", "dong": "사당2동", "data_date": "2026-04-21"}}, {"type": "Feature", "geometry": {"type": "Point", "coordinates": [126.93994, 37.512529]}, "properties": {"name": "노량진청사 공영주차장", "spaces": 86, "address": "서울특별시 동작구 장승배기로 161", "type": "노외", "category": "공영", "gu": "동작구", "dong": "노량진2동", "data_date": "2026-04-21"}}, {"type": "Feature", "geometry": {"type": "Point", "coordinates": [126.93355, 37.493424]}, "properties": {"name": "빙수골장미", "spaces": 64, "address": "서울특별시 동작구 국사봉16길 28", "type": "노외", "category": "공영", "gu": "동작구", "dong": "상도3동", "data_date": "2026-04-21"}}, {"type": "Feature", "geometry": {"type": "Point", "coordinates": [126.98013, 37.487701]}, "properties": {"name": "남성사계시장", "spaces": 18, "address": "서울특별시 동작구 동작대로27길 28-5", "type": "노외", "category": "공영", "gu": "동작구", "dong": "사당2동", "data_date": "2026-04-21"}}, {"type": "Feature", "geometry": {"type": "Point", "coordinates": [126.9524302, 37.51453063]}, "properties": {"name": "노들나루공원", "spaces": 20, "address": "서울특별시 동작구 노량진로 247", "type": "노외", "category": "공영", "gu": "동작구", "dong": "노량진1동", "data_date": "2026-04-21"}}, {"type": "Feature", "geometry": {"type": "Point", "coordinates": [126.98129, 37.47744293]}, "properties": {"name": "사당1호 공영주차장", "spaces": 40, "address": "서울특별시 동작구 사당동 1042-22", "type": "노외", "category": "공영", "gu": "동작구", "dong": "사당1동", "data_date": "2026-04-21"}}, {"type": "Feature", "geometry": {"type": "Point", "coordinates": [126.9790029972, 37.47694537]}, "properties": {"name": "사당2호 공영주차장", "spaces": 25, "address": "서울특별시 동작구 남부순환로 2071", "type": "노외", "category": "공영", "gu": "동작구", "dong": "사당1동", "data_date": "2026-04-21"}}, {"type": "Feature", "geometry": {"type": "Point", "coordinates": [126.97424, 37.48279435]}, "properties": {"name": "남성역 공영주차장", "spaces": 80, "address": "서울특별시 동작구 사당동 318-104", "type": "노외", "category": "공영", "gu": "동작구", "dong": "사당4동", "data_date": "2026-04-21"}}, {"type": "Feature", "geometry": {"type": "Point", "coordinates": [126.94125, 37.51381548]}, "properties": {"name": "노량진 공영주차장", "spaces": 13, "address": "서울특별시 동작구 노량진동 60-12", "type": "노외", "category": "공영", "gu": "동작구", "dong": "노량진1동", "data_date": "2026-04-21"}}, {"type": "Feature", "geometry": {"type": "Point", "coordinates": [126.92282, 37.491638]}, "properties": {"name": "보라매병원앞", "spaces": 29, "address": "서울특별시 동작구 보라매로5길 44", "type": "노상", "category": "공영", "gu": "동작구", "dong": "신대방2동", "data_date": "2026-04-21"}}, {"type": "Feature", "geometry": {"type": "Point", "coordinates": [126.9362503, 37.51352239]}, "properties": {"name": "반려견공원앞", "spaces": 8, "address": "서울특별시 동작구 노량진동 24-8", "type": "노상", "category": "공영", "gu": "동작구", "dong": "노량진2동", "data_date": "2026-04-21"}}, {"type": "Feature", "geometry": {"type": "Point", "coordinates": [126.8878482, 37.516205]}, "properties": {"name": "문래동 공영주차장", "spaces": 50, "address": "서울특별시 영등포구 문래동5가 3", "type": "노외", "category": "공영", "gu": "영등포구", "dong": "문래동", "data_date": "2026-04-20"}}, {"type": "Feature", "geometry": {"type": "Point", "coordinates": [126.8940377, 37.53650136]}, "properties": {"name": "양평2동청사 공영주차장", "spaces": 93, "address": "서울특별시 영등포구 선유로47길 30", "type": "노외", "category": "공영", "gu": "영등포구", "dong": "양평2동", "data_date": "2026-04-20"}}, {"type": "Feature", "geometry": {"type": "Point", "coordinates": [126.914068, 37.51332414]}, "properties": {"name": "영등포본동제2공영주차장", "spaces": 61, "address": "서울특별시 영등포구 신길로60길 34", "type": "노외", "category": "공영", "gu": "영등포구", "dong": "영등포본동", "data_date": "2026-04-20"}}, {"type": "Feature", "geometry": {"type": "Point", "coordinates": [126.912013, 37.505356]}, "properties": {"name": "신길4동공영주차장", "spaces": 23, "address": "서울특별시 영등포구 가마산로 502", "type": "노외", "category": "공영", "gu": "영등포구", "dong": "신길4동", "data_date": "2026-04-20"}}, {"type": "Feature", "geometry": {"type": "Point", "coordinates": [126.901609, 37.49314271]}, "properties": {"name": "대림1동공영주차장", "spaces": 155, "address": "서울특별시 영등포구 대림로22길 2", "type": "노외", "category": "공영", "gu": "영등포구", "dong": "대림1동", "data_date": "2026-04-20"}}, {"type": "Feature", "geometry": {"type": "Point", "coordinates": [126.899931, 37.49160959]}, "properties": {"name": "대림2동공영주차장", "spaces": 151, "address": "서울특별시 영등포구 디지털로37나길 21", "type": "노외", "category": "공영", "gu": "영등포구", "dong": "대림2동", "data_date": "2026-04-20"}}, {"type": "Feature", "geometry": {"type": "Point", "coordinates": [126.9005833, 37.49758669]}, "properties": {"name": "대림3동공영주차장", "spaces": 98, "address": "서울특별시 영등포구 도림로47가길 9", "type": "노외", "category": "공영", "gu": "영등포구", "dong": "대림3동", "data_date": "2026-04-20"}}, {"type": "Feature", "geometry": {"type": "Point", "coordinates": [126.9143369, 37.5176677]}, "properties": {"name": "신길환승(5호선)공영주차장", "spaces": 108, "address": "서울특별시 영등포구 경인로112길 20", "type": "노외", "category": "공영", "gu": "영등포구", "dong": "영등포동", "data_date": "2026-04-20"}}, {"type": "Feature", "geometry": {"type": "Point", "coordinates": [126.8955205, 37.524747]}, "properties": {"name": "영등포구청환승공영주차장", "spaces": 66, "address": "서울특별시 영등포구 양산로 111", "type": "노외", "category": "공영", "gu": "영등포구", "dong": "당산1동", "data_date": "2026-04-20"}}, {"type": "Feature", "geometry": {"type": "Point", "coordinates": [126.9072907, 37.50750302]}, "properties": {"name": "도림초교공영주차장", "spaces": 140, "address": "서울특별시 영등포구 가마산로65길 22", "type": "노외", "category": "공영", "gu": "영등포구", "dong": "신길3동", "data_date": "2026-04-20"}}, {"type": "Feature", "geometry": {"type": "Point", "coordinates": [126.9030162, 37.49133176]}, "properties": {"name": "대림어린이공원공영주차장", "spaces": 198, "address": "서울특별시 영등포구 대림로 106", "type": "노외", "category": "공영", "gu": "영등포구", "dong": "대림1동", "data_date": "2026-04-20"}}, {"type": "Feature", "geometry": {"type": "Point", "coordinates": [126.911655, 37.50715227]}, "properties": {"name": "신길4동1동1마을공원공영주차장", "spaces": 130, "address": "서울특별시 영등포구 신길로40길 5", "type": "노외", "category": "공영", "gu": "영등포구", "dong": "신길4동", "data_date": "2026-04-20"}}, {"type": "Feature", "geometry": {"type": "Point", "coordinates": [126.9153554, 37.515377]}, "properties": {"name": "영등포여고공영주차장", "spaces": 99, "address": "서울특별시 영등포구 영등포로62길 13", "type": "노외", "category": "공영", "gu": "영등포구", "dong": "영등포본동", "data_date": "2026-04-20"}}, {"type": "Feature", "geometry": {"type": "Point", "coordinates": [126.895135, 37.5252165]}, "properties": {"name": "당산근린공원공영주차장", "spaces": 190, "address": "서울특별시 영등포구 당산로27길 12", "type": "노외", "category": "공영", "gu": "영등포구", "dong": "당산1동", "data_date": "2026-04-20"}}, {"type": "Feature", "geometry": {"type": "Point", "coordinates": [126.8939948, 37.49967021]}, "properties": {"name": "대림운동장공영주차장", "spaces": 192, "address": "서울특별시 영등포구 가마산로31길 16", "type": "노외", "category": "공영", "gu": "영등포구", "dong": "대림3동", "data_date": "2026-04-20"}}, {"type": "Feature", "geometry": {"type": "Point", "coordinates": [126.903716, 37.51723371]}, "properties": {"name": "영등포동제3공영주차장", "spaces": 171, "address": "서울특별시 영등포구 영중로 15", "type": "노외", "category": "공영", "gu": "영등포구", "dong": "영등포동", "data_date": "2026-04-20"}}, {"type": "Feature", "geometry": {"type": "Point", "coordinates": [126.918608, 37.510415]}, "properties": {"name": "신길1동공영주차장", "spaces": 13, "address": "서울특별시 영등포구 도신로62길 22", "type": "노외", "category": "공영", "gu": "영등포구", "dong": "신길1동", "data_date": "2026-04-20"}}, {"type": "Feature", "geometry": {"type": "Point", "coordinates": [126.922235, 37.508444]}, "properties": {"name": "신길7동공영주차장", "spaces": 17, "address": "서울특별시 영등포구 여의대방로45길 18", "type": "노외", "category": "공영", "gu": "영등포구", "dong": "신길7동", "data_date": "2026-04-20"}}, {"type": "Feature", "geometry": {"type": "Point", "coordinates": [126.8936472, 37.51512033]}, "properties": {"name": "문래근린공원공영주차장", "spaces": 41, "address": "서울특별시 영등포구 당산로1", "type": "노외", "category": "공영", "gu": "영등포구", "dong": "문래동", "data_date": "2026-04-20"}}, {"type": "Feature", "geometry": {"type": "Point", "coordinates": [126.904818, 37.502098]}, "properties": {"name": "신길5동공영주차장", "spaces": 26, "address": "서울특별시 영등포구 신길5동 400-1", "type": "노외", "category": "공영", "gu": "영등포구", "dong": "신길5동", "data_date": "2026-04-20"}}, {"type": "Feature", "geometry": {"type": "Point", "coordinates": [126.894421, 37.5286217]}, "properties": {"name": "별관청사공영주차장", "spaces": 61, "address": "서울특별시 영등포구 선유동1로 80", "type": "노외", "category": "공영", "gu": "영등포구", "dong": "당산1동", "data_date": "2026-04-20"}}, {"type": "Feature", "geometry": {"type": "Point", "coordinates": [126.9241035, 37.51316522]}, "properties": {"name": "경부제3녹지 공영주차장", "spaces": 143, "address": "서울특별시 영등포구 영등포로 405", "type": "노외", "category": "공영", "gu": "영등포구", "dong": "신길1동", "data_date": "2026-04-20"}}, {"type": "Feature", "geometry": {"type": "Point", "coordinates": [126.8909801, 37.52875339]}, "properties": {"name": "양평유수지 공영주차장", "spaces": 392, "address": "서울특별시 영등포구 국회대로22길 20", "type": "노외", "category": "공영", "gu": "영등포구", "dong": "양평1동", "data_date": "2026-04-20"}}, {"type": "Feature", "geometry": {"type": "Point", "coordinates": [126.9090015, 37.52225714]}, "properties": {"name": "영등포전통시장 공영주차장", "spaces": 62, "address": "서울특별시 영등포구 양산로 232", "type": "노외", "category": "공영", "gu": "영등포구", "dong": "영등포동", "data_date": "2026-04-20"}}, {"type": "Feature", "geometry": {"type": "Point", "coordinates": [126.909151, 37.514358]}, "properties": {"name": "영등포본동제1 공영주차장", "spaces": 194, "address": "서울특별시 영등포구 영신로10길 15", "type": "노외", "category": "공영", "gu": "영등포구", "dong": "영등포본동", "data_date": "2026-04-20"}}, {"type": "Feature", "geometry": {"type": "Point", "coordinates": [126.910054, 37.52074776]}, "properties": {"name": "영등포동제1 공영주차장", "spaces": 27, "address": "서울특별시 영등포구 영등포로53길 28", "type": "노외", "category": "공영", "gu": "영등포구", "dong": "영등포동", "data_date": "2026-04-20"}}, {"type": "Feature", "geometry": {"type": "Point", "coordinates": [126.908767, 37.523664]}, "properties": {"name": "영등포동제2 공영주차장", "spaces": 24, "address": "서울특별시 영등포구 버드나루로7길 12-15", "type": "노외", "category": "공영", "gu": "영등포구", "dong": "영등포동", "data_date": "2026-04-20"}}, {"type": "Feature", "geometry": {"type": "Point", "coordinates": [126.9000061, 37.523768]}, "properties": {"name": "당산1동 공영주차장", "spaces": 91, "address": "서울특별시 영등포구 양산로 147", "type": "노외", "category": "공영", "gu": "영등포구", "dong": "당산1동", "data_date": "2026-04-20"}}, {"type": "Feature", "geometry": {"type": "Point", "coordinates": [126.9078732, 37.52797445]}, "properties": {"name": "당산2동 공영주차장", "spaces": 29, "address": "서울특별시 영등포구 버드나루로 111", "type": "노외", "category": "공영", "gu": "영등포구", "dong": "당산2동", "data_date": "2026-04-20"}}, {"type": "Feature", "geometry": {"type": "Point", "coordinates": [126.8967334, 37.50820335]}, "properties": {"name": "도림동 공영주차장", "spaces": 27, "address": "서울특별시 영등포구 도신로15길 36", "type": "노외", "category": "공영", "gu": "영등포구", "dong": "도림동", "data_date": "2026-04-20"}}, {"type": "Feature", "geometry": {"type": "Point", "coordinates": [127.0542201, 37.68082342]}, "properties": {"name": "은빛1-2단지 옆 주차장", "spaces": 22, "address": "서울특별시 노원구 동일로245길 162", "type": "노상", "category": "공영", "gu": "노원구", "dong": "상계1동", "data_date": "2026-04-14"}}, {"type": "Feature", "geometry": {"type": "Point", "coordinates": [127.0774206, 37.6201058]}, "properties": {"name": "공릉동 노외(구기계식)주차장", "spaces": 15, "address": "서울특별시 노원구 동일로174길", "type": "노외", "category": "공영", "gu": "노원구", "dong": "공릉1동", "data_date": "2026-04-14"}}, {"type": "Feature", "geometry": {"type": "Point", "coordinates": [127.071002, 37.6600051]}, "properties": {"name": "상계역 서측 주택가 공영주차장", "spaces": 18, "address": "서울특별시 노원구 상계로23다길 49", "type": "노외", "category": "공영", "gu": "노원구", "dong": "상계5동", "data_date": "2026-04-14"}}, {"type": "Feature", "geometry": {"type": "Point", "coordinates": [127.075519, 37.6439379]}, "properties": {"name": "한글비공영주차장", "spaces": 116, "address": "서울특별시 노원구 노원로16길", "type": "노외", "category": "공영", "gu": "노원구", "dong": "하계1동", "data_date": "2026-04-14"}}, {"type": "Feature", "geometry": {"type": "Point", "coordinates": [127.0744426, 37.6396737]}, "properties": {"name": "한신동성아파트 옆주차장", "spaces": 15, "address": "서울특별시 노원구 노원로14길", "type": "노상", "category": "공영", "gu": "노원구", "dong": "하계1동", "data_date": "2026-04-14"}}, {"type": "Feature", "geometry": {"type": "Point", "coordinates": [127.0739725, 37.649959]}, "properties": {"name": "청구건영아파트 옆주차장", "spaces": 37, "address": "서울특별시 노원구 중계로19길", "type": "노상", "category": "공영", "gu": "노원구", "dong": "중계1동", "data_date": "2026-04-14"}}, {"type": "Feature", "geometry": {"type": "Point", "coordinates": [127.0764455, 37.6516166]}, "properties": {"name": "주공5단지 옆주차장", "spaces": 30, "address": "서울특별시 노원구 중계로20길", "type": "노상", "category": "공영", "gu": "노원구", "dong": "중계1동", "data_date": "2026-04-14"}}, {"type": "Feature", "geometry": {"type": "Point", "coordinates": [127.0778023, 37.6513157]}, "properties": {"name": "라이프청구신동아주변", "spaces": 25, "address": "서울특별시 노원구 중계로18길", "type": "노상", "category": "공영", "gu": "노원구", "dong": "중계본동", "data_date": "2026-04-14"}}, {"type": "Feature", "geometry": {"type": "Point", "coordinates": [127.0775454, 37.650302]}, "properties": {"name": "유경백화점 뒤주차장", "spaces": 29, "address": "서울특별시 노원구 중계로17길", "type": "노상", "category": "공영", "gu": "노원구", "dong": "중계본동", "data_date": "2026-04-14"}}, {"type": "Feature", "geometry": {"type": "Point", "coordinates": [127.0769385, 37.620174]}, "properties": {"name": "(구)북부지법주변주차장", "spaces": 11, "address": "서울특별시 노원구 동일로174길 27", "type": "노상", "category": "공영", "gu": "노원구", "dong": "공릉1동", "data_date": "2026-04-14"}}, {"type": "Feature", "geometry": {"type": "Point", "coordinates": [127.0579964, 37.6531164]}, "properties": {"name": "주공3단지상가주변주차장", "spaces": 41, "address": "서울특별시 노원구 동일로217길", "type": "노상", "category": "공영", "gu": "노원구", "dong": "상계6·7동", "data_date": "2026-04-14"}}, {"type": "Feature", "geometry": {"type": "Point", "coordinates": [127.0645944, 37.6541107]}, "properties": {"name": "주공6단지상가주변주차장", "spaces": 38, "address": "서울특별시 노원구 동일로218길", "type": "노상", "category": "공영", "gu": "노원구", "dong": "상계6·7동", "data_date": "2026-04-14"}}, {"type": "Feature", "geometry": {"type": "Point", "coordinates": [127.0599957, 37.658447]}, "properties": {"name": "주공7단지 옆주차장", "spaces": 16, "address": "서울특별시 노원구 동일로220길", "type": "노상", "category": "공영", "gu": "노원구", "dong": "상계10동", "data_date": "2026-04-14"}}, {"type": "Feature", "geometry": {"type": "Point", "coordinates": [127.0562972, 37.65458133]}, "properties": {"name": "구청사주변주차장", "spaces": 17, "address": "서울특별시 노원구 노해로437", "type": "노상", "category": "공영", "gu": "노원구", "dong": "상계6·7동", "data_date": "2026-04-14"}}, {"type": "Feature", "geometry": {"type": "Point", "coordinates": [127.0559917, 37.6427545]}, "properties": {"name": "주공1-3단지주변주차장", "spaces": 35, "address": "서울특별시 노원구 동일로 1333~1379옆", "type": "노상", "category": "공영", "gu": "노원구", "dong": "상계6·7동", "data_date": "2026-04-14"}}, {"type": "Feature", "geometry": {"type": "Point", "coordinates": [127.0629849, 37.6527467]}, "properties": {"name": "주공4-6단지주변주차장", "spaces": 15, "address": "서울특별시 노원구 동일로 1350~1384옆", "type": "노상", "category": "공영", "gu": "노원구", "dong": "상계6·7동", "data_date": "2026-04-14"}}, {"type": "Feature", "geometry": {"type": "Point", "coordinates": [127.0556395, 37.6657378]}, "properties": {"name": "주공11단지상가 뒤주차장", "spaces": 13, "address": "서울특별시 노원구 동일로227길25옆", "type": "노상", "category": "공영", "gu": "노원구", "dong": "상계8동", "data_date": "2026-04-14"}}, {"type": "Feature", "geometry": {"type": "Point", "coordinates": [127.0579317, 37.6659979]}, "properties": {"name": "주공12단지상가 뒤주차장", "spaces": 11, "address": "서울특별시 노원구 한글비석로530옆", "type": "노상", "category": "공영", "gu": "노원구", "dong": "상계9동", "data_date": "2026-04-14"}}, {"type": "Feature", "geometry": {"type": "Point", "coordinates": [127.0565291, 37.6757895]}, "properties": {"name": "수락산디자인서울거리주차장", "spaces": 62, "address": "서울특별시 노원구 동일로242길", "type": "노상", "category": "공영", "gu": "노원구", "dong": "상계1동", "data_date": "2026-04-14"}}, {"type": "Feature", "geometry": {"type": "Point", "coordinates": [127.0651903, 37.6395423]}, "properties": {"name": "중계근린공원주차장", "spaces": 108, "address": "서울특별시 노원구 동일로203가길", "type": "노외", "category": "공영", "gu": "노원구", "dong": "중계2·3동", "data_date": "2026-04-14"}}, {"type": "Feature", "geometry": {"type": "Point", "coordinates": [127.0676909, 37.6403161]}, "properties": {"name": "등나무근린공원주차장", "spaces": 120, "address": "서울특별시 노원구 동일로204가길", "type": "노외", "category": "공영", "gu": "노원구", "dong": "중계2·3동", "data_date": "2026-04-14"}}, {"type": "Feature", "geometry": {"type": "Point", "coordinates": [127.0676381, 37.65683176]}, "properties": {"name": "상계2동공영주차장", "spaces": 94, "address": "서울특별시 노원구 상계로10길 14", "type": "노외", "category": "공영", "gu": "노원구", "dong": "상계2동", "data_date": "2026-04-14"}}, {"type": "Feature", "geometry": {"type": "Point", "coordinates": [127.0583049, 37.64487286]}, "properties": {"name": "마들스타디움(근린공원)주차장", "spaces": 225, "address": "서울특별시 노원구 덕릉로450", "type": "노외", "category": "공영", "gu": "노원구", "dong": "상계6·7동", "data_date": "2026-04-14"}}, {"type": "Feature", "geometry": {"type": "Point", "coordinates": [127.0651876, 37.6155862]}, "properties": {"name": "석계역앞주차장", "spaces": 29, "address": "서울특별시 노원구 화랑로341.화랑로45길", "type": "노외", "category": "공영", "gu": "노원구", "dong": "월계1동", "data_date": "2026-04-14"}}, {"type": "Feature", "geometry": {"type": "Point", "coordinates": [127.0769310675, 37.6021119742]}, "properties": {"name": "중화2동", "spaces": 100, "address": "서울특별시 중랑구 중화동 311-87", "type": "노외", "category": "공영", "gu": "중랑구", "dong": "중화2동", "data_date": "2026-04-21"}}, {"type": "Feature", "geometry": {"type": "Point", "coordinates": [127.0816473, 37.60272995]}, "properties": {"name": "중화1동", "spaces": 230, "address": "서울특별시 중랑구 동일로136나길 14", "type": "노외", "category": "공영", "gu": "중랑구", "dong": "중화1동", "data_date": "2026-04-21"}}, {"type": "Feature", "geometry": {"type": "Point", "coordinates": [127.1106972, 37.60686128]}, "properties": {"name": "중랑캠핑숲 1,2,3", "spaces": 127, "address": "서울특별시 중랑구 망우동 56, 71-3, 산30-63", "type": "노외", "category": "공영", "gu": "중랑구", "dong": "망우본동", "data_date": "2026-04-21"}}, {"type": "Feature", "geometry": {"type": "Point", "coordinates": [127.091955, 37.61642416]}, "properties": {"name": "봉화산역(남)", "spaces": 86, "address": "서울특별시 중랑구 신내동 647", "type": "노외", "category": "공영", "gu": "중랑구", "dong": "신내2동", "data_date": "2026-04-21"}}, {"type": "Feature", "geometry": {"type": "Point", "coordinates": [127.1148164, 37.59835362]}, "properties": {"name": "망우역사 1,2,3", "spaces": 121, "address": "서울특별시 중랑구 망우로91길 2", "type": "노외", "category": "공영", "gu": "중랑구(근사)", "dong": "망우본동(근사)", "data_date": "2026-04-21"}}, {"type": "Feature", "geometry": {"type": "Point", "coordinates": [127.078206, 37.59144962]}, "properties": {"name": "동부시장", "spaces": 129, "address": "서울특별시 중랑구 동일로 109길 35", "type": "노외", "category": "공영", "gu": "중랑구", "dong": "면목2동", "data_date": "2026-04-21"}}, {"type": "Feature", "geometry": {"type": "Point", "coordinates": [127.0931176, 37.61700015]}, "properties": {"name": "봉화산역", "spaces": 100, "address": "서울특별시 중랑구 신내로 208", "type": "노외", "category": "공영", "gu": "중랑구", "dong": "신내1동", "data_date": "2026-04-21"}}, {"type": "Feature", "geometry": {"type": "Point", "coordinates": [127.075729, 37.5948241]}, "properties": {"name": "중랑역 제1, 2", "spaces": 217, "address": "서울특별시 중랑구 중랑역로 9", "type": "노외", "category": "공영", "gu": "중랑구", "dong": "중화2동", "data_date": "2026-04-21"}}, {"type": "Feature", "geometry": {"type": "Point", "coordinates": [127.0799363, 37.58094415]}, "properties": {"name": "면목유수지", "spaces": 567, "address": "서울특별시 중랑구 동일로 566", "type": "노외", "category": "공영", "gu": "중랑구", "dong": "면목5동", "data_date": "2026-04-21"}}, {"type": "Feature", "geometry": {"type": "Point", "coordinates": [127.0734828, 37.59827687]}, "properties": {"name": "중화2동1.2.3.4", "spaces": 372, "address": "서울특별시 중랑구 중랑천로30길", "type": "노외", "category": "공영", "gu": "중랑구", "dong": "중화2동", "data_date": "2026-04-21"}}, {"type": "Feature", "geometry": {"type": "Point", "coordinates": [127.0949182, 37.59189966]}, "properties": {"name": "망우3동", "spaces": 55, "address": "서울특별시 중랑구 겸재로61길 40", "type": "노외", "category": "공영", "gu": "중랑구", "dong": "망우3동", "data_date": "2026-04-21"}}, {"type": "Feature", "geometry": {"type": "Point", "coordinates": [127.0800613, 37.58298757]}, "properties": {"name": "면목5동", "spaces": 67, "address": "서울특별시 중랑구 면목동 162-22", "type": "노외", "category": "공영", "gu": "중랑구", "dong": "면목5동", "data_date": "2026-04-21"}}, {"type": "Feature", "geometry": {"type": "Point", "coordinates": [127.0755035, 37.58966282]}, "properties": {"name": "중랑초교", "spaces": 77, "address": "서울특별시 중랑구 봉우재로6길26", "type": "노외", "category": "공영", "gu": "중랑구", "dong": "면목2동", "data_date": "2026-04-21"}}, {"type": "Feature", "geometry": {"type": "Point", "coordinates": [127.086969, 37.58350827]}, "properties": {"name": "까치공원", "spaces": 90, "address": "서울특별시 중랑구 사가정로49길56", "type": "노외", "category": "공영", "gu": "중랑구", "dong": "면목3·8동", "data_date": "2026-04-21"}}, {"type": "Feature", "geometry": {"type": "Point", "coordinates": [127.0997947, 37.5920416]}, "properties": {"name": "면일초교", "spaces": 80, "address": "서울특별시 중랑구 용마산로100길13", "type": "노외", "category": "공영", "gu": "중랑구", "dong": "망우3동", "data_date": "2026-04-21"}}, {"type": "Feature", "geometry": {"type": "Point", "coordinates": [127.083439, 37.57489173]}, "properties": {"name": "중곡초교", "spaces": 140, "address": "서울특별시 중랑구 면목로23길20", "type": "노외", "category": "공영", "gu": "중랑구", "dong": "면목4동", "data_date": "2026-04-21"}}, {"type": "Feature", "geometry": {"type": "Point", "coordinates": [127.0808933, 37.58793511]}, "properties": {"name": "면목2동", "spaces": 199, "address": "서울특별시 중랑구 겸재로23길27", "type": "노외", "category": "공영", "gu": "중랑구", "dong": "면목2동", "data_date": "2026-04-21"}}, {"type": "Feature", "geometry": {"type": "Point", "coordinates": [127.0916532, 37.60643693]}, "properties": {"name": "봉수대", "spaces": 31, "address": "서울특별시 중랑구 봉화산로45길 67", "type": "노외", "category": "공영", "gu": "중랑구", "dong": "상봉1동", "data_date": "2026-04-21"}}, {"type": "Feature", "geometry": {"type": "Point", "coordinates": [127.0891221, 37.57335201]}, "properties": {"name": "용마폭포", "spaces": 119, "address": "서울특별시 중랑구 용마산로250-12", "type": "노외", "category": "공영", "gu": "중랑구", "dong": "면목4동", "data_date": "2026-04-21"}}, {"type": "Feature", "geometry": {"type": "Point", "coordinates": [127.0964022, 37.5898196]}, "properties": {"name": "늘봄", "spaces": 72, "address": "서울특별시 중랑구 겸재로64길9", "type": "노외", "category": "공영", "gu": "중랑구", "dong": "면목3·8동", "data_date": "2026-04-21"}}, {"type": "Feature", "geometry": {"type": "Point", "coordinates": [127.0915758, 37.58705596]}, "properties": {"name": "은행나무", "spaces": 97, "address": "서울특별시 중랑구 겸재로54가길 4", "type": "노외", "category": "공영", "gu": "중랑구", "dong": "면목본동", "data_date": "2026-04-21"}}, {"type": "Feature", "geometry": {"type": "Point", "coordinates": [127.0982722, 37.59677182]}, "properties": {"name": "망우본동", "spaces": 96, "address": "서울특별시 중랑구 망우로62길 52-4", "type": "노외", "category": "공영", "gu": "중랑구", "dong": "망우본동", "data_date": "2026-04-21"}}, {"type": "Feature", "geometry": {"type": "Point", "coordinates": [127.0842468, 37.57764604]}, "properties": {"name": "면목시장", "spaces": 25, "address": "서울특별시 중랑구 면목동 666-17", "type": "노외", "category": "공영", "gu": "중랑구", "dong": "면목7동", "data_date": "2026-04-21"}}, {"type": "Feature", "geometry": {"type": "Point", "coordinates": [127.0931343, 37.5898756]}, "properties": {"name": "동원시장", "spaces": 31, "address": "서울특별시 중랑구 면목동 74-33", "type": "노외", "category": "공영", "gu": "중랑구", "dong": "면목본동", "data_date": "2026-04-21"}}, {"type": "Feature", "geometry": {"type": "Point", "coordinates": [127.0987493, 37.59671524]}, "properties": {"name": "우림시장", "spaces": 44, "address": "서울특별시 중랑구 망우동 536-11", "type": "노상", "category": "공영", "gu": "중랑구", "dong": "망우본동", "data_date": "2026-04-21"}}, {"type": "Feature", "geometry": {"type": "Point", "coordinates": [126.850354, 37.537679]}, "properties": {"name": "화곡8-2", "spaces": 109, "address": "서울특별시 강서구 초록마을로 126", "type": "노외", "category": "공영", "gu": "강서구", "dong": "화곡8동", "data_date": "2026-04-17"}}, {"type": "Feature", "geometry": {"type": "Point", "coordinates": [126.855038, 37.551884]}, "properties": {"name": "등서초", "spaces": 32, "address": "서울특별시 강서구 화곡로58길 86", "type": "부설", "category": "공영", "gu": "강서구", "dong": "화곡6동", "data_date": "2026-04-17"}}, {"type": "Feature", "geometry": {"type": "Point", "coordinates": [126.8410246, 37.5338224]}, "properties": {"name": "화곡1-2", "spaces": 9, "address": "서울특별시 강서구 화곡동 366-47", "type": "노외", "category": "공영", "gu": "강서구", "dong": "화곡1동", "data_date": "2026-04-17"}}, {"type": "Feature", "geometry": {"type": "Point", "coordinates": [126.861044, 37.534301]}, "properties": {"name": "화곡4-1", "spaces": 202, "address": "서울특별시 강서구 곰달래로57가길 20", "type": "부설", "category": "공영", "gu": "강서구", "dong": "화곡4동", "data_date": "2026-04-17"}}, {"type": "Feature", "geometry": {"type": "Point", "coordinates": [126.848514, 37.553032]}, "properties": {"name": "화곡6-1", "spaces": 298, "address": "서울특별시 강서구 우장산로 114", "type": "노외", "category": "공영", "gu": "강서구", "dong": "화곡6동", "data_date": "2026-04-17"}}, {"type": "Feature", "geometry": {"type": "Point", "coordinates": [126.844323, 37.541816]}, "properties": {"name": "볏골공원", "spaces": 228, "address": "서울특별시 강서구 까치산로4길 22", "type": "노외", "category": "공영", "gu": "강서구", "dong": "화곡본동", "data_date": "2026-04-17"}}, {"type": "Feature", "geometry": {"type": "Point", "coordinates": [126.848898, 37.52906]}, "properties": {"name": "곰달래문화복지센터", "spaces": 252, "address": "서울특별시 강서구 강서로5길 50", "type": "부설", "category": "공영", "gu": "강서구", "dong": "화곡8동", "data_date": "2026-04-17"}}, {"type": "Feature", "geometry": {"type": "Point", "coordinates": [126.837039, 37.537235]}, "properties": {"name": "가로공원로지하", "spaces": 512, "address": "서울특별시 강서구 화곡동 662-15", "type": "노외", "category": "공영", "gu": "강서구", "dong": "화곡1동", "data_date": "2026-04-17"}}, {"type": "Feature", "geometry": {"type": "Point", "coordinates": [126.835236, 37.572662]}, "properties": {"name": "서울식물원 제2주차장", "spaces": 202, "address": "서울특별시 강서구 마곡동 20-3", "type": "노외", "category": "공영", "gu": "강서구", "dong": "가양1동", "data_date": "2026-04-17"}}, {"type": "Feature", "geometry": {"type": "Point", "coordinates": [126.848448, 37.5443203]}, "properties": {"name": "화곡본-2", "spaces": 100, "address": "서울특별시 강서구 초록마을로5길 43", "type": "노외", "category": "공영", "gu": "강서구", "dong": "화곡본동", "data_date": "2026-04-17"}}, {"type": "Feature", "geometry": {"type": "Point", "coordinates": [126.852432, 37.536046]}, "properties": {"name": "화곡2-1", "spaces": 58, "address": "서울특별시 강서구 강서로18아길 26-15", "type": "노외", "category": "공영", "gu": "강서구", "dong": "화곡2동", "data_date": "2026-04-17"}}, {"type": "Feature", "geometry": {"type": "Point", "coordinates": [126.834727, 37.541769]}, "properties": {"name": "화곡3-1", "spaces": 99, "address": "서울특별시 강서구 화곡로15길 40", "type": "노외", "category": "공영", "gu": "강서구", "dong": "화곡3동", "data_date": "2026-04-17"}}, {"type": "Feature", "geometry": {"type": "Point", "coordinates": [126.839922, 37.5438705]}, "properties": {"name": "화곡5-1", "spaces": 26, "address": "서울특별시 강서구 강서로36길 21", "type": "노외", "category": "공영", "gu": "강서구", "dong": "우장산동", "data_date": "2026-04-17"}}, {"type": "Feature", "geometry": {"type": "Point", "coordinates": [126.840763, 37.544352]}, "properties": {"name": "화곡5-2", "spaces": 27, "address": "서울특별시 강서구 강서로34길 41-21", "type": "노외", "category": "공영", "gu": "강서구", "dong": "우장산동", "data_date": "2026-04-17"}}, {"type": "Feature", "geometry": {"type": "Point", "coordinates": [126.842258, 37.543454]}, "properties": {"name": "화곡5-3", "spaces": 13, "address": "서울특별시 강서구 화곡로27가길 38", "type": "노외", "category": "공영", "gu": "강서구", "dong": "우장산동", "data_date": "2026-04-17"}}, {"type": "Feature", "geometry": {"type": "Point", "coordinates": [126.839155, 37.536016]}, "properties": {"name": "화곡7-1", "spaces": 86, "address": "서울특별시 강서구 월정로32길 68", "type": "노외", "category": "공영", "gu": "강서구", "dong": "화곡1동", "data_date": "2026-04-17"}}, {"type": "Feature", "geometry": {"type": "Point", "coordinates": [126.861316, 37.549799]}, "properties": {"name": "등촌2-1", "spaces": 110, "address": "서울특별시 강서구 등촌로55길 33-16", "type": "노외", "category": "공영", "gu": "강서구", "dong": "등촌2동", "data_date": "2026-04-17"}}, {"type": "Feature", "geometry": {"type": "Point", "coordinates": [126.849772, 37.539744]}, "properties": {"name": "화곡본-1", "spaces": 98, "address": "서울특별시 강서구 초록마을로26길 48", "type": "노외", "category": "공영", "gu": "강서구", "dong": "화곡본동", "data_date": "2026-04-17"}}, {"type": "Feature", "geometry": {"type": "Point", "coordinates": [126.839874, 37.5314204]}, "properties": {"name": "화곡1-1", "spaces": 99, "address": "서울특별시 강서구 곰달래로15길 28", "type": "노외", "category": "공영", "gu": "강서구", "dong": "화곡1동", "data_date": "2026-04-17"}}, {"type": "Feature", "geometry": {"type": "Point", "coordinates": [126.84884, 37.538511]}, "properties": {"name": "화곡8-1", "spaces": 59, "address": "서울특별시 강서구 초록마을로22길 57-11", "type": "노외", "category": "공영", "gu": "강서구", "dong": "화곡8동", "data_date": "2026-04-17"}}, {"type": "Feature", "geometry": {"type": "Point", "coordinates": [126.8510719, 37.5421344]}, "properties": {"name": "봉제산근린공원", "spaces": 56, "address": "서울특별시 강서구 화곡동 산41-6", "type": "부설", "category": "공영", "gu": "강서구", "dong": "화곡본동", "data_date": "2026-04-17"}}, {"type": "Feature", "geometry": {"type": "Point", "coordinates": [126.8258394, 37.5545411]}, "properties": {"name": "마곡안전체험관", "spaces": 36, "address": "서울특별시 강서구 마곡중앙로 13", "type": "부설", "category": "공영", "gu": "강서구", "dong": "발산1동", "data_date": "2026-04-17"}}, {"type": "Feature", "geometry": {"type": "Point", "coordinates": [126.837414, 37.532988]}, "properties": {"name": "화곡1동 달구지길", "spaces": 29, "address": "서울특별시 강서구 월정로28길 14", "type": "노상", "category": "공영", "gu": "강서구", "dong": "화곡1동", "data_date": "2026-04-17"}}, {"type": "Feature", "geometry": {"type": "Point", "coordinates": [126.847886, 37.528779]}, "properties": {"name": "화곡1동 배다리서길", "spaces": 249, "address": "서울특별시 강서구 강서로5나길 6", "type": "노상", "category": "공영", "gu": "강서구", "dong": "화곡1동", "data_date": "2026-04-17"}}, {"type": "Feature", "geometry": {"type": "Point", "coordinates": [126.849947, 37.529024]}, "properties": {"name": "화곡2,4,8동 배다리동길", "spaces": 304, "address": "서울특별시 강서구 국회대로7길 196", "type": "노상", "category": "공영", "gu": "강서구", "dong": "화곡8동", "data_date": "2026-04-17"}}, {"type": "Feature", "geometry": {"type": "Point", "coordinates": [126.8524896, 37.554165]}, "properties": {"name": "화곡6동 방죽길", "spaces": 47, "address": "서울특별시 강서구 공항대로46길 35", "type": "노상", "category": "공영", "gu": "강서구", "dong": "화곡6동", "data_date": "2026-04-17"}}, {"type": "Feature", "geometry": {"type": "Point", "coordinates": [126.849532, 37.550966]}, "properties": {"name": "화곡6동 신학대길", "spaces": 29, "address": "서울특별시 강서구 화곡로 302", "type": "노상", "category": "공영", "gu": "강서구", "dong": "화곡6동", "data_date": "2026-04-17"}}, {"type": "Feature", "geometry": {"type": "Point", "coordinates": [126.844636, 37.561217]}, "properties": {"name": "등촌3동 구암길", "spaces": 49, "address": "서울특별시 강서구 공항대로39길 74", "type": "노상", "category": "공영", "gu": "강서구", "dong": "등촌3동", "data_date": "2026-04-17"}}, {"type": "Feature", "geometry": {"type": "Point", "coordinates": [126.847619, 37.560599]}, "properties": {"name": "등촌3동 꿈나무길", "spaces": 60, "address": "서울특별시 강서구 공항대로 351-21", "type": "노상", "category": "공영", "gu": "강서구", "dong": "등촌3동", "data_date": "2026-04-17"}}, {"type": "Feature", "geometry": {"type": "Point", "coordinates": [126.898553, 37.470584]}, "properties": {"name": "새울주차장", "spaces": 66, "address": "서울특별시 금천구 시흥대로 414(독산동)", "type": "노외", "category": "민영", "gu": "금천구", "dong": "독산4동", "data_date": "2026-04-16"}}, {"type": "Feature", "geometry": {"type": "Point", "coordinates": [126.899401, 37.46943]}, "properties": {"name": "문성주차장", "spaces": 6, "address": "서울특별시 금천구 시흥대로122길 19(독산동)", "type": "노외", "category": "민영", "gu": "금천구", "dong": "독산4동", "data_date": "2026-04-16"}}, {"type": "Feature", "geometry": {"type": "Point", "coordinates": [126.900616, 37.470116]}, "properties": {"name": "제일주차장", "spaces": 16, "address": "서울특별시 금천구 독산로77길 35(독산동)", "type": "노외", "category": "민영", "gu": "금천구", "dong": "독산4동", "data_date": "2026-04-16"}}, {"type": "Feature", "geometry": {"type": "Point", "coordinates": [126.903568, 37.474335]}, "properties": {"name": "길목주차장", "spaces": 31, "address": "서울특별시 금천구 독산로 310(독산동)", "type": "노외", "category": "민영", "gu": "금천구", "dong": "독산3동", "data_date": "2026-04-16"}}, {"type": "Feature", "geometry": {"type": "Point", "coordinates": [126.899314, 37.459281]}, "properties": {"name": "현대주차장", "spaces": 20, "address": "서울특별시 금천구 시흥대로 288-8(독산동)", "type": "노외", "category": "민영", "gu": "금천구", "dong": "독산2동", "data_date": "2026-04-16"}}, {"type": "Feature", "geometry": {"type": "Point", "coordinates": [126.879957, 37.485421]}, "properties": {"name": "가산디지털서측", "spaces": 151, "address": "서울특별시 금천구 가산디지털1로 226(가산동)", "type": "노외", "category": "공영", "gu": "금천구", "dong": "가산동", "data_date": "2026-04-16"}}, {"type": "Feature", "geometry": {"type": "Point", "coordinates": [126.909351, 37.459348]}, "properties": {"name": "시흥4동", "spaces": 124, "address": "서울특별시 금천구 독산로36나길 21 (시흥동)", "type": "노외", "category": "공영", "gu": "금천구", "dong": "시흥4동", "data_date": "2026-04-16"}}, {"type": "Feature", "geometry": {"type": "Point", "coordinates": [126.910947, 37.460732]}, "properties": {"name": "효봉", "spaces": 69, "address": "서울특별시 금천구 독산로50마길 6 (시흥동)", "type": "노외", "category": "공영", "gu": "금천구", "dong": "시흥4동", "data_date": "2026-04-16"}}, {"type": "Feature", "geometry": {"type": "Point", "coordinates": [126.909003, 37.454545]}, "properties": {"name": "삼성", "spaces": 51, "address": "서울특별시 금천구 독산로24마길 30 (시흥동)", "type": "노외", "category": "공영", "gu": "금천구", "dong": "시흥4동", "data_date": "2026-04-16"}}, {"type": "Feature", "geometry": {"type": "Point", "coordinates": [126.90571, 37.442939]}, "properties": {"name": "시흥3동", "spaces": 44, "address": "서울특별시 금천구 시흥대로28길 35-9 (시흥동)", "type": "노외", "category": "공영", "gu": "금천구", "dong": "시흥3동", "data_date": "2026-04-16"}}, {"type": "Feature", "geometry": {"type": "Point", "coordinates": [126.896706, 37.450686]}, "properties": {"name": "시흥1동", "spaces": 84, "address": "서울특별시 금천구 시흥대로51길93(시흥동)", "type": "노외", "category": "공영", "gu": "금천구", "dong": "시흥1동", "data_date": "2026-04-16"}}, {"type": "Feature", "geometry": {"type": "Point", "coordinates": [126.904506, 37.46943]}, "properties": {"name": "독산4동", "spaces": 63, "address": "서울특별시 금천구 독산로78다길 9 (독산동)", "type": "노외", "category": "공영", "gu": "금천구", "dong": "독산4동", "data_date": "2026-04-16"}}, {"type": "Feature", "geometry": {"type": "Point", "coordinates": [126.902767, 37.477885]}, "properties": {"name": "구룡", "spaces": 21, "address": "서울특별시 금천구 독산로107길13(독산동)", "type": "노외", "category": "공영", "gu": "금천구", "dong": "독산3동", "data_date": "2026-04-16"}}, {"type": "Feature", "geometry": {"type": "Point", "coordinates": [126.901875, 37.476312]}, "properties": {"name": "다목적", "spaces": 45, "address": "서울특별시 금천구 시흥대로150길 56 (독산동)", "type": "노외", "category": "공영", "gu": "금천구", "dong": "독산3동", "data_date": "2026-04-16"}}, {"type": "Feature", "geometry": {"type": "Point", "coordinates": [126.906335, 37.47945]}, "properties": {"name": "독산3동", "spaces": 50, "address": "서울특별시 금천구 독산로108길 44 (독산동)", "type": "노외", "category": "공영", "gu": "금천구", "dong": "독산3동", "data_date": "2026-04-16"}}, {"type": "Feature", "geometry": {"type": "Point", "coordinates": [126.900034, 37.463825]}, "properties": {"name": "독산2동", "spaces": 66, "address": "서울특별시 금천구 시흥대로98길 36 (독산동)", "type": "노외", "category": "공영", "gu": "금천구", "dong": "독산2동", "data_date": "2026-04-16"}}, {"type": "Feature", "geometry": {"type": "Point", "coordinates": [126.894882, 37.464941]}, "properties": {"name": "독산1동", "spaces": 66, "address": "서울특별시 금천구 범안로12가길 65 (독산동)", "type": "노외", "category": "공영", "gu": "금천구", "dong": "독산1동", "data_date": "2026-04-16"}}, {"type": "Feature", "geometry": {"type": "Point", "coordinates": [126.895561, 37.476627]}, "properties": {"name": "가산동", "spaces": 130, "address": "서울특별시 금천구 시흥대로153길 53 (가산동)", "type": "노외", "category": "공영", "gu": "금천구", "dong": "가산동", "data_date": "2026-04-16"}}, {"type": "Feature", "geometry": {"type": "Point", "coordinates": [126.884602, 37.479493]}, "properties": {"name": "SJ테크노빌", "spaces": 34, "address": "서울특별시 금천구 벚꽃로 278 (가산동)", "type": "노상", "category": "공영", "gu": "금천구", "dong": "가산동", "data_date": "2026-04-16"}}, {"type": "Feature", "geometry": {"type": "Point", "coordinates": [126.882574, 37.48295]}, "properties": {"name": "가산디지털환승", "spaces": 41, "address": "서울특별시 금천구 벚꽃로46길 1(가산동)", "type": "노상", "category": "공영", "gu": "금천구", "dong": "가산동", "data_date": "2026-04-16"}}, {"type": "Feature", "geometry": {"type": "Point", "coordinates": [126.888308, 37.474385]}, "properties": {"name": "LG전자", "spaces": 37, "address": "서울특별시 금천구 가산로9길 87 (가산동)", "type": "노상", "category": "공영", "gu": "금천구", "dong": "가산동", "data_date": "2026-04-16"}}, {"type": "Feature", "geometry": {"type": "Point", "coordinates": [126.891326, 37.471477]}, "properties": {"name": "사조산업", "spaces": 42, "address": "서울특별시 금천구 두산로7길 13 (독산동)", "type": "노상", "category": "공영", "gu": "금천구", "dong": "독산1동", "data_date": "2026-04-16"}}, {"type": "Feature", "geometry": {"type": "Point", "coordinates": [126.890032, 37.467728]}, "properties": {"name": "범일운수", "spaces": 36, "address": "서울특별시 금천구 범안로9길 23 (독산동)", "type": "노상", "category": "공영", "gu": "금천구", "dong": "독산1동", "data_date": "2026-04-16"}}, {"type": "Feature", "geometry": {"type": "Point", "coordinates": [126.894829, 37.469181]}, "properties": {"name": "가산중앞", "spaces": 19, "address": "서울특별시 금천구 두산로14길 18 (독산동)", "type": "노상", "category": "공영", "gu": "금천구", "dong": "독산1동", "data_date": "2026-04-16"}}, {"type": "Feature", "geometry": {"type": "Point", "coordinates": [126.909673, 37.450852]}, "properties": {"name": "은행나무 주차장", "spaces": 5, "address": "서울특별시 금천구 금하로 717(시흥동)", "type": "노외", "category": "민영", "gu": "금천구", "dong": "시흥5동", "data_date": "2026-04-16"}}, {"type": "Feature", "geometry": {"type": "Point", "coordinates": [126.8747201, 37.50380002]}, "properties": {"name": "지이씨 주차장", "spaces": 4, "address": "서울특별시 구로구 구로동 614-41", "type": "노외", "category": "민영", "gu": "구로구", "dong": "구로2동", "data_date": "2026-04-16"}}, {"type": "Feature", "geometry": {"type": "Point", "coordinates": [126.8879224, 37.5005074]}, "properties": {"name": "길동주차장", "spaces": 9, "address": "서울특별시 구로구 구로동 112-12", "type": "노외", "category": "민영", "gu": "구로구", "dong": "구로5동", "data_date": "2026-04-16"}}, {"type": "Feature", "geometry": {"type": "Point", "coordinates": [126.8850102, 37.489143]}, "properties": {"name": "나이스파크 구로시장점", "spaces": 7, "address": "서울특별시 구로구 구로동 735-33", "type": "노외", "category": "민영", "gu": "구로구", "dong": "구로4동", "data_date": "2026-04-16"}}, {"type": "Feature", "geometry": {"type": "Point", "coordinates": [126.8817759, 37.4884161]}, "properties": {"name": "교회부설주차장", "spaces": 16, "address": "서울특별시 구로구 구로동 390-34", "type": "노외", "category": "민영", "gu": "구로구", "dong": "구로2동", "data_date": "2026-04-16"}}, {"type": "Feature", "geometry": {"type": "Point", "coordinates": [126.8834727, 37.4894996]}, "properties": {"name": "동부에이스빌라 앞", "spaces": 2, "address": "서울특별시 구로구 구로동 727-8", "type": "노외", "category": "민영", "gu": "구로구", "dong": "구로2동", "data_date": "2026-04-16"}}, {"type": "Feature", "geometry": {"type": "Point", "coordinates": [126.8496698, 37.503943]}, "properties": {"name": "고척동 주택가", "spaces": 12, "address": "서울특별시 구로구 고척동 253-50", "type": "노외", "category": "민영", "gu": "구로구", "dong": "고척2동", "data_date": "2026-04-16"}}, {"type": "Feature", "geometry": {"type": "Point", "coordinates": [126.8502246, 37.4953011]}, "properties": {"name": "행복3주차장", "spaces": 31, "address": "서울특별시 구로구 서해안로 2395", "type": "노외", "category": "민영", "gu": "구로구", "dong": "개봉2동", "data_date": "2026-04-16"}}, {"type": "Feature", "geometry": {"type": "Point", "coordinates": [126.856455, 37.493559]}, "properties": {"name": "원진주차장", "spaces": 8, "address": "서울특별시 구로구 개봉동 403-231", "type": "노외", "category": "민영", "gu": "구로구", "dong": "개봉2동", "data_date": "2026-04-16"}}, {"type": "Feature", "geometry": {"type": "Point", "coordinates": [126.8903331, 37.4825702]}, "properties": {"name": "교회주차장", "spaces": 33, "address": "서울특별시 구로구 가리봉동 132-57", "type": "노외", "category": "민영", "gu": "구로구", "dong": "가리봉동", "data_date": "2026-04-16"}}, {"type": "Feature", "geometry": {"type": "Point", "coordinates": [126.854242, 37.498773]}, "properties": {"name": "더 스토리", "spaces": 5, "address": "서울특별시 구로구 개봉동 148-3", "type": "노외", "category": "민영", "gu": "구로구", "dong": "개봉1동", "data_date": "2026-04-16"}}, {"type": "Feature", "geometry": {"type": "Point", "coordinates": [126.854128, 37.498816]}, "properties": {"name": "더 스토리Ⅱ", "spaces": 5, "address": "서울특별시 구로구 경인로35길 39", "type": "노외", "category": "민영", "gu": "구로구", "dong": "개봉1동", "data_date": "2026-04-16"}}, {"type": "Feature", "geometry": {"type": "Point", "coordinates": [126.8663371, 37.50003545]}, "properties": {"name": "고척돔주차장", "spaces": 56, "address": "서울특별시 구로구 고척동 76-1", "type": "노외", "category": "민영", "gu": "구로구", "dong": "고척1동", "data_date": "2026-04-16"}}, {"type": "Feature", "geometry": {"type": "Point", "coordinates": [126.8444533, 37.4940442]}, "properties": {"name": "행복주차장", "spaces": 110, "address": "서울특별시 구로구 오류동 135-3", "type": "노외", "category": "민영", "gu": "구로구", "dong": "오류1동", "data_date": "2026-04-16"}}, {"type": "Feature", "geometry": {"type": "Point", "coordinates": [126.8398934, 37.4960318]}, "properties": {"name": "원광주차장", "spaces": 8, "address": "서울특별시 구로구 고척로3길 19", "type": "노외", "category": "민영", "gu": "구로구", "dong": "오류1동", "data_date": "2026-04-16"}}, {"type": "Feature", "geometry": {"type": "Point", "coordinates": [126.8849846, 37.5058787]}, "properties": {"name": "코리아빌딩 노외주차장", "spaces": 52, "address": "서울특별시 구로구 신도림동 428-20", "type": "노외", "category": "민영", "gu": "구로구", "dong": "신도림동", "data_date": "2026-04-16"}}, {"type": "Feature", "geometry": {"type": "Point", "coordinates": [126.8562543, 37.4911125]}, "properties": {"name": "형제주차장", "spaces": 31, "address": "서울특별시 구로구 개봉로60", "type": "노외", "category": "민영", "gu": "구로구", "dong": "개봉2동", "data_date": "2026-04-16"}}, {"type": "Feature", "geometry": {"type": "Point", "coordinates": [126.8425189, 37.4921597]}, "properties": {"name": "삼칠주차장", "spaces": 10, "address": "서울특별시 구로구 서해안로26길 11-2", "type": "노외", "category": "민영", "gu": "구로구", "dong": "오류2동", "data_date": "2026-04-16"}}, {"type": "Feature", "geometry": {"type": "Point", "coordinates": [126.8426725, 37.4965424]}, "properties": {"name": "행복주차장(서림주차장)", "spaces": 12, "address": "서울특별시 구로구 경인로19길 18", "type": "노외", "category": "민영", "gu": "구로구", "dong": "오류1동", "data_date": "2026-04-16"}}, {"type": "Feature", "geometry": {"type": "Point", "coordinates": [126.8397491, 37.4971367]}, "properties": {"name": "예원주차장", "spaces": 12, "address": "서울특별시 구로구 고척로 28", "type": "노외", "category": "민영", "gu": "구로구", "dong": "오류1동", "data_date": "2026-04-16"}}, {"type": "Feature", "geometry": {"type": "Point", "coordinates": [126.8437381, 37.4996324]}, "properties": {"name": "영지주차장", "spaces": 20, "address": "서울특별시 구로구 고척로12길 15-22", "type": "노외", "category": "민영", "gu": "구로구", "dong": "오류1동", "data_date": "2026-04-16"}}, {"type": "Feature", "geometry": {"type": "Point", "coordinates": [126.8454184, 37.4964163]}, "properties": {"name": "반도주차장", "spaces": 8, "address": "서울특별시 구로구 경인로 220", "type": "노외", "category": "민영", "gu": "구로구", "dong": "오류1동", "data_date": "2026-04-16"}}, {"type": "Feature", "geometry": {"type": "Point", "coordinates": [126.8446007, 37.4943592]}, "properties": {"name": "오류동역주차장", "spaces": 70, "address": "서울특별시 구로구 경인로20길 13", "type": "노외", "category": "민영", "gu": "구로구", "dong": "오류1동", "data_date": "2026-04-16"}}, {"type": "Feature", "geometry": {"type": "Point", "coordinates": [126.8218571, 37.4922385]}, "properties": {"name": "온수주차장", "spaces": 15, "address": "서울특별시 구로구 부일로 853", "type": "노외", "category": "민영", "gu": "구로구", "dong": "수궁동", "data_date": "2026-04-16"}}, {"type": "Feature", "geometry": {"type": "Point", "coordinates": [126.8175052, 37.4962467]}, "properties": {"name": "형제 주차장", "spaces": 6, "address": "서울특별시 구로구 부일로1길 128-20", "type": "노외", "category": "민영", "gu": "구로구", "dong": "수궁동", "data_date": "2026-04-16"}}, {"type": "Feature", "geometry": {"type": "Point", "coordinates": [126.8922692, 37.5074425]}, "properties": {"name": "신도림역 주차장", "spaces": 52, "address": "서울특별시 구로구 새말로 117-6", "type": "노외", "category": "민영", "gu": "구로구", "dong": "신도림동", "data_date": "2026-04-16"}}, {"type": "Feature", "geometry": {"type": "Point", "coordinates": [126.885968, 37.4860792]}, "properties": {"name": "예술인주차장", "spaces": 23, "address": "서울특별시 구로구 구로동로8길 6", "type": "노외", "category": "민영", "gu": "구로구", "dong": "구로4동", "data_date": "2026-04-16"}}, {"type": "Feature", "geometry": {"type": "Point", "coordinates": [126.891512, 37.4898542]}, "properties": {"name": "현대주차장", "spaces": 55, "address": "서울특별시 구로구 도림로 73", "type": "노외", "category": "민영", "gu": "구로구", "dong": "구로4동", "data_date": "2026-04-16"}}, {"type": "Feature", "geometry": {"type": "Point", "coordinates": [126.8918256, 37.4950983]}, "properties": {"name": "AJ파크 주차장(구로점)", "spaces": 77, "address": "서울특별시 구로구 가마산로26길 27", "type": "노외", "category": "민영", "gu": "구로구", "dong": "구로4동", "data_date": "2026-04-16"}}, {"type": "Feature", "geometry": {"type": "Point", "coordinates": [126.9003836, 37.4849029]}, "properties": {"name": "동일주차장", "spaces": 65, "address": "서울특별시 구로구 디지털로32나길 51", "type": "노외", "category": "민영", "gu": "구로구", "dong": "구로3동", "data_date": "2026-04-16"}}, {"type": "Feature", "geometry": {"type": "Point", "coordinates": [126.8889273, 37.494328]}, "properties": {"name": "신광주차장", "spaces": 9, "address": "서울특별시 구로구 구로중앙로19가길 7", "type": "노외", "category": "민영", "gu": "구로구", "dong": "구로2동", "data_date": "2026-04-16"}}, {"type": "Feature", "geometry": {"type": "Point", "coordinates": [126.8837451, 37.493404]}, "properties": {"name": "구로본동주차장", "spaces": 34, "address": "서울특별시 구로구 가마산로 203", "type": "노외", "category": "민영", "gu": "구로구", "dong": "구로2동", "data_date": "2026-04-16"}}, {"type": "Feature", "geometry": {"type": "Point", "coordinates": [126.8883077, 37.4946045]}, "properties": {"name": "대신주차장", "spaces": 10, "address": "서울특별시 구로구 가마산로 246", "type": "노외", "category": "민영", "gu": "구로구", "dong": "구로2동", "data_date": "2026-04-16"}}, {"type": "Feature", "geometry": {"type": "Point", "coordinates": [126.8841796, 37.487328]}, "properties": {"name": "세창주차장", "spaces": 8, "address": "서울특별시 구로구 구로동로13길 16", "type": "노외", "category": "민영", "gu": "구로구", "dong": "구로2동", "data_date": "2026-04-16"}}, {"type": "Feature", "geometry": {"type": "Point", "coordinates": [126.8580288, 37.4944679]}, "properties": {"name": "개봉역 1번출구 주차장", "spaces": 6, "address": "서울특별시 구로구 남부순환로95길 8-13", "type": "노외", "category": "민영", "gu": "구로구", "dong": "개봉2동", "data_date": "2026-04-16"}}, {"type": "Feature", "geometry": {"type": "Point", "coordinates": [126.8502246, 37.4953011]}, "properties": {"name": "대건주차장", "spaces": 11, "address": "서울특별시 구로구 서해안로 2395", "type": "노외", "category": "민영", "gu": "구로구", "dong": "개봉2동", "data_date": "2026-04-16"}}, {"type": "Feature", "geometry": {"type": "Point", "coordinates": [126.8830564, 37.4854528]}, "properties": {"name": "영일주차장", "spaces": 28, "address": "서울특별시 구로구 구로동로7나길 28", "type": "노외", "category": "민영", "gu": "구로구", "dong": "가리봉동", "data_date": "2026-04-16"}}, {"type": "Feature", "geometry": {"type": "Point", "coordinates": [126.8888652, 37.4812705]}, "properties": {"name": "시장주차장", "spaces": 69, "address": "서울특별시 구로구 우마길 19-1", "type": "노외", "category": "민영", "gu": "구로구", "dong": "가리봉동", "data_date": "2026-04-16"}}, {"type": "Feature", "geometry": {"type": "Point", "coordinates": [126.8890205, 37.4802507]}, "properties": {"name": "가리봉주차장", "spaces": 10, "address": "서울특별시 구로구 남부순환로105라길 5", "type": "노외", "category": "민영", "gu": "구로구", "dong": "가리봉동", "data_date": "2026-04-16"}}, {"type": "Feature", "geometry": {"type": "Point", "coordinates": [126.8561952, 37.49427739]}, "properties": {"name": "개봉고가 공영주차장", "spaces": 20, "address": "서울특별시 구로구 개봉동 403-10", "type": "노외", "category": "공영", "gu": "구로구", "dong": "개봉2동", "data_date": "2026-04-16"}}, {"type": "Feature", "geometry": {"type": "Point", "coordinates": [126.849904, 37.50191134]}, "properties": {"name": "고척근린시장 공영주차장", "spaces": 20, "address": "서울특별시 구로구 고척동 253-124", "type": "노외", "category": "공영", "gu": "구로구", "dong": "고척2동", "data_date": "2026-04-16"}}, {"type": "Feature", "geometry": {"type": "Point", "coordinates": [126.8838995, 37.497534]}, "properties": {"name": "구로2동 소공원 공영주차장", "spaces": 104, "address": "서울특별시 구로구 구로동 454-1", "type": "노외", "category": "공영", "gu": "구로구", "dong": "구로2동", "data_date": "2026-04-16"}}, {"type": "Feature", "geometry": {"type": "Point", "coordinates": [126.8922179, 37.50786379]}, "properties": {"name": "구로미래도서관 공영주차장", "spaces": 52, "address": "서울특별시 구로구 새말로 121-15", "type": "노외", "category": "공영", "gu": "구로구", "dong": "신도림동", "data_date": "2026-04-16"}}, {"type": "Feature", "geometry": {"type": "Point", "coordinates": [126.848479, 37.506687]}, "properties": {"name": "고척동 삼덕마을", "spaces": 16, "address": "서울특별시 구로구 고척동 241-21", "type": "노외", "category": "공영", "gu": "구로구", "dong": "고척2동", "data_date": "2026-04-16"}}, {"type": "Feature", "geometry": {"type": "Point", "coordinates": [126.84971, 37.506008]}, "properties": {"name": "고척동 소규모", "spaces": 17, "address": "서울특별시 구로구 고척동 241-50", "type": "노외", "category": "공영", "gu": "구로구", "dong": "고척2동", "data_date": "2026-04-16"}}, {"type": "Feature", "geometry": {"type": "Point", "coordinates": [126.8865593, 37.4898784]}, "properties": {"name": "구로4동 주택가 공동", "spaces": 198, "address": "서울특별시 구로구 구로동로26길 54 (구로동)", "type": "노외", "category": "공영", "gu": "구로구", "dong": "구로4동", "data_date": "2026-04-16"}}, {"type": "Feature", "geometry": {"type": "Point", "coordinates": [126.8532783, 37.5065824]}, "properties": {"name": "고척근린공원 지하", "spaces": 199, "address": "서울특별시 구로구 고척로45길 39", "type": "노외", "category": "공영", "gu": "구로구", "dong": "고척2동", "data_date": "2026-04-16"}}, {"type": "Feature", "geometry": {"type": "Point", "coordinates": [126.8391873, 37.4954745]}, "properties": {"name": "오류1동 텃골", "spaces": 81, "address": "서울특별시 구로구 경인로15길 22", "type": "노외", "category": "공영", "gu": "구로구", "dong": "오류1동", "data_date": "2026-04-16"}}, {"type": "Feature", "geometry": {"type": "Point", "coordinates": [126.8511374, 37.5002403]}, "properties": {"name": "개봉1동 노외", "spaces": 134, "address": "서울특별시 구로구 경인로33길 51", "type": "노외", "category": "공영", "gu": "구로구", "dong": "개봉1동", "data_date": "2026-04-16"}}, {"type": "Feature", "geometry": {"type": "Point", "coordinates": [126.8456674, 37.5045463]}, "properties": {"name": "개봉1동 마을공동", "spaces": 58, "address": "서울특별시 구로구 개봉동 416-2", "type": "노외", "category": "공영", "gu": "구로구", "dong": "개봉1동", "data_date": "2026-04-16"}}, {"type": "Feature", "geometry": {"type": "Point", "coordinates": [126.8573617, 37.5051278]}, "properties": {"name": "고척리본타운", "spaces": 66, "address": "서울특별시 구로구 고척동 156", "type": "노외", "category": "공영", "gu": "구로구", "dong": "고척2동", "data_date": "2026-04-16"}}, {"type": "Feature", "geometry": {"type": "Point", "coordinates": [126.863882, 37.5023063]}, "properties": {"name": "고척1동 마을공동", "spaces": 125, "address": "서울특별시 구로구 중앙로8길 16", "type": "노외", "category": "공영", "gu": "구로구", "dong": "고척1동", "data_date": "2026-04-16"}}, {"type": "Feature", "geometry": {"type": "Point", "coordinates": [126.8808103, 37.4872382]}, "properties": {"name": "하늘공원 주차장", "spaces": 197, "address": "서울특별시 구로구 벚꽃로 370", "type": "노외", "category": "공영", "gu": "구로구", "dong": "가리봉동", "data_date": "2026-04-16"}}, {"type": "Feature", "geometry": {"type": "Point", "coordinates": [126.891578, 37.4904165]}, "properties": {"name": "구로리공원 지하", "spaces": 203, "address": "서울특별시 구로구 구로중앙로 13", "type": "노외", "category": "공영", "gu": "구로구", "dong": "구로4동", "data_date": "2026-04-16"}}, {"type": "Feature", "geometry": {"type": "Point", "coordinates": [126.886021, 37.500809]}, "properties": {"name": "구로5동 마을공동", "spaces": 77, "address": "서울특별시 구로구 구로동 549-73", "type": "노외", "category": "공영", "gu": "구로구", "dong": "구로5동", "data_date": "2026-04-16"}}, {"type": "Feature", "geometry": {"type": "Point", "coordinates": [126.889559, 37.4971037]}, "properties": {"name": "구로아트밸리 지하", "spaces": 243, "address": "서울특별시 구로구 가마산로25길 21", "type": "노외", "category": "공영", "gu": "구로구", "dong": "구로5동", "data_date": "2026-04-16"}}, {"type": "Feature", "geometry": {"type": "Point", "coordinates": [126.888408, 37.4850219]}, "properties": {"name": "구로3동 마을공동", "spaces": 20, "address": "서울특별시 구로구 도림로6길 30", "type": "노외", "category": "공영", "gu": "구로구", "dong": "구로3동", "data_date": "2026-04-16"}}, {"type": "Feature", "geometry": {"type": "Point", "coordinates": [126.8883001, 37.491491]}, "properties": {"name": "구로2동 마을공동", "spaces": 81, "address": "서울특별시 구로구 구로동로28길 81", "type": "노외", "category": "공영", "gu": "구로구", "dong": "구로2동", "data_date": "2026-04-16"}}, {"type": "Feature", "geometry": {"type": "Point", "coordinates": [126.8494021, 37.4952151]}, "properties": {"name": "대영주차장", "spaces": 6, "address": "서울특별시 구로구 서해안로 2387", "type": "노외", "category": "민영", "gu": "구로구", "dong": "개봉2동", "data_date": "2026-04-16"}}, {"type": "Feature", "geometry": {"type": "Point", "coordinates": [127.007389, 37.5847177]}, "properties": {"name": "삼선동", "spaces": 133, "address": "서울특별시 성북구 삼선동1가 278-5", "type": "노외", "category": "공영", "gu": "성북구", "dong": "삼선동", "data_date": "2026-04-17"}}, {"type": "Feature", "geometry": {"type": "Point", "coordinates": [127.0147755, 37.59915465]}, "properties": {"name": "시네마부설주차장", "spaces": 100, "address": "서울특별시 성북구 아리랑로12길 4", "type": "부설", "category": "공영", "gu": "성북구", "dong": "돈암2동", "data_date": "2026-04-17"}}, {"type": "Feature", "geometry": {"type": "Point", "coordinates": [126.9938746, 37.59483642]}, "properties": {"name": "성북동길", "spaces": 26, "address": "서울특별시 성북구 성북동 237-3", "type": "노외", "category": "공영", "gu": "성북구", "dong": "성북동", "data_date": "2026-04-17"}}, {"type": "Feature", "geometry": {"type": "Point", "coordinates": [127.052485, 37.61110175]}, "properties": {"name": "장위시장2", "spaces": 6, "address": "서울특별시 성북구 장위로40길 62", "type": "노외", "category": "공영", "gu": "성북구", "dong": "장위2동", "data_date": "2026-04-17"}}, {"type": "Feature", "geometry": {"type": "Point", "coordinates": [127.0093728, 37.60820115]}, "properties": {"name": "정릉시장", "spaces": 18, "address": "서울특별시 성북구 정릉로23길 56", "type": "노외", "category": "공영", "gu": "성북구", "dong": "정릉2동", "data_date": "2026-04-17"}}, {"type": "Feature", "geometry": {"type": "Point", "coordinates": [127.0530356, 37.60935675]}, "properties": {"name": "벤처빌딩", "spaces": 49, "address": "서울특별시 성북구 화랑로 211", "type": "노외", "category": "공영", "gu": "성북구", "dong": "장위2동", "data_date": "2026-04-17"}}, {"type": "Feature", "geometry": {"type": "Point", "coordinates": [127.0529242, 37.61734643]}, "properties": {"name": "마을공원", "spaces": 98, "address": "서울특별시 성북구 장위동 270-134", "type": "노외", "category": "공영", "gu": "성북구", "dong": "장위3동", "data_date": "2026-04-17"}}, {"type": "Feature", "geometry": {"type": "Point", "coordinates": [127.0409876, 37.61460901]}, "properties": {"name": "동방고개", "spaces": 64, "address": "서울특별시 성북구 장위로13길 9", "type": "노외", "category": "공영", "gu": "성북구", "dong": "장위1동", "data_date": "2026-04-17"}}, {"type": "Feature", "geometry": {"type": "Point", "coordinates": [127.026668, 37.59508412]}, "properties": {"name": "개운산", "spaces": 26, "address": "서울특별시 성북구 북악산로935-25", "type": "노외", "category": "공영", "gu": "성북구", "dong": "종암동", "data_date": "2026-04-17"}}, {"type": "Feature", "geometry": {"type": "Point", "coordinates": [127.0168496, 37.58945628]}, "properties": {"name": "구청사부설", "spaces": 200, "address": "서울특별시 성북구 보문로 168", "type": "부설", "category": "공영", "gu": "성북구", "dong": "삼선동", "data_date": "2026-04-17"}}, {"type": "Feature", "geometry": {"type": "Point", "coordinates": [127.0163213, 37.58660133]}, "properties": {"name": "경동고", "spaces": 123, "address": "서울특별시 성북구 보문로29길 49", "type": "노외", "category": "공영", "gu": "성북구", "dong": "보문동", "data_date": "2026-04-17"}}, {"type": "Feature", "geometry": {"type": "Point", "coordinates": [127.0601254, 37.6070744]}, "properties": {"name": "석관동", "spaces": 77, "address": "서울특별시 성북구 석관동 332-166", "type": "노외", "category": "공영", "gu": "성북구", "dong": "석관동", "data_date": "2026-04-17"}}, {"type": "Feature", "geometry": {"type": "Point", "coordinates": [127.018011, 37.56748249]}, "properties": {"name": "황학어린이공원 공영주차장", "spaces": 113, "address": "서울특별시 중구 다산로48길 33", "type": "노외", "category": "공영", "gu": "중구", "dong": "황학동", "data_date": "2026-04-17"}}, {"type": "Feature", "geometry": {"type": "Point", "coordinates": [127.0043909, 37.55163344]}, "properties": {"name": "다산아트 공영주차장", "spaces": 75, "address": "서울특별시 중구 동호로17길 173", "type": "노외", "category": "공영", "gu": "중구", "dong": "다산동", "data_date": "2026-04-17"}}, {"type": "Feature", "geometry": {"type": "Point", "coordinates": [126.9998008, 37.563676]}, "properties": {"name": "묵정공원지하 공영주차장", "spaces": 491, "address": "서울특별시 중구 퇴계로45길 32-12", "type": "노외", "category": "공영", "gu": "중구", "dong": "광희동", "data_date": "2026-04-17"}}, {"type": "Feature", "geometry": {"type": "Point", "coordinates": [127.0120996, 37.55950762]}, "properties": {"name": "새싹마을 공영주차장", "spaces": 12, "address": "서울특별시 중구 동호로12길 97", "type": "노외", "category": "공영", "gu": "중구", "dong": "다산동", "data_date": "2026-04-17"}}, {"type": "Feature", "geometry": {"type": "Point", "coordinates": [127.014538, 37.56210861]}, "properties": {"name": "신당동 공영주차장", "spaces": 75, "address": "서울특별시 중구 다산로33길 3", "type": "노외", "category": "공영", "gu": "중구", "dong": "신당동", "data_date": "2026-04-17"}}, {"type": "Feature", "geometry": {"type": "Point", "coordinates": [126.985503, 37.55923346]}, "properties": {"name": "남산동 공영주차장", "spaces": 48, "address": "서울특별시 중구 퇴계로20길 24", "type": "노외", "category": "공영", "gu": "중구", "dong": "명동", "data_date": "2026-04-17"}}, {"type": "Feature", "geometry": {"type": "Point", "coordinates": [126.9645377, 37.55592073]}, "properties": {"name": "손기정체육공원 공영주차장", "spaces": 162, "address": "서울특별시 중구 손기정로 101", "type": "노외", "category": "공영", "gu": "중구", "dong": "중림동", "data_date": "2026-04-17"}}, {"type": "Feature", "geometry": {"type": "Point", "coordinates": [127.0013265, 37.559936]}, "properties": {"name": "장충 공영주차장", "spaces": 106, "address": "서울특별시 중구 퇴계로50길 59", "type": "노외", "category": "공영", "gu": "중구", "dong": "장충동", "data_date": "2026-04-17"}}, {"type": "Feature", "geometry": {"type": "Point", "coordinates": [126.9738466, 37.55909088]}, "properties": {"name": "서소문삼성생명뒤 공영주차장", "spaces": 23, "address": "서울특별시 중구 세종대로 23", "type": "노외", "category": "공영", "gu": "중구", "dong": "회현동", "data_date": "2026-04-17"}}, {"type": "Feature", "geometry": {"type": "Point", "coordinates": [127.0063055, 37.549029]}, "properties": {"name": "버티 공영주차장", "spaces": 91, "address": "서울특별시 중구 동호로17길 270", "type": "노외", "category": "공영", "gu": "중구", "dong": "다산동", "data_date": "2026-04-17"}}, {"type": "Feature", "geometry": {"type": "Point", "coordinates": [127.0134049, 37.558923]}, "properties": {"name": "청구 공영주차장", "spaces": 51, "address": "서울특별시 중구 다산로 174", "type": "노외", "category": "공영", "gu": "중구", "dong": "청구동", "data_date": "2026-04-17"}}, {"type": "Feature", "geometry": {"type": "Point", "coordinates": [127.0086101, 37.55438305]}, "properties": {"name": "다산동 공영주차장", "spaces": 85, "address": "서울특별시 중구 동호로15길 60", "type": "노외", "category": "공영", "gu": "중구", "dong": "다산동", "data_date": "2026-04-17"}}, {"type": "Feature", "geometry": {"type": "Point", "coordinates": [126.9958714, 37.55659975]}, "properties": {"name": "필동 공영주차장", "spaces": 47, "address": "서울특별시 중구 필동로 55", "type": "노외", "category": "공영", "gu": "중구", "dong": "필동", "data_date": "2026-04-17"}}, {"type": "Feature", "geometry": {"type": "Point", "coordinates": [127.0110187, 37.556504]}, "properties": {"name": "문화 공영주차장", "spaces": 31, "address": "서울특별시 중구 동호로12길 29", "type": "노외", "category": "공영", "gu": "중구", "dong": "다산동", "data_date": "2026-04-17"}}, {"type": "Feature", "geometry": {"type": "Point", "coordinates": [127.0133313, 37.552237]}, "properties": {"name": "약수동 공영주차장", "spaces": 88, "address": "서울특별시 중구 동호로8다길 22", "type": "노외", "category": "공영", "gu": "중구", "dong": "약수동", "data_date": "2026-04-17"}}, {"type": "Feature", "geometry": {"type": "Point", "coordinates": [127.004839, 37.550508]}, "properties": {"name": "성곽 공영주차장", "spaces": 44, "address": "서울특별시 중구 동호로17길 201", "type": "노외", "category": "공영", "gu": "중구", "dong": "다산동", "data_date": "2026-04-17"}}, {"type": "Feature", "geometry": {"type": "Point", "coordinates": [127.0170054, 37.565173]}, "properties": {"name": "신당사거리 공영주차장", "spaces": 45, "address": "서울특별시 중구 퇴계로 408", "type": "노외", "category": "공영", "gu": "중구", "dong": "신당5동", "data_date": "2026-04-17"}}, {"type": "Feature", "geometry": {"type": "Point", "coordinates": [127.0057006, 37.552118]}, "properties": {"name": "충현어린이공원 공영주차장", "spaces": 24, "address": "서울특별시 중구 동호로11나길 47", "type": "노외", "category": "공영", "gu": "중구", "dong": "다산동", "data_date": "2026-04-17"}}, {"type": "Feature", "geometry": {"type": "Point", "coordinates": [127.0057006, 37.552153]}, "properties": {"name": "충현 공영주차장", "spaces": 108, "address": "서울특별시 중구 동호로11나길 47", "type": "노외", "category": "공영", "gu": "중구", "dong": "다산동", "data_date": "2026-04-17"}}, {"type": "Feature", "geometry": {"type": "Point", "coordinates": [126.9738466, 37.55909088]}, "properties": {"name": "진양상가 인공도로 공영주차장", "spaces": 14, "address": "서울특별시 중구 세종대로 23", "type": "노상", "category": "공영", "gu": "중구", "dong": "회현동", "data_date": "2026-04-17"}}, {"type": "Feature", "geometry": {"type": "Point", "coordinates": [127.0053518, 37.56845681]}, "properties": {"name": "훈련원공원옆 공영주차장", "spaces": 9, "address": "서울특별시 중구 을지로39길 41", "type": "노상", "category": "공영", "gu": "중구", "dong": "광희동", "data_date": "2026-04-17"}}, {"type": "Feature", "geometry": {"type": "Point", "coordinates": [126.9729947, 37.5613576]}, "properties": {"name": "서소문올리브타워옆 공영주차장", "spaces": 16, "address": "서울특별시 중구 세종대로9길 41", "type": "노상", "category": "공영", "gu": "중구", "dong": "소공동", "data_date": "2026-04-17"}}, {"type": "Feature", "geometry": {"type": "Point", "coordinates": [126.9812519, 37.56369098]}, "properties": {"name": "조선호텔앞 공영주차장", "spaces": 4, "address": "서울특별시 중구 남대문로7길 11", "type": "노상", "category": "공영", "gu": "중구", "dong": "소공동", "data_date": "2026-04-17"}}, {"type": "Feature", "geometry": {"type": "Point", "coordinates": [126.9738466, 37.55909088]}, "properties": {"name": "남평화시장앞 공영주차장", "spaces": 32, "address": "서울특별시 중구 세종대로 23", "type": "노상", "category": "공영", "gu": "중구", "dong": "회현동", "data_date": "2026-04-17"}}, {"type": "Feature", "geometry": {"type": "Point", "coordinates": [126.9738466, 37.55909088]}, "properties": {"name": "맑은내길 공영주차장", "spaces": 17, "address": "서울특별시 중구 세종대로 23", "type": "노상", "category": "공영", "gu": "중구", "dong": "회현동", "data_date": "2026-04-17"}}, {"type": "Feature", "geometry": {"type": "Point", "coordinates": [126.9770151, 37.56097283]}, "properties": {"name": "한국관광공사옆 공영주차장", "spaces": 9, "address": "서울특별시 중구 남대문로 11", "type": "노상", "category": "공영", "gu": "중구", "dong": "소공동", "data_date": "2026-04-17"}}, {"type": "Feature", "geometry": {"type": "Point", "coordinates": [126.9738466, 37.55909088]}, "properties": {"name": "코오롱빌딩옆 공영주차장", "spaces": 10, "address": "서울특별시 중구 세종대로 23", "type": "노상", "category": "공영", "gu": "중구", "dong": "회현동", "data_date": "2026-04-17"}}, {"type": "Feature", "geometry": {"type": "Point", "coordinates": [126.9738466, 37.55909088]}, "properties": {"name": "남대문피혁상가남측 공영주차장", "spaces": 24, "address": "서울특별시 중구 세종대로 23", "type": "노상", "category": "공영", "gu": "중구", "dong": "회현동", "data_date": "2026-04-17"}}, {"type": "Feature", "geometry": {"type": "Point", "coordinates": [126.9957258, 37.56830549]}, "properties": {"name": "대림상가 공영주차장", "spaces": 47, "address": "서울특별시 중구 을지로19길 38", "type": "노상", "category": "공영", "gu": "중구", "dong": "을지로동", "data_date": "2026-04-17"}}, {"type": "Feature", "geometry": {"type": "Point", "coordinates": [126.9758162, 37.55825878]}, "properties": {"name": "국제화재빌딩옆 공영주차장", "spaces": 5, "address": "서울특별시 중구 소월로 16", "type": "노상", "category": "공영", "gu": "중구", "dong": "회현동", "data_date": "2026-04-17"}}, {"type": "Feature", "geometry": {"type": "Point", "coordinates": [126.9696428, 37.56557705]}, "properties": {"name": "이화여고앞 공영주차장", "spaces": 13, "address": "서울특별시 중구 통일로4길 30", "type": "노상", "category": "공영", "gu": "중구", "dong": "소공동", "data_date": "2026-04-17"}}, {"type": "Feature", "geometry": {"type": "Point", "coordinates": [126.977995, 37.56794672]}, "properties": {"name": "뉴국제호텔앞 공영주차장", "spaces": 19, "address": "서울특별시 중구 세종대로22길 12", "type": "노상", "category": "공영", "gu": "중구", "dong": "명동", "data_date": "2026-04-17"}}, {"type": "Feature", "geometry": {"type": "Point", "coordinates": [126.9734829, 37.562479]}, "properties": {"name": "해운센터앞 공영주차장", "spaces": 9, "address": "서울특별시 중구 세종대로9길 68-1", "type": "노상", "category": "공영", "gu": "중구", "dong": "소공동", "data_date": "2026-04-17"}}, {"type": "Feature", "geometry": {"type": "Point", "coordinates": [126.9799921, 37.56800835]}, "properties": {"name": "다동쉼터 공영주차장", "spaces": 7, "address": "서울특별시 중구 다동길 11", "type": "노상", "category": "공영", "gu": "중구", "dong": "명동", "data_date": "2026-04-17"}}, {"type": "Feature", "geometry": {"type": "Point", "coordinates": [126.9955901, 37.56592686]}, "properties": {"name": "삼풍상가 공영주차장", "spaces": 26, "address": "서울특별시 중구 을지로 158", "type": "노상", "category": "공영", "gu": "중구", "dong": "을지로동", "data_date": "2026-04-17"}}, {"type": "Feature", "geometry": {"type": "Point", "coordinates": [127.0057956, 37.5689855]}, "properties": {"name": "중구구민회관 부설주차장", "spaces": 71, "address": "서울특별시 중구 을지로39길 40", "type": "부설", "category": "공영", "gu": "중구", "dong": "광희동", "data_date": "2026-04-17"}}, {"type": "Feature", "geometry": {"type": "Point", "coordinates": [127.0413575, 37.478603]}, "properties": {"name": "양재", "spaces": 175, "address": "서울특별시 서초구 양재천로 125-10", "type": "노외", "category": "공영", "gu": "서초구", "dong": "양재1동", "data_date": "2026-04-16"}}, {"type": "Feature", "geometry": {"type": "Point", "coordinates": [127.0579168, 37.44955521]}, "properties": {"name": "내곡동 임시", "spaces": 80, "address": "서울특별시 서초구 신원동 625", "type": "노외", "category": "공영", "gu": "서초구", "dong": "내곡동", "data_date": "2026-04-16"}}, {"type": "Feature", "geometry": {"type": "Point", "coordinates": [126.9920242, 37.482243]}, "properties": {"name": "중앙로", "spaces": 49, "address": "서울특별시 서초구 방배중앙로 25", "type": "노외", "category": "공영", "gu": "서초구", "dong": "방배2동", "data_date": "2026-04-16"}}, {"type": "Feature", "geometry": {"type": "Point", "coordinates": [127.0384652, 37.4704204]}, "properties": {"name": "매헌시민의숲(매헌)역", "spaces": 46, "address": "서울특별시 서초구 양재동 237-2", "type": "노외", "category": "공영", "gu": "서초구", "dong": "양재2동", "data_date": "2026-04-16"}}, {"type": "Feature", "geometry": {"type": "Point", "coordinates": [127.0424265, 37.471894]}, "properties": {"name": "양재근린공원", "spaces": 101, "address": "서울특별시 서초구 동산로 35", "type": "노외", "category": "공영", "gu": "서초구", "dong": "양재2동", "data_date": "2026-04-16"}}, {"type": "Feature", "geometry": {"type": "Point", "coordinates": [126.9925579, 37.4854463]}, "properties": {"name": "방배1동", "spaces": 120, "address": "서울특별시 서초구 방배로23길 31-6", "type": "노외", "category": "공영", "gu": "서초구", "dong": "방배1동", "data_date": "2026-04-16"}}, {"type": "Feature", "geometry": {"type": "Point", "coordinates": [127.0412781, 37.4706412]}, "properties": {"name": "양재2동주민센터", "spaces": 32, "address": "서울특별시 서초구 강남대로12길 44", "type": "노외", "category": "공영", "gu": "서초구", "dong": "양재2동", "data_date": "2026-04-16"}}, {"type": "Feature", "geometry": {"type": "Point", "coordinates": [126.9922501, 37.4890028]}, "properties": {"name": "방배열린문화센터", "spaces": 109, "address": "서울특별시 서초구 방배로 173", "type": "노외", "category": "공영", "gu": "서초구", "dong": "방배4동", "data_date": "2026-04-16"}}, {"type": "Feature", "geometry": {"type": "Point", "coordinates": [127.0003241, 37.4974872]}, "properties": {"name": "반포4동 주민센터", "spaces": 51, "address": "서울특별시 서초구 사평대로28길 70", "type": "노외", "category": "공영", "gu": "서초구", "dong": "반포4동", "data_date": "2026-04-16"}}, {"type": "Feature", "geometry": {"type": "Point", "coordinates": [126.9953408, 37.50429]}, "properties": {"name": "반포2동", "spaces": 162, "address": "서울특별시 서초구 신반포로15길 6", "type": "노외", "category": "공영", "gu": "서초구", "dong": "반포2동", "data_date": "2026-04-16"}}, {"type": "Feature", "geometry": {"type": "Point", "coordinates": [127.0163843, 37.5161854]}, "properties": {"name": "잠원동 방음언덕형", "spaces": 92, "address": "서울특별시 서초구 잠원동 10-33", "type": "노외", "category": "공영", "gu": "서초구", "dong": "잠원동", "data_date": "2026-04-16"}}, {"type": "Feature", "geometry": {"type": "Point", "coordinates": [127.0168126, 37.4923272]}, "properties": {"name": "무궁화", "spaces": 67, "address": "서울특별시 서초구 서초대로54길 45", "type": "노외", "category": "공영", "gu": "서초구", "dong": "서초1동", "data_date": "2026-04-16"}}, {"type": "Feature", "geometry": {"type": "Point", "coordinates": [127.0430088, 37.4723312]}, "properties": {"name": "언남문화체육센터", "spaces": 190, "address": "서울특별시 서초구 동산로 13길 35", "type": "노외", "category": "공영", "gu": "서초구", "dong": "양재2동", "data_date": "2026-04-16"}}, {"type": "Feature", "geometry": {"type": "Point", "coordinates": [126.9986658, 37.4971758]}, "properties": {"name": "서래마을(환경개선공사로 인한 미운영)", "spaces": 71, "address": "서울특별시 서초구 서래로4길 5", "type": "노외", "category": "공영", "gu": "서초구", "dong": "반포4동", "data_date": "2026-04-16"}}, {"type": "Feature", "geometry": {"type": "Point", "coordinates": [127.0183131, 37.5049722]}, "properties": {"name": "반포동 방음언덕형", "spaces": 88, "address": "서울특별시 서초구 주흥3길 34", "type": "노외", "category": "공영", "gu": "서초구", "dong": "반포1동", "data_date": "2026-04-16"}}, {"type": "Feature", "geometry": {"type": "Point", "coordinates": [127.0485008, 37.4716366]}, "properties": {"name": "구룡공원", "spaces": 131, "address": "서울특별시 서초구 논현로5길 29", "type": "노외", "category": "공영", "gu": "서초구", "dong": "양재2동", "data_date": "2026-04-16"}}, {"type": "Feature", "geometry": {"type": "Point", "coordinates": [127.0443493, 37.4700443]}, "properties": {"name": "동산마을", "spaces": 121, "address": "서울특별시 서초구 강남대로8길 77", "type": "노외", "category": "공영", "gu": "서초구", "dong": "양재2동", "data_date": "2026-04-16"}}, {"type": "Feature", "geometry": {"type": "Point", "coordinates": [126.985401, 37.4962789]}, "properties": {"name": "방배카페골목", "spaces": 152, "address": "서울특별시 서초구 방배중앙로 193", "type": "노외", "category": "공영", "gu": "서초구", "dong": "방배본동", "data_date": "2026-04-16"}}, {"type": "Feature", "geometry": {"type": "Point", "coordinates": [127.0104462, 37.5000322]}, "properties": {"name": "반포 둥근마을", "spaces": 177, "address": "서울특별시 서초구 서초중앙로31길 14-5", "type": "노외", "category": "공영", "gu": "서초구", "dong": "반포4동", "data_date": "2026-04-16"}}, {"type": "Feature", "geometry": {"type": "Point", "coordinates": [127.0209708, 37.5047241]}, "properties": {"name": "언구비", "spaces": 51, "address": "서울특별시 서초구 강남대로83길 55", "type": "노외", "category": "공영", "gu": "서초구", "dong": "반포1동", "data_date": "2026-04-16"}}, {"type": "Feature", "geometry": {"type": "Point", "coordinates": [127.0599447, 37.4465698]}, "properties": {"name": "청계산청룡", "spaces": 41, "address": "서울특별시 서초구 신원동 224-3", "type": "노외", "category": "공영", "gu": "서초구", "dong": "내곡동", "data_date": "2026-04-16"}}, {"type": "Feature", "geometry": {"type": "Point", "coordinates": [126.9978271, 37.4981599]}, "properties": {"name": "반포서래", "spaces": 7, "address": "서울특별시 서초구 사평대로22길31", "type": "노외", "category": "공영", "gu": "서초구", "dong": "반포4동", "data_date": "2026-04-16"}}, {"type": "Feature", "geometry": {"type": "Point", "coordinates": [127.0568139, 37.4458831]}, "properties": {"name": "청계산근린광장", "spaces": 95, "address": "서울특별시 서초구 원지동 361-1", "type": "노외", "category": "공영", "gu": "서초구", "dong": "양재2동", "data_date": "2026-04-16"}}, {"type": "Feature", "geometry": {"type": "Point", "coordinates": [127.0382044, 37.4723013]}, "properties": {"name": "매헌시민의숲동측", "spaces": 143, "address": "서울특별시 서초구 양재동 237", "type": "노외", "category": "공영", "gu": "서초구", "dong": "양재2동", "data_date": "2026-04-16"}}, {"type": "Feature", "geometry": {"type": "Point", "coordinates": [127.0158921, 37.4940332]}, "properties": {"name": "교대역동측", "spaces": 27, "address": "서울특별시 서초구 서초대로 314", "type": "노외", "category": "공영", "gu": "서초구", "dong": "서초1동", "data_date": "2026-04-16"}}, {"type": "Feature", "geometry": {"type": "Point", "coordinates": [127.0108109, 37.4937426]}, "properties": {"name": "법원입구도로", "spaces": 23, "address": "서울특별시 서초구 서초동 1711-2", "type": "노상", "category": "공영", "gu": "서초구", "dong": "서초3동", "data_date": "2026-04-16"}}, {"type": "Feature", "geometry": {"type": "Point", "coordinates": [126.9887363, 37.4955055]}, "properties": {"name": "방배가구거리", "spaces": 6, "address": "서울특별시 서초구 방배동 758-3", "type": "노상", "category": "공영", "gu": "서초구", "dong": "방배본동", "data_date": "2026-04-16"}}, {"type": "Feature", "geometry": {"type": "Point", "coordinates": [126.9887363, 37.4955055]}, "properties": {"name": "방배사이길", "spaces": 4, "address": "서울특별시 서초구 방배동 758-3", "type": "노상", "category": "공영", "gu": "서초구", "dong": "방배본동", "data_date": "2026-04-16"}}, {"type": "Feature", "geometry": {"type": "Point", "coordinates": [126.9857983, 37.4955026]}, "properties": {"name": "방배중앙로", "spaces": 50, "address": "서울특별시 서초구 방배동 760-3", "type": "노상", "category": "공영", "gu": "서초구", "dong": "방배본동", "data_date": "2026-04-16"}}, {"type": "Feature", "geometry": {"type": "Point", "coordinates": [126.9966972, 37.4831582]}, "properties": {"name": "방배역", "spaces": 9, "address": "서울특별시 서초구 방배동 910-16", "type": "노상", "category": "공영", "gu": "서초구", "dong": "방배1동", "data_date": "2026-04-16"}}, {"type": "Feature", "geometry": {"type": "Point", "coordinates": [126.9825637, 37.4830018]}, "properties": {"name": "방배복개도로 제2지역", "spaces": 148, "address": "서울특별시 서초구 방배동 493-5", "type": "노상", "category": "공영", "gu": "서초구", "dong": "방배2동", "data_date": "2026-04-16"}}, {"type": "Feature", "geometry": {"type": "Point", "coordinates": [126.9826064, 37.4780085]}, "properties": {"name": "방배복개도로 제1지역", "spaces": 124, "address": "서울특별시 서초구 방배동 493-3", "type": "노상", "category": "공영", "gu": "서초구", "dong": "방배2동", "data_date": "2026-04-16"}}, {"type": "Feature", "geometry": {"type": "Point", "coordinates": [127.0103346, 37.5042121]}, "properties": {"name": "반포복개천", "spaces": 37, "address": "서울특별시 서초구 반포동 57-1", "type": "노상", "category": "공영", "gu": "서초구", "dong": "반포4동", "data_date": "2026-04-16"}}, {"type": "Feature", "geometry": {"type": "Point", "coordinates": [127.0396269, 37.45819382]}, "properties": {"name": "신원지하차도 상부도로", "spaces": 45, "address": "서울특별시 서초구 양재대로12길 일대", "type": "노상", "category": "공영", "gu": "서초구", "dong": "양재2동", "data_date": "2026-04-16"}}, {"type": "Feature", "geometry": {"type": "Point", "coordinates": [126.9407527, 37.47324878]}, "properties": {"name": "서림동제1공영주차장", "spaces": 12, "address": "서울특별시 관악구 서림7길 31", "type": "노외", "category": "공영", "gu": "관악구", "dong": "서림동", "data_date": "2026-04-16"}}, {"type": "Feature", "geometry": {"type": "Point", "coordinates": [126.9294757, 37.47674526]}, "properties": {"name": "신원동제2공영주차장", "spaces": 8, "address": "서울특별시 관악구 문성로38길 38-19", "type": "노외", "category": "공영", "gu": "관악구", "dong": "신원동", "data_date": "2026-04-16"}}, {"type": "Feature", "geometry": {"type": "Point", "coordinates": [126.9478758, 37.48627802]}, "properties": {"name": "중앙동제1공영주차장", "spaces": 6, "address": "서울특별시 관악구 중앙길 133", "type": "노외", "category": "공영", "gu": "관악구", "dong": "중앙동", "data_date": "2026-04-16"}}, {"type": "Feature", "geometry": {"type": "Point", "coordinates": [126.9617961, 37.47433551]}, "properties": {"name": "낙성대제3공영주차장", "spaces": 6, "address": "서울특별시 관악구 낙성대역6길 20", "type": "노외", "category": "공영", "gu": "관악구", "dong": "낙성대동", "data_date": "2026-04-16"}}, {"type": "Feature", "geometry": {"type": "Point", "coordinates": [126.9470248, 37.47875774]}, "properties": {"name": "청룡동제1공영주차장", "spaces": 17, "address": "서울특별시 관악구 청룡9길 21", "type": "노외", "category": "공영", "gu": "관악구", "dong": "청룡동", "data_date": "2026-04-16"}}, {"type": "Feature", "geometry": {"type": "Point", "coordinates": [126.9377027, 37.48119817]}, "properties": {"name": "봉림중공영주차장", "spaces": 30, "address": "서울특별시 관악구 장군봉길 72", "type": "노외", "category": "공영", "gu": "관악구", "dong": "청룡동", "data_date": "2026-04-16"}}, {"type": "Feature", "geometry": {"type": "Point", "coordinates": [126.9225532, 37.46754161]}, "properties": {"name": "난곡마당공영주차장", "spaces": 41, "address": "서울특별시 관악구 난곡로24바길 16", "type": "노외", "category": "공영", "gu": "관악구", "dong": "난곡동", "data_date": "2026-04-16"}}, {"type": "Feature", "geometry": {"type": "Point", "coordinates": [126.9178922, 37.47016608]}, "properties": {"name": "난곡동제2공영주차장", "spaces": 6, "address": "서울특별시 관악구 난곡로31길 45", "type": "노외", "category": "공영", "gu": "관악구", "dong": "난곡동", "data_date": "2026-04-16"}}, {"type": "Feature", "geometry": {"type": "Point", "coordinates": [126.9771048, 37.4756463]}, "properties": {"name": "남현동제2공영주차장", "spaces": 26, "address": "서울특별시 관악구 남현길 22", "type": "노외", "category": "공영", "gu": "관악구", "dong": "남현동", "data_date": "2026-04-16"}}, {"type": "Feature", "geometry": {"type": "Point", "coordinates": [126.9697838, 37.47106455]}, "properties": {"name": "인헌동제2공영주차장", "spaces": 7, "address": "서울특별시 관악구 인헌17길 34", "type": "노외", "category": "공영", "gu": "관악구", "dong": "인헌동", "data_date": "2026-04-16"}}, {"type": "Feature", "geometry": {"type": "Point", "coordinates": [126.9672678, 37.473655]}, "properties": {"name": "인헌동제1공영주차장", "spaces": 6, "address": "서울특별시 관악구 인헌길 33-12", "type": "노외", "category": "공영", "gu": "관악구", "dong": "인헌동", "data_date": "2026-04-16"}}, {"type": "Feature", "geometry": {"type": "Point", "coordinates": [126.9157498, 37.47565502]}, "properties": {"name": "미성동제3공영주차장", "spaces": 15, "address": "서울특별시 관악구 난곡로41길 12", "type": "노외", "category": "공영", "gu": "관악구", "dong": "미성동", "data_date": "2026-04-16"}}, {"type": "Feature", "geometry": {"type": "Point", "coordinates": [126.9141902, 37.4797444]}, "properties": {"name": "미성동제2공영주차장", "spaces": 21, "address": "서울특별시 관악구 난곡로63가길 30", "type": "노외", "category": "공영", "gu": "관악구", "dong": "미성동", "data_date": "2026-04-16"}}, {"type": "Feature", "geometry": {"type": "Point", "coordinates": [126.9157042, 37.47957874]}, "properties": {"name": "미성동제1공영주차장", "spaces": 5, "address": "서울특별시 관악구 난곡로64가길 39", "type": "노외", "category": "공영", "gu": "관악구", "dong": "미성동", "data_date": "2026-04-16"}}, {"type": "Feature", "geometry": {"type": "Point", "coordinates": [126.9392301, 37.46590801]}, "properties": {"name": "대학동제1공영주차장", "spaces": 5, "address": "서울특별시 관악구 신림로11길 109-7", "type": "노외", "category": "공영", "gu": "관악구", "dong": "대학동", "data_date": "2026-04-16"}}, {"type": "Feature", "geometry": {"type": "Point", "coordinates": [126.9043887, 37.48299189]}, "properties": {"name": "조원동제3공영주차장", "spaces": 17, "address": "서울특별시 관악구 조원로4길 8", "type": "노외", "category": "공영", "gu": "관악구", "dong": "조원동", "data_date": "2026-04-16"}}, {"type": "Feature", "geometry": {"type": "Point", "coordinates": [126.9150699, 37.45997373]}, "properties": {"name": "난향동제1공영주차장", "spaces": 12, "address": "서울특별시 관악구 난향9길 73", "type": "노외", "category": "공영", "gu": "관악구", "dong": "난향동", "data_date": "2026-04-16"}}, {"type": "Feature", "geometry": {"type": "Point", "coordinates": [126.9179928, 37.48397331]}, "properties": {"name": "신사동제3공영주차장", "spaces": 12, "address": "서울특별시 관악구 남부순환로155길 22", "type": "노외", "category": "공영", "gu": "관악구", "dong": "신사동", "data_date": "2026-04-16"}}, {"type": "Feature", "geometry": {"type": "Point", "coordinates": [126.9199755, 37.48388151]}, "properties": {"name": "신사동제2공영주차장", "spaces": 18, "address": "서울특별시 관악구 남부순환로159길 11", "type": "노외", "category": "공영", "gu": "관악구", "dong": "신사동", "data_date": "2026-04-16"}}, {"type": "Feature", "geometry": {"type": "Point", "coordinates": [126.9554032, 37.4779002115]}, "properties": {"name": "모래내공원공영주차장", "spaces": 72, "address": "서울특별시 관악구 관악로12길 55", "type": "노외", "category": "공영", "gu": "관악구", "dong": "낙성대동", "data_date": "2026-04-16"}}, {"type": "Feature", "geometry": {"type": "Point", "coordinates": [126.9415965, 37.48705374]}, "properties": {"name": "은천동공영주차장", "spaces": 21, "address": "서울특별시 관악구 국회단지4길 32", "type": "노외", "category": "공영", "gu": "관악구", "dong": "은천동", "data_date": "2026-04-16"}}, {"type": "Feature", "geometry": {"type": "Point", "coordinates": [126.9155924, 37.46205365]}, "properties": {"name": "난향공영주차장", "spaces": 22, "address": "서울특별시 관악구 난향7길 14", "type": "노외", "category": "공영", "gu": "관악구", "dong": "난향동", "data_date": "2026-04-16"}}, {"type": "Feature", "geometry": {"type": "Point", "coordinates": [126.9792771, 37.47567778]}, "properties": {"name": "남현소공원공영주차장", "spaces": 97, "address": "서울특별시 관악구 남현1길 28", "type": "노외", "category": "공영", "gu": "관악구", "dong": "남현동", "data_date": "2026-04-16"}}, {"type": "Feature", "geometry": {"type": "Point", "coordinates": [126.9242983, 37.46906095]}, "properties": {"name": "난곡스마트공영주차장", "spaces": 117, "address": "서울특별시 관악구 난곡로26길 94", "type": "노외", "category": "공영", "gu": "관악구", "dong": "난곡동", "data_date": "2026-04-16"}}, {"type": "Feature", "geometry": {"type": "Point", "coordinates": [126.933436, 37.46411875]}, "properties": {"name": "삼성동제2공영주차장", "spaces": 70, "address": "서울특별시 관악구 호암로16길 36", "type": "노외", "category": "공영", "gu": "관악구", "dong": "삼성동", "data_date": "2026-04-16"}}, {"type": "Feature", "geometry": {"type": "Point", "coordinates": [126.942554, 37.481026]}, "properties": {"name": "관악초공영주차장", "spaces": 151, "address": "서울특별시 관악구 청룡4길 49", "type": "노외", "category": "공영", "gu": "관악구", "dong": "청룡동", "data_date": "2026-04-16"}}, {"type": "Feature", "geometry": {"type": "Point", "coordinates": [126.911268, 37.469348]}, "properties": {"name": "민방위교육장공영주차장", "spaces": 42, "address": "서울특별시 관악구 문성로16다길 135", "type": "노외", "category": "공영", "gu": "관악구", "dong": "미성동", "data_date": "2026-04-16"}}, {"type": "Feature", "geometry": {"type": "Point", "coordinates": [126.922184, 37.485119]}, "properties": {"name": "남부초공영주차장", "spaces": 134, "address": "서울특별시 관악구 남부순환로163길 14", "type": "노외", "category": "공영", "gu": "관악구", "dong": "신사동", "data_date": "2026-04-16"}}, {"type": "Feature", "geometry": {"type": "Point", "coordinates": [126.932678, 37.492357]}, "properties": {"name": "당곡중공영주차장", "spaces": 159, "address": "서울특별시 관악구 봉천로 13길 101", "type": "노외", "category": "공영", "gu": "관악구", "dong": "보라매동", "data_date": "2026-04-16"}}, {"type": "Feature", "geometry": {"type": "Point", "coordinates": [126.923465, 37.487364]}, "properties": {"name": "신림동제1공영주차장", "spaces": 187, "address": "서울특별시 관악구 관천로 98", "type": "노외", "category": "공영", "gu": "관악구", "dong": "신림동", "data_date": "2026-04-16"}}, {"type": "Feature", "geometry": {"type": "Point", "coordinates": [126.919922, 37.476383]}, "properties": {"name": "미성동제4공영주차장", "spaces": 79, "address": "서울특별시 관악구 난우10가길 2", "type": "노외", "category": "공영", "gu": "관악구", "dong": "미성동", "data_date": "2026-04-16"}}, {"type": "Feature", "geometry": {"type": "Point", "coordinates": [126.9228283, 37.466806]}, "properties": {"name": "난우중공영주차장", "spaces": 71, "address": "서울특별시 관악구 난곡로 16길 32", "type": "노외", "category": "공영", "gu": "관악구", "dong": "난곡동", "data_date": "2026-04-16"}}, {"type": "Feature", "geometry": {"type": "Point", "coordinates": [126.9231529, 37.47221023]}, "properties": {"name": "난곡동제1공영주차장", "spaces": 119, "address": "서울특별시 관악구 난곡로 34길 71", "type": "노외", "category": "공영", "gu": "관악구", "dong": "난곡동", "data_date": "2026-04-16"}}, {"type": "Feature", "geometry": {"type": "Point", "coordinates": [126.915444, 37.48444806]}, "properties": {"name": "신사동제1공영주차장", "spaces": 41, "address": "서울특별시 관악구 남부순환로 153길 51", "type": "노외", "category": "공영", "gu": "관악구", "dong": "신사동", "data_date": "2026-04-16"}}, {"type": "Feature", "geometry": {"type": "Point", "coordinates": [126.934495, 37.488508]}, "properties": {"name": "보라매제1공영주차장", "spaces": 131, "address": "서울특별시 관악구 봉천로 21길 38", "type": "노외", "category": "공영", "gu": "관악구", "dong": "보라매동", "data_date": "2026-04-16"}}, {"type": "Feature", "geometry": {"type": "Point", "coordinates": [126.929213, 37.470107]}, "properties": {"name": "원신공영주차장", "spaces": 172, "address": "서울특별시 관악구 양지길 63", "type": "노외", "category": "공영", "gu": "관악구", "dong": "삼성동", "data_date": "2026-04-16"}}, {"type": "Feature", "geometry": {"type": "Point", "coordinates": [126.905712, 37.481073]}, "properties": {"name": "조원동제1공영주차장", "spaces": 108, "address": "서울특별시 관악구 조원중앙로2길 19", "type": "노외", "category": "공영", "gu": "관악구", "dong": "조원동", "data_date": "2026-04-16"}}, {"type": "Feature", "geometry": {"type": "Point", "coordinates": [126.960471, 37.479744]}, "properties": {"name": "행운동제1공영주차장", "spaces": 141, "address": "서울특별시 관악구 행운4길 21", "type": "노외", "category": "공영", "gu": "관악구", "dong": "행운동", "data_date": "2026-04-16"}}, {"type": "Feature", "geometry": {"type": "Point", "coordinates": [126.9650186, 37.47577785]}, "properties": {"name": "인헌시장노상공영주차장", "spaces": 11, "address": "서울특별시 관악구 봉천동 1693-66", "type": "노상", "category": "공영", "gu": "관악구", "dong": "인헌동", "data_date": "2026-04-16"}}, {"type": "Feature", "geometry": {"type": "Point", "coordinates": [126.9258893, 37.48702997]}, "properties": {"name": "신림동제3공영주차장", "spaces": 37, "address": "서울특별시 관악구 신림동 1467-12", "type": "노상", "category": "공영", "gu": "관악구", "dong": "신림동", "data_date": "2026-04-16"}}, {"type": "Feature", "geometry": {"type": "Point", "coordinates": [126.9272563, 37.48263121]}, "properties": {"name": "신원시장공영주차장", "spaces": 40, "address": "서울특별시 관악구 신림동 1587-38", "type": "노상", "category": "공영", "gu": "관악구", "dong": "신원동", "data_date": "2026-04-16"}}, {"type": "Feature", "geometry": {"type": "Point", "coordinates": [126.9171196, 37.48667825]}, "properties": {"name": "신사시장공영주차장", "spaces": 13, "address": "서울특별시 관악구 신림동 494-38", "type": "노외", "category": "공영", "gu": "관악구", "dong": "신사동", "data_date": "2026-04-16"}}, {"type": "Feature", "geometry": {"type": "Point", "coordinates": [126.9258029, 37.48462166]}, "properties": {"name": "신림동제2공영주차장", "spaces": 33, "address": "서울특별시 관악구 신림동 1433-164", "type": "노상", "category": "공영", "gu": "관악구", "dong": "신림동", "data_date": "2026-04-16"}}, {"type": "Feature", "geometry": {"type": "Point", "coordinates": [126.9275257, 37.48277655]}, "properties": {"name": "서원동제1공영주차장", "spaces": 18, "address": "서울특별시 관악구 신림동 1642-7", "type": "노상", "category": "공영", "gu": "관악구", "dong": "신원동", "data_date": "2026-04-16"}}, {"type": "Feature", "geometry": {"type": "Point", "coordinates": [126.9031094, 37.483543]}, "properties": {"name": "조원동제2공영주차장", "spaces": 17, "address": "서울특별시 관악구 신림동 1675-8", "type": "노상", "category": "공영", "gu": "관악구", "dong": "조원동", "data_date": "2026-04-16"}}, {"type": "Feature", "geometry": {"type": "Point", "coordinates": [126.9311088, 37.46797457]}, "properties": {"name": "삼성동제1공영주차장", "spaces": 74, "address": "서울특별시 관악구 신림동 808-500", "type": "노상", "category": "공영", "gu": "관악구", "dong": "삼성동", "data_date": "2026-04-16"}}, {"type": "Feature", "geometry": {"type": "Point", "coordinates": [126.9590433, 37.47811545]}, "properties": {"name": "낙성대제1공영주차장", "spaces": 20, "address": "서울특별시 관악구 봉천동 1693-62", "type": "노상", "category": "공영", "gu": "관악구", "dong": "낙성대동", "data_date": "2026-04-16"}}, {"type": "Feature", "geometry": {"type": "Point", "coordinates": [126.959844, 37.47499084]}, "properties": {"name": "낙성대제2공영주차장", "spaces": 20, "address": "서울특별시 관악구 봉천동 220-8", "type": "노상", "category": "공영", "gu": "관악구", "dong": "낙성대동", "data_date": "2026-04-16"}}, {"type": "Feature", "geometry": {"type": "Point", "coordinates": [126.9252104, 37.48306952]}, "properties": {"name": "신원동제1공영주차장", "spaces": 23, "address": "서울특별시 관악구 남부순환로172길 13", "type": "노외", "category": "공영", "gu": "관악구", "dong": "신원동", "data_date": "2026-04-16"}}, {"type": "Feature", "geometry": {"type": "Point", "coordinates": [127.0344246, 37.57197256]}, "properties": {"name": "용두유수지공영", "spaces": 50, "address": "서울특별시 동대문구 청계천로525", "type": "노외", "category": "공영", "gu": "동대문구", "dong": "용신동", "data_date": "2026-04-16"}}, {"type": "Feature", "geometry": {"type": "Point", "coordinates": [127.0349611, 37.57978654]}, "properties": {"name": "정릉천복개공영", "spaces": 143, "address": "서울특별시 동대문구 정릉천동로 83", "type": "노외", "category": "공영", "gu": "동대문구", "dong": "제기동", "data_date": "2026-04-16"}}, {"type": "Feature", "geometry": {"type": "Point", "coordinates": [127.0687101, 37.56226142]}, "properties": {"name": "덕원주차장", "spaces": 77, "address": "서울특별시 동대문구 장한로6길 54", "type": "노외", "category": "공영", "gu": "동대문구", "dong": "장안1동", "data_date": "2026-04-16"}}, {"type": "Feature", "geometry": {"type": "Point", "coordinates": [127.0375862, 37.58060041]}, "properties": {"name": "서울약령시", "spaces": 196, "address": "서울특별시 동대문구 약령중앙로 26", "type": "노외", "category": "공영", "gu": "동대문구", "dong": "제기동", "data_date": "2026-04-16"}}, {"type": "Feature", "geometry": {"type": "Point", "coordinates": [127.0695883, 37.59003508]}, "properties": {"name": "견인차량보관소", "spaces": 40, "address": "서울특별시 동대문구 한천로326", "type": "노외", "category": "공영", "gu": "동대문구", "dong": "휘경2동", "data_date": "2026-04-16"}}, {"type": "Feature", "geometry": {"type": "Point", "coordinates": [127.0695883, 37.59003508]}, "properties": {"name": "휘경유수지", "spaces": 53, "address": "서울특별시 동대문구 한천로326", "type": "노외", "category": "공영", "gu": "동대문구", "dong": "휘경2동", "data_date": "2026-04-16"}}, {"type": "Feature", "geometry": {"type": "Point", "coordinates": [127.0626233, 37.59503764]}, "properties": {"name": "외대주차빌딩", "spaces": 83, "address": "서울특별시 동대문구 휘경로28", "type": "노외", "category": "공영", "gu": "동대문구", "dong": "이문1동", "data_date": "2026-04-16"}}, {"type": "Feature", "geometry": {"type": "Point", "coordinates": [127.0686919, 37.56550691]}, "properties": {"name": "신일피혁공영", "spaces": 17, "address": "서울특별시 동대문구 장한로12길18", "type": "노상", "category": "공영", "gu": "동대문구", "dong": "장안1동", "data_date": "2026-04-16"}}, {"type": "Feature", "geometry": {"type": "Point", "coordinates": [127.0355354, 37.58191245]}, "properties": {"name": "정릉천변공영", "spaces": 58, "address": "서울특별시 동대문구 정릉천동로107", "type": "노상", "category": "공영", "gu": "동대문구", "dong": "제기동", "data_date": "2026-04-16"}}, {"type": "Feature", "geometry": {"type": "Point", "coordinates": [127.0504071, 37.5700305]}, "properties": {"name": "신답고가공영", "spaces": 22, "address": "서울특별시 동대문구 고미술로11", "type": "노상", "category": "공영", "gu": "동대문구", "dong": "답십리1동", "data_date": "2026-04-16"}}, {"type": "Feature", "geometry": {"type": "Point", "coordinates": [127.0275891, 37.57303077]}, "properties": {"name": "용두동청계공영", "spaces": 23, "address": "서울특별시 동대문구 청계천로 5길 47", "type": "노상", "category": "공영", "gu": "동대문구", "dong": "용신동", "data_date": "2026-04-16"}}, {"type": "Feature", "geometry": {"type": "Point", "coordinates": [127.0586628, 37.56472665]}, "properties": {"name": "답십리부품상가공영", "spaces": 72, "address": "서울특별시 동대문구 황물로 17길13", "type": "노상", "category": "공영", "gu": "동대문구", "dong": "답십리2동", "data_date": "2026-04-16"}}, {"type": "Feature", "geometry": {"type": "Point", "coordinates": [127.0409546, 37.57913563]}, "properties": {"name": "청량리시장제1공영", "spaces": 42, "address": "서울특별시 동대문구 경동시장로 1", "type": "노상", "category": "공영", "gu": "동대문구", "dong": "제기동", "data_date": "2026-04-16"}}, {"type": "Feature", "geometry": {"type": "Point", "coordinates": [127.0403784, 37.5807432]}, "properties": {"name": "청량리시장제2공영", "spaces": 43, "address": "서울특별시 동대문구 경동시장로19-1", "type": "노상", "category": "공영", "gu": "동대문구", "dong": "제기동", "data_date": "2026-04-16"}}, {"type": "Feature", "geometry": {"type": "Point", "coordinates": [127.040656, 37.58242616]}, "properties": {"name": "청량리시장제3공영", "spaces": 66, "address": "서울특별시 동대문구 경동시장로40", "type": "노상", "category": "공영", "gu": "동대문구", "dong": "제기동", "data_date": "2026-04-16"}}, {"type": "Feature", "geometry": {"type": "Point", "coordinates": [127.0557123, 37.5882912]}, "properties": {"name": "회기역2번공영", "spaces": 47, "address": "서울특별시 동대문구 망우로21", "type": "노상", "category": "공영", "gu": "동대문구", "dong": "휘경1동", "data_date": "2026-04-16"}}, {"type": "Feature", "geometry": {"type": "Point", "coordinates": [127.0565123, 37.5900412]}, "properties": {"name": "회기역1번공영", "spaces": 13, "address": "서울특별시 동대문구 회기로185", "type": "노상", "category": "공영", "gu": "동대문구", "dong": "휘경1동", "data_date": "2026-04-16"}}, {"type": "Feature", "geometry": {"type": "Point", "coordinates": [127.0268997, 37.51377724]}, "properties": {"name": "논현문화마루", "spaces": 66, "address": "서울특별시 강남구 논현로131길 40", "type": "부설", "category": "공영", "gu": "강남구", "dong": "논현1동", "data_date": "2026-04-15"}}, {"type": "Feature", "geometry": {"type": "Point", "coordinates": [127.0388804, 37.4883103]}, "properties": {"name": "도곡정보문화도서관", "spaces": 57, "address": "서울특별시 강남구 도곡로18길 57", "type": "부설", "category": "공영", "gu": "강남구", "dong": "도곡1동", "data_date": "2026-04-15"}}, {"type": "Feature", "geometry": {"type": "Point", "coordinates": [127.0320288, 37.49649918]}, "properties": {"name": "역삼푸른솔도서관", "spaces": 45, "address": "서울특별시 강남구 테헤란로8길 36", "type": "부설", "category": "공영", "gu": "강남구", "dong": "역삼1동", "data_date": "2026-04-15"}}, {"type": "Feature", "geometry": {"type": "Point", "coordinates": [127.0521228, 37.51591066]}, "properties": {"name": "삼성로별관 부설", "spaces": 42, "address": "서울특별시 강남구 삼성로628", "type": "부설", "category": "공영", "gu": "강남구", "dong": "삼성1동", "data_date": "2026-04-15"}}, {"type": "Feature", "geometry": {"type": "Point", "coordinates": [127.0470598, 37.51796816]}, "properties": {"name": "구청 부설", "spaces": 120, "address": "서울특별시 강남구 학동로426", "type": "부설", "category": "공영", "gu": "강남구", "dong": "삼성2동", "data_date": "2026-04-15"}}, {"type": "Feature", "geometry": {"type": "Point", "coordinates": [127.0285547, 37.5122317]}, "properties": {"name": "논현제2호", "spaces": 78, "address": "서울특별시 강남구 학동로 20길 13", "type": "노외", "category": "공영", "gu": "강남구", "dong": "논현1동", "data_date": "2026-04-15"}}, {"type": "Feature", "geometry": {"type": "Point", "coordinates": [127.0296765, 37.5009602]}, "properties": {"name": "역삼문화공원 제1호 공영주차장", "spaces": 247, "address": "서울특별시 강남구 테헤란로7길 21", "type": "노외", "category": "공영", "gu": "강남구", "dong": "역삼1동", "data_date": "2026-04-15"}}, {"type": "Feature", "geometry": {"type": "Point", "coordinates": [127.0246023, 37.510693]}, "properties": {"name": "논현 제1호", "spaces": 88, "address": "서울특별시 강남구 학동로6길 19", "type": "노외", "category": "공영", "gu": "강남구", "dong": "논현1동", "data_date": "2026-04-15"}}, {"type": "Feature", "geometry": {"type": "Point", "coordinates": [127.0497487, 37.4771384]}, "properties": {"name": "개포4문화센터", "spaces": 43, "address": "서울특별시 강남구 개포로24길33", "type": "노외", "category": "공영", "gu": "강남구", "dong": "개포4동", "data_date": "2026-04-15"}}, {"type": "Feature", "geometry": {"type": "Point", "coordinates": [127.1141389, 37.4742623]}, "properties": {"name": "밤고개로21길", "spaces": 105, "address": "서울특별시 강남구 밤고개로21길 71", "type": "노외", "category": "공영", "gu": "강남구", "dong": "세곡동", "data_date": "2026-04-15"}}, {"type": "Feature", "geometry": {"type": "Point", "coordinates": [127.1055381, 37.46462117]}, "properties": {"name": "대왕초교", "spaces": 101, "address": "서울특별시 강남구 헌릉로 618길 8", "type": "노외", "category": "공영", "gu": "강남구", "dong": "세곡동", "data_date": "2026-04-15"}}, {"type": "Feature", "geometry": {"type": "Point", "coordinates": [127.0811328, 37.4923004]}, "properties": {"name": "영희초교", "spaces": 184, "address": "서울특별시 강남구 일원로21", "type": "노외", "category": "공영", "gu": "강남구", "dong": "일원1동", "data_date": "2026-04-15"}}, {"type": "Feature", "geometry": {"type": "Point", "coordinates": [127.0817444, 37.48956502]}, "properties": {"name": "일원1동(기계식)", "spaces": 66, "address": "서울특별시 강남구 양재대로 27길 5", "type": "노외", "category": "공영", "gu": "강남구", "dong": "일원1동", "data_date": "2026-04-15"}}, {"type": "Feature", "geometry": {"type": "Point", "coordinates": [127.0793181, 37.494949]}, "properties": {"name": "대청역", "spaces": 161, "address": "서울특별시 강남구 개포로 623-1", "type": "노외", "category": "공영", "gu": "강남구", "dong": "일원2동", "data_date": "2026-04-15"}}, {"type": "Feature", "geometry": {"type": "Point", "coordinates": [127.0683804, 37.5086351]}, "properties": {"name": "탄천주차장", "spaces": 430, "address": "서울특별시 강남구 대치동 78-25", "type": "노외", "category": "공영", "gu": "강남구", "dong": "대치2동", "data_date": "2026-04-15"}}, {"type": "Feature", "geometry": {"type": "Point", "coordinates": [127.0877673, 37.4931481]}, "properties": {"name": "탄천제2호", "spaces": 322, "address": "서울특별시 강남구 양재대로 55길28", "type": "노외", "category": "공영", "gu": "강남구", "dong": "일원1동", "data_date": "2026-04-15"}}, {"type": "Feature", "geometry": {"type": "Point", "coordinates": [127.036793, 37.486322]}, "properties": {"name": "언주초교", "spaces": 203, "address": "서울특별시 강남구 남부순환로363길19", "type": "노외", "category": "공영", "gu": "강남구", "dong": "도곡1동", "data_date": "2026-04-15"}}, {"type": "Feature", "geometry": {"type": "Point", "coordinates": [127.0682905, 37.48970641]}, "properties": {"name": "개포동공원", "spaces": 146, "address": "서울특별시 강남구 개포로 509", "type": "노외", "category": "공영", "gu": "강남구", "dong": "개포2동", "data_date": "2026-04-15"}}, {"type": "Feature", "geometry": {"type": "Point", "coordinates": [127.0484223, 37.48202594]}, "properties": {"name": "논현로22길", "spaces": 86, "address": "서울특별시 강남구 개포로25길 32", "type": "노외", "category": "공영", "gu": "강남구", "dong": "개포4동", "data_date": "2026-04-15"}}, {"type": "Feature", "geometry": {"type": "Point", "coordinates": [127.0525106, 37.47591562]}, "properties": {"name": "포이초교", "spaces": 189, "address": "서울특별시 강남구 개포로22길 87", "type": "노외", "category": "공영", "gu": "강남구", "dong": "개포4동", "data_date": "2026-04-15"}}, {"type": "Feature", "geometry": {"type": "Point", "coordinates": [127.0672862, 37.47606527]}, "properties": {"name": "구룡산제2호", "spaces": 127, "address": "서울특별시 강남구 양재대로 478", "type": "노외", "category": "공영", "gu": "강남구", "dong": "개포2동", "data_date": "2026-04-15"}}, {"type": "Feature", "geometry": {"type": "Point", "coordinates": [127.0672862, 37.47606527]}, "properties": {"name": "구룡산제1호", "spaces": 91, "address": "서울특별시 강남구 양재대로 478", "type": "노외", "category": "공영", "gu": "강남구", "dong": "개포2동", "data_date": "2026-04-15"}}, {"type": "Feature", "geometry": {"type": "Point", "coordinates": [127.0239924, 37.52336057]}, "properties": {"name": "신구초교", "spaces": 184, "address": "서울특별시 강남구 압구정로 18길 28", "type": "노외", "category": "공영", "gu": "강남구", "dong": "신사동", "data_date": "2026-04-15"}}, {"type": "Feature", "geometry": {"type": "Point", "coordinates": [127.0544655, 37.49951141]}, "properties": {"name": "도곡초교", "spaces": 195, "address": "서울특별시 강남구 선릉로 64길 33", "type": "노외", "category": "공영", "gu": "강남구", "dong": "대치4동", "data_date": "2026-04-15"}}, {"type": "Feature", "geometry": {"type": "Point", "coordinates": [127.0262229, 37.50848958]}, "properties": {"name": "논현초교", "spaces": 181, "address": "서울특별시 강남구 강남대로 120길33", "type": "노외", "category": "공영", "gu": "강남구", "dong": "논현1동", "data_date": "2026-04-15"}}, {"type": "Feature", "geometry": {"type": "Point", "coordinates": [127.0641674, 37.50230433]}, "properties": {"name": "대치2문화센터", "spaces": 156, "address": "서울특별시 강남구 영동대로 65길 24", "type": "노외", "category": "공영", "gu": "강남구", "dong": "대치2동", "data_date": "2026-04-15"}}, {"type": "Feature", "geometry": {"type": "Point", "coordinates": [127.0434027, 37.48425157]}, "properties": {"name": "논현로32길15", "spaces": 16, "address": "서울특별시 강남구 논현로 32길15", "type": "노외", "category": "공영", "gu": "강남구", "dong": "도곡2동", "data_date": "2026-04-15"}}, {"type": "Feature", "geometry": {"type": "Point", "coordinates": [127.0447158, 37.52012517]}, "properties": {"name": "언북초교", "spaces": 220, "address": "서울특별시 강남구 삼성로 135길 42", "type": "노외", "category": "공영", "gu": "강남구", "dong": "청담동", "data_date": "2026-04-15"}}, {"type": "Feature", "geometry": {"type": "Point", "coordinates": [127.0303909, 37.50251536]}, "properties": {"name": "역삼문화공원 제2호 공영주차장", "spaces": 50, "address": "서울특별시 강남구 테헤란로7길 32", "type": "노외", "category": "공영", "gu": "강남구", "dong": "역삼1동", "data_date": "2026-04-15"}}, {"type": "Feature", "geometry": {"type": "Point", "coordinates": [127.0270569, 37.52684175]}, "properties": {"name": "압구정428", "spaces": 343, "address": "서울특별시 강남구 압구정로 161", "type": "노외", "category": "공영", "gu": "강남구", "dong": "신사동", "data_date": "2026-04-15"}}, {"type": "Feature", "geometry": {"type": "Point", "coordinates": [127.062632, 37.51433979]}, "properties": {"name": "삼성1동문화센터", "spaces": 66, "address": "서울특별시 강남구 봉은사로 616", "type": "노외", "category": "공영", "gu": "강남구", "dong": "삼성1동", "data_date": "2026-04-15"}}, {"type": "Feature", "geometry": {"type": "Point", "coordinates": [127.0332497, 37.4953545]}, "properties": {"name": "역삼1동문화센터", "spaces": 118, "address": "서울특별시 강남구 역삼로 7길 16", "type": "노외", "category": "공영", "gu": "강남구", "dong": "역삼1동", "data_date": "2026-04-15"}}, {"type": "Feature", "geometry": {"type": "Point", "coordinates": [127.0463796, 37.5103126]}, "properties": {"name": "강남치매안심센터", "spaces": 90, "address": "서울특별시 강남구 선릉로 108길 27", "type": "노외", "category": "공영", "gu": "강남구", "dong": "삼성2동", "data_date": "2026-04-15"}}, {"type": "Feature", "geometry": {"type": "Point", "coordinates": [127.0564652, 37.49767963]}, "properties": {"name": "도곡로421", "spaces": 25, "address": "서울특별시 강남구 도곡로 421", "type": "노외", "category": "공영", "gu": "강남구", "dong": "대치4동", "data_date": "2026-04-15"}}, {"type": "Feature", "geometry": {"type": "Point", "coordinates": [127.0388717, 37.49259279]}, "properties": {"name": "도곡로21길7", "spaces": 75, "address": "서울특별시 강남구 도곡로 21길7", "type": "노외", "category": "공영", "gu": "강남구", "dong": "역삼1동", "data_date": "2026-04-15"}}, {"type": "Feature", "geometry": {"type": "Point", "coordinates": [127.0516645, 37.49615768]}, "properties": {"name": "도곡로327", "spaces": 19, "address": "서울특별시 강남구 도곡로 327", "type": "노외", "category": "공영", "gu": "강남구", "dong": "역삼2동", "data_date": "2026-04-15"}}, {"type": "Feature", "geometry": {"type": "Point", "coordinates": [127.0506429, 37.4981503]}, "properties": {"name": "한티역", "spaces": 33, "address": "서울특별시 강남구 선릉로69길+서울특별시 강남구 선릉로 63길+서울특별시 강남구 도곡로57길", "type": "노상", "category": "공영", "gu": "강남구", "dong": "역삼2동", "data_date": "2026-04-15"}}, {"type": "Feature", "geometry": {"type": "Point", "coordinates": [127.0239924, 37.5233605]}, "properties": {"name": "신사역", "spaces": 31, "address": "서울특별시 강남구 가로수길", "type": "노상", "category": "공영", "gu": "강남구", "dong": "신사동", "data_date": "2026-04-15"}}, {"type": "Feature", "geometry": {"type": "Point", "coordinates": [127.0550466, 37.5050296]}, "properties": {"name": "테헤란로78길", "spaces": 10, "address": "서울특별시 강남구 테헤란로78길", "type": "노상", "category": "공영", "gu": "강남구", "dong": "대치4동", "data_date": "2026-04-15"}}, {"type": "Feature", "geometry": {"type": "Point", "coordinates": [127.065498, 37.5079995]}, "properties": {"name": "영동대로86길", "spaces": 16, "address": "서울특별시 강남구 영동대로86길", "type": "노상", "category": "공영", "gu": "강남구", "dong": "대치2동", "data_date": "2026-04-15"}}, {"type": "Feature", "geometry": {"type": "Point", "coordinates": [127.0525014, 37.5065829]}, "properties": {"name": "테헤란로69길", "spaces": 21, "address": "서울특별시 강남구 테헤란로 69길", "type": "노상", "category": "공영", "gu": "강남구", "dong": "삼성2동", "data_date": "2026-04-15"}}, {"type": "Feature", "geometry": {"type": "Point", "coordinates": [127.0283924, 37.5140664]}, "properties": {"name": "논현로131길", "spaces": 18, "address": "서울특별시 강남구 논현로 131길", "type": "노상", "category": "공영", "gu": "강남구", "dong": "논현1동", "data_date": "2026-04-15"}}, {"type": "Feature", "geometry": {"type": "Point", "coordinates": [127.0680509, 37.504319]}, "properties": {"name": "일원동맛의거리", "spaces": 40, "address": "서울특별시 강남구 일원로 9", "type": "노상", "category": "공영", "gu": "강남구", "dong": "대치2동", "data_date": "2026-04-15"}}, {"type": "Feature", "geometry": {"type": "Point", "coordinates": [127.0681833, 37.5052374]}, "properties": {"name": "대치유수지", "spaces": 47, "address": "서울특별시 강남구 역삼로107길 20-30 외", "type": "노상", "category": "공영", "gu": "강남구", "dong": "대치2동", "data_date": "2026-04-15"}}, {"type": "Feature", "geometry": {"type": "Point", "coordinates": [127.0271688, 37.5309168]}, "properties": {"name": "압구정로29길", "spaces": 130, "address": "서울특별시 강남구 압구정로29길", "type": "노상", "category": "공영", "gu": "강남구", "dong": "압구정동", "data_date": "2026-04-15"}}, {"type": "Feature", "geometry": {"type": "Point", "coordinates": [127.0631233, 37.4990926]}, "properties": {"name": "은마아파트", "spaces": 55, "address": "서울특별시 강남구 삼성로 58길", "type": "노상", "category": "공영", "gu": "강남구", "dong": "대치2동", "data_date": "2026-04-15"}}, {"type": "Feature", "geometry": {"type": "Point", "coordinates": [127.1184316, 37.4698283]}, "properties": {"name": "헌릉로745길", "spaces": 215, "address": "서울특별시 강남구 헌릉로745길", "type": "노상", "category": "공영", "gu": "강남구", "dong": "세곡동", "data_date": "2026-04-15"}}, {"type": "Feature", "geometry": {"type": "Point", "coordinates": [127.0626234, 37.4933415]}, "properties": {"name": "대치동507-3", "spaces": 26, "address": "서울특별시 강남구 삼성로 151길", "type": "노상", "category": "공영", "gu": "강남구", "dong": "대치1동", "data_date": "2026-04-15"}}, {"type": "Feature", "geometry": {"type": "Point", "coordinates": [127.0600561, 37.4938113]}, "properties": {"name": "남부순환로397길", "spaces": 31, "address": "서울특별시 강남구 남부순환로 391길", "type": "노상", "category": "공영", "gu": "강남구", "dong": "대치1동", "data_date": "2026-04-15"}}, {"type": "Feature", "geometry": {"type": "Point", "coordinates": [127.0643199, 37.5109127]}, "properties": {"name": "영동대로96길", "spaces": 35, "address": "서울특별시 강남구 영동대로 96길", "type": "노상", "category": "공영", "gu": "강남구", "dong": "삼성1동", "data_date": "2026-04-15"}}, {"type": "Feature", "geometry": {"type": "Point", "coordinates": [127.0633953, 37.5139455]}, "properties": {"name": "영동대로106길", "spaces": 19, "address": "서울특별시 강남구영동대로106길 33 주변", "type": "노상", "category": "공영", "gu": "강남구", "dong": "삼성1동", "data_date": "2026-04-15"}}, {"type": "Feature", "geometry": {"type": "Point", "coordinates": [127.0446624, 37.4836036]}, "properties": {"name": "논현로28길", "spaces": 66, "address": "서울특별시 강남구 논현로30길 36 주변", "type": "노상", "category": "공영", "gu": "강남구", "dong": "도곡2동", "data_date": "2026-04-15"}}, {"type": "Feature", "geometry": {"type": "Point", "coordinates": [127.0365086, 37.50002424]}, "properties": {"name": "테헤란로26길", "spaces": 9, "address": "서울특별시 강남구 테헤란로 152", "type": "노상", "category": "공영", "gu": "강남구", "dong": "역삼1동", "data_date": "2026-04-15"}}, {"type": "Feature", "geometry": {"type": "Point", "coordinates": [127.0602571, 37.50605387]}, "properties": {"name": "영동대로85길", "spaces": 76, "address": "서울특별시 강남구 대치동 1012-28", "type": "노상", "category": "공영", "gu": "강남구", "dong": "대치2동", "data_date": "2026-04-15"}}, {"type": "Feature", "geometry": {"type": "Point", "coordinates": [127.0512298, 37.5037597]}, "properties": {"name": "테헤란로64길", "spaces": 7, "address": "서울특별시 강남구 테헤란로 412 주변", "type": "노상", "category": "공영", "gu": "강남구", "dong": "대치4동", "data_date": "2026-04-15"}}, {"type": "Feature", "geometry": {"type": "Point", "coordinates": [127.0419888, 37.51806116]}, "properties": {"name": "선릉로132길", "spaces": 17, "address": "서울특별시 강남구 선릉로132길 12-2", "type": "노상", "category": "공영", "gu": "강남구", "dong": "청담동", "data_date": "2026-04-15"}}, {"type": "Feature", "geometry": {"type": "Point", "coordinates": [127.0413577, 37.52183785]}, "properties": {"name": "선릉로146길", "spaces": 30, "address": "서울특별시 강남구 선릉로 748", "type": "노상", "category": "공영", "gu": "강남구", "dong": "청담동", "data_date": "2026-04-15"}}, {"type": "Feature", "geometry": {"type": "Point", "coordinates": [127.032123, 37.5277673]}, "properties": {"name": "언주로171길", "spaces": 28, "address": "서울특별시 강남구 압구정로36길 17 주변", "type": "노상", "category": "공영", "gu": "강남구", "dong": "압구정동", "data_date": "2026-04-15"}}, {"type": "Feature", "geometry": {"type": "Point", "coordinates": [127.0345108, 37.5232251]}, "properties": {"name": "도산대로45길", "spaces": 31, "address": "서울특별시 강남구 도산대로45길 10 주변", "type": "노상", "category": "공영", "gu": "강남구", "dong": "압구정동", "data_date": "2026-04-15"}}, {"type": "Feature", "geometry": {"type": "Point", "coordinates": [127.0323682, 37.5193644]}, "properties": {"name": "언주로147길", "spaces": 13, "address": "서울특별시 강남구 언주로 147길 18 주변", "type": "노상", "category": "공영", "gu": "강남구", "dong": "논현2동", "data_date": "2026-04-15"}}]}